S01B00005241344D325F494F545F50726F6A65637431302E73726563E1
S3150000000088300020653A00009D380000613A000003
S31500000010613A0000613A0000613A0000613A00006E
S31500000020000000000000000000000000613A00002F
S31500000030613A000000000000613A0000613A0000E9
S31500000040912C0000052C0000212D0000692D0000D8
S31500000050D530000021320000B1350000912C00009F
S31500000060052C0000212D0000692D0000B13500008F
S315000000700348044B834202D0034B03B11847704731
S31500000080A0030020A003002000000000064B074943
S31500000090C91A891048BF0131491003D0044B0BB16E
S315000000A001481847704700BFA0030020A0030020A6
S315000000B00000000010B5064C237843B9FFF7D8FFBF
S315000000C0044B13B10448AFF300800123237010BD25
S315000000D0C0030020000000002C93000008B5054B6B
S315000000E01BB105490548AFF30080BDE80840FFF79E
S315000000F0CDBF00BF00000000C40300202C93000009
S315000001004FF47A7103F09EBB2DE9F0410C46374E51
S3150000011082B017466B210122354898468DF8074074
S3150000012002F05EFE3368002B59D1012330481A468F
S315000001300DF1070102F0AAFE3060002848D12D4DCE
S315000001402D4C95F800C0BCF1030F0DD0206878B394
S315000001500121084603F076FB206895F800C00138B7
S31500000160BCF1030F2060F2D101232B70234B4246D2
S315000001702360394600231E4802F038FE306000BB7B
S315000001802A78022A0CD02368BBB14FF47A71012079
S3150000019003F058FB23682A78013B022A2360F3D137
S315000001A001230020154A2B70226002B0BDE8F081C1
S315000001B0BCF1010FD8D100BED6E7012AF0D100BEAE
S315000001C0EEE740F249410E4B0E4A0F4803F032FB70
S315000001D040F237410A4B0B4A0B4803F02BFB40F227
S315000001E03541074B074A084803F024FB4404002026
S315000001F04C0A00200400002000000020A086010018
S315000002003C6E0000B0700000546E00002DE9F04115
S315000002100C46374E82B017465C2101223548984677
S315000002208DF8074002F0DCFD3368002B59D101231D
S3150000023030481A460DF1070102F028FE306000280A
S3150000024048D12D4D2D4C95F800C0BCF1030F0DD0B3
S31500000250206878B30121084603F0F4FA206895F87F
S3150000026000C00138BCF1030F2060F2D101232B70CE
S31500000270234B42462360394600231E4802F0B6FD52
S31500000280306000BB2A78022A0CD02368BBB14FF439
S315000002907A71012003F0D6FA23682A78013B022AF4
S315000002A02360F3D101230020154A2B70226002B08F
S315000002B0BDE8F081BCF1010FD8D100BED6E7012A16
S315000002C0F0D100BEEEE74FF479710E4B0E4A0F489F
S315000002D003F0B0FA40F2D2310A4B0B4A0B4803F056
S315000002E0A9FA4FF47471074B074A084803F0A2FABB
S315000002F0440400204C0A00200400002000000020D6
S31500000300A08601003C6E000088700000546E00005C
S315000003102DE9F041274E0D4690466B2101222648D5
S3150000032000AF1C4602F05CFD3368002B3AD16A46EA
S3150000033004F10803DB08A2EBC3039D466846224688
S315000003404146013400F8015B04F031FD01232246E9
S315000003506946194802F09AFD3060E0B9174D184C0D
S315000003602A78032A0BD023688BB10121084603F0B3
S3150000037069FA23682A78013B032A2360F4D1012312
S315000003800020104A2B702260BD46BDE8F081012A8C
S31500000390F5D100BEF3E740F215410B4B0B4A0C4872
S315000003A003F048FA40F20E41074B084A084803F0AA
S315000003B041FA00BF440400204C0A0020040000203B
S315000003C000000020A08601003C6E0000A070000026
S315000003D0546E00002DE9F041274E0D4690465C21F3
S315000003E00122264800AF1C4602F0FAFC3368002BB7
S315000003F03AD16A4604F10803DB08A2EBC3039D4623
S31500000400684622464146013400F8015B04F0CFFC01
S31500000410012322466946194802F038FD3060E0B9EA
S31500000420174D184C2A78032A0BD023688BB101216B
S31500000430084603F007FA23682A78013B032A23605B
S31500000440F4D101230020104A2B702260BD46BDE87E
S31500000450F081012AF5D100BEF3E74FF46C710B4B26
S315000004600B4A0C4803F0E6F940F2A931074B084A5B
S31500000470084803F0DFF900BF440400204C0A0020BE
S315000004800400002000000020A08601003C6E000051
S3150000049070700000546E00004FF47A7103F0D2B908
S315000004A00379012B08D0022B02D0042B07D070470A
S315000004B001221B4B1A7070471A4A137070471A4A6A
S315000004C01368FE2BF3D819494978022917D810B4B6
S315000004D017498468581CCC54034610600878552880
S315000004E01CBF03F1FF331360062B05D9CB78062B0F
S315000004F002D001220F4B1A605DF8044B70470C497D
S31500000500087855281CBF03F1FF331360062BCED99C
S31500000510CB78062BCBD00122064B1A60704700BF62
S31500000520670500206805002064040020008F000095
S3150000053068040020600400200379022B02D1012206
S31500000540014B1A70704700BF420400202DE9F047A6
S31500000550B2F1000982B019DD8A460025DFF83C8039
S315000005600C4C0D4F01EB09061AF9013B01223846E6
S3150000057001A9019302F022F9C8F8000000B100BEFB
S315000005802378002BFCD056452570EDD1484602B0A5
S31500000590BDE8F087420400201C0A00204404002025
S315000005A00122034B1A7008B102791A70704700BF16
S315000005B0040000200122014B1A707047110400202C
S315000005C00122014B1A707047100400202DE9804863
S315000005D001229BB04FF48271B84802F0A3FE0122BB
S315000005E00221B64802F09EFE01224FF48171B34803
S315000005F002F098FE01224FF4A061B04802F092FE8C
S3150000060000220D21AD4802F08DFEAD49AD4802F045
S315000006101FF9DFF84093C9F80000002840F04B8628
S315000006200B22A949A74802F0C9F8C9F8000000281A
S3150000063054D1A64A1378002BFCD00023A44DA5481C
S31500000640137004F06BFA2846A34902F06DFCC9F852
S315000006500000002840F06C86A049A14802F046FF41
S31500000660C9F80000002840F05C869D4802F07EFF35
S31500000670C9F80000002840F04D869A499A4802F0D1
S31500000680E7F8C9F80000002840F03D8697499848E9
S3150000069002F02CFF002840F02486954802F066FF01
S315000006A0002840F01786934A934E944B944CC6E923
S315000006B00023944B4FF47A710A20C6E9023503F001
S315000006C0C1F82146304601F029F970218E4822787A
S315000006D004F0BCF92378702B02D0FEE700BEA8E731
S315000006E00421304601F0B8F8884F3946304601F00B
S315000006F0E7F83C78002CF8D1032701217E4801F069
S3150000070047F983497C484B78012663F03F034B70D9
S3150000071001F0A2F97F4B784819784FF0100821F0C4
S31500000720030141F00101197001F04CF97A4B72484E
S31500000730197841F00401197001F0C8FB774B6E4837
S315000007409A7867F304029A70196801F0E7FB7F2133
S31500000750734B6948197001F031FC0121664801F0BC
S3150000076043FC0821644801F0E1F80221624801F0E7
S3150000077059F901F097FF01F03BFD204601F0A4FC7A
S31500000780204601F0ADFC01F033FD2246214620460D
S315000007901023009601F07EFE1023214618463246AD
S315000007A0009601F077FE21461023022220200094B5
S315000007B001F070FE2146102330203A46009401F0E5
S315000007C069FE2146102304224020009401F062FEB7
S315000007D001F0A0FC204608234146524ACDE9008696
S315000007E001F00AFE5420434641464F4A009601F066
S315000007F0DDFD01F08FFC4D4B752220462021009334
S315000008000196132301F0CEFE01F084FC4FF47A71B9
S31500000810C82003F017F8464C464B16A92360464BF2
S3150000082020466360454BE560A36000F0E1FDB4211E
S3150000083043489DF8582004F009F99DF85830B42B28
S3150000084000D0FEE73146204600F06CFE00B1FEE720
S315000008500221204600F066FE054600B1FEE701468D
S31500000860204600F05FFE17A92046ADF85C5000F068
S31500000870CDFD40F2036318A92046ADF860308DF82F
S31500000880627000F011FF15A9204600F097FF9DF851
S315000008905430204643F0010315A98DF8543000F07A
S315000008A063FF284B284F099303F10B08274B03F1ED
S315000008B00D0A274B03F10D0BABE000BFF409002036
S315000008C09C8E00001C0A0020686E00004204002076
S315000008D04C0A0020746E0000D08E00006C8E000062
S315000008E0FC090020008F00008C0A0020848E000086
S315000008F00C0A002011030000140400200901000066
S315000009004104002001010000846E00002404002040
S3150000091028040020400400203C0400203804002065
S3150000092034040020F7FF3401A86E000068000020A0
S3150000093000040020D50300000D0200009904000009
S31500000940B06E00001800002067050020240000207B
S3150000095008000020440400209F4B1B78042B00F065
S31500000960F7819E4A13680BB1013B13609C4A1378CA
S315000009700133DBB2632B60D90023994A1370974B7E
S315000009801B68002B00F0EB810123009310235020FD
S315000009901946944A01F00AFD01231022CDE90023ED
S315000009A08D4A20215020127801F026FD01F0B2FB7D
S315000009B08D4B1B78002B40F0F1808C4B1B78002B65
S315000009C040F094808A4B1B78002B40F0B680894B10
S315000009D01B78002B40F0A780874B1B68002B61D14A
S315000009E040F20B11854818AA02F08AFC9DF8603087
S315000009F02BB30023824A1360824B1B68012B40D025
S31500000A00754B1B78042B33D04FF47A71012002F01A
S31500000A1019FF7D4B1B78002B40F099807B4B1C788F
S31500000A20002C99D0012C00F0C981022CC0D16C4A4F
S31500000A301378632B00F2AF8301331370B8E740F6E7
S31500000A40B7316F4802688A4200F2068101320260BD
S31500000A506B4B1B68642BCFD101236B4A13706B4A17
S31500000A601378012B86BF0023684A01331370C3E74E
S31500000A70674A1368B3F5FA6F80F00C81013313608F
S31500000A80C2E700235F4A1360624B1B78552B00F0C8
S31500000A90C882FF2200215F4804F020F900235E4A45
S31500000AA01360ADE75D4804F039F80023524A09990E
S31500000AB013605B4A12788A725A4A1146099211F8F3
S31500000AC0012B13444145DBB2F9D1099A5549D3723A
S31500000AD055480C2201F072FEC9F8000000B100BEB4
S31500000AE03B78002BFCD000233B7079E74FF4FA6388
S31500000AF00124474A4D4913603F4B4D481C6001F0A5
S31500000B0017F80023394A1370484B5B78990640F171
S31500000B102281374A14705A060FD50123354A1370BD
S31500000B20334B1B784BB90023324A424813700223D9
S31500000B303B4A137003F0F2FF4EE700232C4A3E486F
S31500000B4013700123364A137003F0E8FF3FE70025D0
S31500000B502D4B1D7001F04CFB2C4B1C78012C00F02A
S31500000B60EF82022C00F0D582ACB901251023214674
S31500000B702046324A009501F019FC102320461946FA
S31500000B802F4A009501F012FC2046102320212D4A01
S31500000B90009501F00BFC01F0BDFA3FE70023124A75
S31500000BA0294818A9137000F03FFD9DF8603098079A
S31500000BB03FF403AF254C2549234800F0A5FD2068E6
S31500000BC003F02AF9224BC3E90001A06803F024F9D7
S31500000BD0204BC3E90001F0E64C0400206C05002020
S31500000BE0700500204C6F0000100400201104002046
S31500000BF0130400201204002054040020F4090020ED
S31500000C0058040020600400206500002071050020C3
S31500000C105004002068040020640400208C6F00004B
S31500000C204A040020180000208C0A00202C04002012
S31500000C3014040020806F0000746F0000D06E000066
S31500000C40D86E0000E46E000000040020DC030020E3
S31500000C50F8030020F003002040F6B8318A427FF402
S31500000C60CBAE434A434813700123434A137040F600
S31500000C70B933424A136003F051FF08224049414804
S31500000C8001F09CFD00B100BE3B78002BFCD0002398
S31500000C903B70DDE6002357223B483C4903603C4855
S31500000CA08A73027011F8012F13445145DBB2F9D152
S31500000CB0384A57213848937303F0C8FE0F22354946
S31500000CC0304801F07BFDC9F8000000B100BE3B785A
S31500000CD0002BFCD0002618A930483E70ADF86060A5
S31500000CE001F0C2F8BDF9600000F0ACFD10EE100A8C
S31500000CF003F092F800222A4B04460D4605F0F2FD59
S31500000D0003F06AF9FF2183B2B3FBF1F12548264AC5
S31500000D1003800B445173937312F8013F1E445A45E6
S31500000D20F6B2F9D1214B22469E7321482B4603F099
S31500000D308DFE0F221D49134801F040FDC9F8000041
S31500000D4000B100BE3B78002BFCD000233B705BE675
S31500000D50184B1C600AE65B063FF5DFAE32E6012360
S31500000D600093102350201946134A01F01FFB13E687
S31500000D7071050020986F00006500002058040020CF
S31500000D80E47000008C0A002050040020230000209C
S31500000D904B040020240000202470000014040020CE
S31500000DA0000024404804002007000020080000201E
S31500000DB0407000006C050020546F0000B64A13789E
S31500000DC0632B7FF639AE0023B34A1370B34B1B78FF
S31500000DD0002B00F06082012B00F06582022B00F0F0
S31500000DE07182002317A9AE48ADF85C3001F03CF8DB
S31500000DF0BDF95C0000F026FD10EE100AB0EE408A48
S31500000E0003F00AF80C24FCEEC87A01250A460146CE
S31500000E10CDE90045CDE90E12032317EE902A2146AF
S31500000E205A2001F0E9FA2346214600952E226E202B
S31500000E3001F016FADDE90E0100229A4B05F052FD8B
S31500000E4003F0CAF864210246B2FBF1F6022306FB60
S31500000E501122CDE900452146742001F0CDFA18A9EA
S31500000E608F4801F013F8BDF9600000F0DFFC10EECA
S31500000E70100AB0EE409A02F0CFFFCDE90E01BDF99F
S31500000E80620000F0D3FC10EE100AF0EE408A02F089
S31500000E90C3FFCDE91001BDF9640000F0C7FC10EEF8
S31500000EA0100AB0EE408A02F0B7FFB5EEC09AF1EE36
S31500000EB010FACDE912014CBF2D222B2223460095B4
S31500000EC01821242001F0CCF9DDE90E1222F00043AE
S31500000ED003930291DDE9020103F07EF801250C245B
S31500000EE00246CDE90045052318212A2001F084FA9F
S31500000EF0234600952E221821482001F0B1F9DDE99C
S31500000F0002010022674B05F0EDFC03F065F864264C
S31500000F100246B2FBF6FCCDE900450CFB1622022385
S31500000F2018214E2001F068FAF5EEC08A2421F1EE70
S31500000F3010FA23464CBF2D222B220846009501F0BD
S31500000F408FF9DDE9101222F0004305930491DDE9E3
S31500000F50040103F041F801250C240246CDE90045C1
S31500000F60052324212A2001F047FA234600952E2244
S31500000F702421482001F074F9DDE904010022494BDF
S31500000F8005F0B0FC03F028F864260246B2FBF6FC36
S31500000F90CDE900450CFB1622022324214E2001F048
S31500000FA02BFAB5EEC08AF1EE10FA23464CBF2D227D
S31500000FB02B2200953021242001F052F9DDE912128E
S31500000FC022F0004307930691DDE9060103F004F8D9
S31500000FD001250C240246CDE90045052330212A20AF
S31500000FE001F00AFA234600952E223021482001F00E
S31500000FF037F9DDE9060100222A4B05F073FC02F001
S31500001000EBFFCDE9004502466424B2FBF4F502236A
S3150000101030214E2005FB142201F0EEF901F07AF89A
S31500001020C6E4214B5B78AA2B7FF433AD1E4BDB78ED
S31500001030032B3FF62EADDFE803F0475E1E021A4B88
S315000010401A4899791A4B197003F000FD08221949BC
S31500001050194801F0B3FB00B100BE3B78002BFCD071
S3150000106000233B70104B9B79042B7FF412AD0123B8
S31500001070124A13600DE5124803F050FD082211498B
S315000010800D4801F09BFB00B100BE3B78002BFCD065
S3150000109000233B70FDE400BF700500204A040020D9
S315000010A01404002000005940680400200870000065
S315000010B04C040020D47000008C0A00205404002048
S315000010C0EC6F0000DC7000009D4A9E4814461178C3
S315000010D003F0BCFC2378002B40F00A810123082290
S315000010E099499A48237001F069FB00B100BE3B782C
S315000010F0002BFCD0CCE7964803F010FD3122954931
S31500001100924801F05BFB00B100BE3B78002BFCD09F
S31500001110BEE701242946284610238F4A009401F091
S3150000112045F91023284619468C4A009401F03EF9E9
S315000011302846102320218A4A009401F037F92AE52F
S31500001140294628460C23874A009401F02FF90C23E0
S3150000115028461946844A009401F028F90C233C20BD
S315000011601946824A009401F021F928460C231821D9
S315000011707F4A009401F01AF928460C2324217D4A5F
S31500001180009401F013F928460C2330217A4A009482
S3150000119001F00CF9FFE40023784A10251370784B10
S315000011A00126D3E9000102F017FF0423024629466F
S315000011B04820CDE9005601F01FF92E2268202B4663
S315000011C02946009601F04CF86D490022D1E900014C
S315000011D06C4B05F087FB02F0FFFE642102462346B6
S315000011E0B2FBF1F4702004FB1122CDE9005629462A
S315000011F001F002F964490023D1E90001002202F05E
S31500001200C3FE2B46009600283FD12B2220214820E2
S3150000121001F026F85C4E0125336810240A937368A2
S3150000122023F000430B93DDE90A0102F0D5FECDE978
S315000012300045024603232021502001F0DDF8234615
S3150000124000952E222021682001F00AF8336800223A
S315000012500C93736823F000430D93DDE90C01494BB1
S3150000126005F040FB02F0B8FECDE9004502466424D5
S31500001270B2FBF4F502232021702005FB142201F0B5
S31500001280BBF800F047FFFFF793BB2D222021482033
S3150000129000F0E6FFBEE70C23182019463B4A0094EF
S315000012A001F084F89DE500930C2318201946384A6E
S315000012B001F07CF895E54FF48C71364B364A374889
S315000012C002F0B8FA0C2318201946354A009401F0AA
S315000012D06DF886E54FF49A712E4B2F4A2F4802F08F
S315000012E0A9FA40F231112B4B2B4A2C4802F0A2FAF4
S315000012F008222C49154801F061FA00B100BE3B787E
S31500001300002BFCD0C4E640F22D11224B224A234882
S3150000131002F090FA40F229111E4B1F4A1F4802F0B4
S3150000132089FA4FF493711B4B1B4A1C4802F082FA50
S3150000133040F22311174B184A184802F07BFA00BFF7
S315000013405C040020AC6F0000F47000008C0A0020E2
S31500001350C86F000034000020286F0000386F0000BE
S31500001360446F0000F06E0000006F0000086F000080
S31500001370106F0000186F0000206F0000700500203D
S31500001380F803002000005940F00300205C6F0000C5
S31500001390646F00003C6E0000C0700000546E0000D8
S315000013A06C6F0000EC700000022800D07047024904
S315000013B0024802F091B800BF348F0000F409002003
S315000013C030B110B44468C068A4465DF8044B604769
S315000013D04FF0FF30704700BF30B110B40468C068EA
S315000013E0A4465DF8044B60474FF0FF30704700BFDE
S315000013F010B582B00C4601230F210DF10702FFF74D
S31500001400DFFF9DF80730237002B010BD30B583B002
S315000014100D4601230E2101AA0446FFF7D1FF08B1AC
S3150000142003B030BD9DF804102B7801F01F0141EA8E
S3150000143043118DF8041001230E21204601AAFFF75F
S31500001440CBFF0028ECD101236A4619212046FFF77D
S31500001450B7FF0028E4D16B78AA78590102F003039C
S315000014609DF8002001F02001194322F023021143C8
S315000014708DF8001001236A4620461921FFF7ACFFBC
S3150000148003B030BD30B585B00C460123112102AA48
S315000014900546FFF795FF68B39DF808109DF800C054
S315000014A0C1F38003C1F30001C943CCF3401C6FEACA
S315000014B00C0C9DF804208901C2F3C01243EA4203D2
S315000014C09DF80C2001F04001C2F3000543EA8503B4
S315000014D0C2F3400543EAC503C2F3001543EA051308
S315000014E0C2F3401243EA42130B4343EACC13237080
S315000014F005B030BD01232421284601AAFFF760FF6D
S315000015000028C9D101232721284603AAFFF758FF3F
S315000015100028C1D101230B2128466A46FFF750FF58
S31500001520BAE700BF70B584B00D460223112103AAA5
S315000015300446FFF745FFB0B99DF80C30012D9DF824
S315000015400D208DF8043024D0022D47D06DB19DF8C2
S315000015500450012345F004051121204601AA8DF807
S315000015600450FFF739FF04B070BD9DF8045042F0F7
S31500001570010145F008058DF80D10022320461121C2
S3150000158003AA8DF804508DF80C50FFF725FF04B020
S3150000159070BD9DF804202B46112142F0800520469F
S315000015A001AA8DF80450FFF717FF0028DBD1054686
S315000015B002AE0123324624212046FFF701FF70BB0D
S315000015C09DF90830002B2ADAA3680BB10A20984748
S315000015D00135062DEDD14FF0FF30C4E79DF80450DC
S315000015E0012345F004051121204601AA8DF8045077
S315000015F0FFF7F2FE0028B6D1054602AE3146204678
S31500001600FFF740FF58B99DF80830DB0707D5A368F8
S315000016100BB1012098470135062DEFD1DBE7EDB27E
S31500001620052DD8D004B070BD30B585B00C46012369
S31500001630272103AA0546FFF7C3FE28B39DF80C3001
S315000016409DF80810C3F34002C3F3000343EA4203C4
S31500001650C1F3000243EA8203C1F3400243EAC20334
S315000016609DF80420C1F3800143EA0113C2F340113F
S3150000167043EA4113C2F3801143EA811302F0800268
S315000016801343237005B030BD01232421284602AA46
S31500001690FFF796FE0028D1D101232621284601AA6C
S315000016A0FFF78EFECAE700BF30B583B00D460223B2
S315000016B0102101AA0446FFF783FE08B103B030BD2E
S315000016C02B7869789DF804E02046DB00AC789DF81D
S315000016D005C003F0780301F007012EF07F0E1943D1
S315000016E0240141EA0E012CF0300C04F0100444EA07
S315000016F00C048DF804100223102101AA8DF8054070
S31500001700FFF76AFE03B030BD10B582B00C466A46DC
S3150000171005232821FFF754FE9DF804209DF8033089
S315000017209DF8021003EB02231BB207EE903A9DF8D8
S315000017300120A3819DF8003002EB012203EB022376
S315000017401B02DFED086AB8EEE76A07EE103AC6EE4E
S31500001750267ABAEEC67AC4ED027A84ED007A636020
S3150000176002B010BD0000C84230B583B00D4601235B
S31500001770132101AA0446FFF723FE08B103B030BDCA
S315000017802B782046C3F34001C3F3800545EA4105A3
S31500001790C3F3C00145EA81059DF80410C3F30003B5
S315000017A045EA431521F027031D431321012301AA0E
S315000017B08DF80450FFF710FE03B030BD10B50C468F
S315000017C082B001AA01231321FFF7FAFD9DF8042038
S315000017D0C2F34001C2F3401343EA4103C2F30001DE
S315000017E043EA81032178C2F3800243EAC20321F06F
S315000017F00F021343237002B010BD00BF30B110B406
S315000018004468C068A4465DF8044B60474FF0FF305B
S31500001810704700BF30B110B40468C068A4465DF8D4
S31500001820044B60474FF0FF30704700BF07EE900A49
S315000018309FED030AF8EEE77A27EE800A704700BFAD
S3150000184023DB793E00EE100AF3EE097ABAEECC0AF3
S3150000185030EE270A704700BF70B582B0012301AA97
S315000018600D4612210646FFF7C9FF012304466A46C4
S3150000187019463046FFF7C2FF20181FD19DF8001009
S315000018809DF80430A80865F38201C5F3400503F00E
S315000018907E0345EAC01501AA8DF800101D431221EA
S315000018A0012330468DF80450FFF7B4FF01230446A8
S315000018B06A4630461946FFF7ADFF204402B070BDB8
S315000018C070B582B0012301AA0D4612210646FFF724
S315000018D095FF012304466A4630461946FFF78EFFF8
S315000018E0201813D19DF804209DF80010D3095B0041
S315000018F002F0010203EB8203C1F380021344022BC0
S3150000190006D0042B04D033B101232B7002B070BD76
S315000019102B7002B070BD287002B070BD08B50A46C3
S3150000192001230F21FFF76AFF08BD00BF70B582B023
S315000019300C4601236A4610210646FFF75FFF08B1F1
S3150000194002B070BD9DF80010012364F303018DF809
S3150000195000106A4610213046FFF75CFF0028EFD1E1
S315000019602509EDD001AA012362213046FFF746FF83
S315000019709DF80420044665F301028DF80420012336
S315000019806221304601AAFFF745FF204402B070BD30
S3150000199030B583B00D460123122101AA0446FFF794
S315000019A02DFF08B103B030BD9DF80410012365F387
S315000019B086118DF804102046122101AAFFF72AFF8E
S315000019C003B030BD70B582B00D460123502101AA87
S315000019D00646FFF713FF9DF80440012365F3C7147D
S315000019E08DF804405021044601AA3046FFF712FF45
S315000019F0201815D101236A4656213046FFF7FEFE10
S31500001A009DF80020C5F3400565F3000204468DF8F5
S31500001A100020012356216A463046FFF7FBFE20448C
S31500001A2002B070BD30B583B00D460123172101AA5F
S31500001A300446FFF7E3FE08B103B030BD9DF804107D
S31500001A40012365F301018DF804102046172101AA30
S31500001A50FFF7E0FE03B030BD0B781B0765D430B549
S31500001A6083B00C4601236A460D210546FFF7C6FEE4
S31500001A7008B103B030BD23786A46C3F34001C3F30F
S31500001A80000C4CEA410CC3F34011C3F380104CEA3E
S31500001A90C10C4CEA001CC3F3C01361784CEA431C2A
S31500001AA09DF80030C1F300014CEA811C23F07B0352
S31500001AB04CEA030C0D21012328468DF800C0FFF7E0
S31500001AC0A9FE0028D5D101235E21284601AAFFF7E9
S31500001AD095FE0028CDD16378A178C3F3001CC3F32B
S31500001AE0C00444EA4C042846C3F3401544EA85047E
S31500001AF0C3F3C01544EAC504C1F3400544EA05141E
S31500001B00C1F30005C3F3801344EA451444EA831481
S31500001B10C1F3800144EAC11401235E2101AA8DF8B4
S31500001B200440FFF777FE03B030BD4FF0FF3070473B
S31500001B302DE9F04F8BB0012305AA0C46502105462E
S31500001B40FFF75CFE9DF81420064642F008028DF869
S31500001B50142001235021284605AAFFF75BFE3618FC
S31500001B6003D030460BB0BDE8F08F04231B21284676
S31500001B7008AAFFF743FE06460028F2D19DF8233057
S31500001B80E079C3F34001C3F300029DF821C042EAA5
S31500001B904102C3F3800142EA810220F00700C3F349
S31500001BA0C00140EA5C1042EAC102C3F3001194F896
S31500001BB000E042EA0112E071C3F3401042EA40122B
S31500001BC003F080030EF0400E1343A27943EA0E039E
S31500001BD09DF822106778CCF3001C6CF3C7122370B3
S31500001BE0A37827F00307A271C1F3001201F00301E5
S31500001BF062F3C3033943A37061700123502105AA20
S31500001C002846FFF7FBFD07469DF81400012366F3FF
S31500001C10C3008DF814005021284605AAFFF7FAFDE7
S31500001C203E189ED108234421284608AAFFF7E6FD60
S31500001C300646002895D19DF820309DF825C0C3F3AF
S31500001C40800301930123CCF300129DF823E09DF855
S31500001C502280CCF3401192009DF821A042EAC102F5
S31500001C604FEADC110EEA030042EA0112C8F3420110
S31500001C704FEA8A0941EA0011CEF3400041EA4011D9
S31500001C8009F01C0908F02000CAF3801B49EA000984
S31500001C90CEF30110CAF3001A40EA8B0094F803B0A1
S31500001CA09DF82670CCF3C00C40EACA009DF8276068
S31500001CB040EA0C102BF01F0B029140EA0B0007EADA
S31500001CC0030194F801A042EA4112E07006EA03011A
S31500001CD0C8F30010490108EA030849EA801041EAFE
S31500001CE0D7010AF0030A40EAC810039140EA0A0045
S31500001CF0029994F802C06070CEF3800041EA801029
S31500001D00CEF3C00E0CF0080C40EACE1040EA0C00F0
S31500001D1094F804B0A070C7F3400042EA8012C7F3FB
S31500001D2080070BF0030B42EAC71242EA0B02019945
S31500001D3022712278C6F3400061F38612039922705D
S31500001D40A27941EA8011C6F38000C6F3C00641EAD3
S31500001D50C01166F300026171A2711946284607AAEE
S31500001D60FFF74CFD064600286DD00123072104AA83
S31500001D702846FFF743FD01236421064406AA2846A8
S31500001D80FFF73CFD012306441946284607AAFFF73C
S31500001D9035FD00284AD036187FF4E3AE9DF81810BA
S31500001DA02846C1F34013C1F380051B019DF810605E
S31500001DB043EA4513257906F0030625F00305354366
S31500001DC0E7782571C1F3C00543EA8513C1F3001115
S31500001DD043EAC11307F00F073B43E3704821012391
S31500001DE007AAFFF70BFD064600287FF4BAAE9DF85A
S31500001DF01C20C2F30003C2F3C0015B0043EA810367
S31500001E00C2F3001143EAC103C2F3401143EA0113CE
S31500001E10C2F3801143EA4113A179C2F3C01243EA27
S31500001E20821321F07E021343A3719AE69DF81C30BB
S31500001E30284603F03F038DF81C30012307AA1946F4
S31500001E40FFF7E8FCA7E701239DF81C20284602F0CF
S31500001E503F0262F07F028DF81C20194607AAFFF7A1
S31500001E60D9FC064681E700BF10B582B00C460223B6
S31500001E70202101AAFFF7C2FC30B99DF805209DF884
S31500001E80043003EB0223238002B010BD10B582B0EC
S31500001E900C46062328216A46FFF7B0FCA0B99DF838
S31500001EA001209DF800309DF8031003EB02232380E8
S31500001EB09DF802309DF8052003EB012363809DF811
S31500001EC0043003EB0223A38002B010BD30B583B00B
S31500001ED00D460123562101AA0446FFF78FFC08B1DF
S31500001EE003B030BDC5F3800CC5F340034FEA4C0C7C
S31500001EF04CEA830C9DF80430C5F300014CEAC10C92
S31500001F0023F00E034CEA030C56210123204601AAB6
S31500001F108DF804C0FFF77EFC03B030BD30B587B046
S31500001F200123019105AA57210546FFF767FC012306
S31500001F305821044604AA2846FFF760FC01230444FE
S31500001F405921284603AAFFF759FC201833D19DF8DA
S31500001F5004009DF814409DF80510C0F3040060F3DA
S31500001F6004049DF810009DF80630C1F3040161F3E6
S31500001F7004009DF80C10C3F3040363F3040103AAE1
S31500001F8001238DF810008DF80C10284659218DF884
S31500001F901440FFF73FFC01235821044604AA2846B3
S31500001FA0FFF738FC844601235721284605AA6444D6
S31500001FB0FFF730FC204407B030BD00BF30B583B01A
S31500001FC00C4601235A2101AA0546FFF717FC08B162
S31500001FD003B030BD01235A21284601AA8DF80440DA
S31500001FE0FFF718FC03B030BD30B583B00D460123B2
S31500001FF05B2101AA0446FFF701FC08B103B030BD1E
S315000020009DF80410012365F3C7118DF804102046CE
S315000020105B2101AAFFF7FEFB03B030BD70B5224E6F
S3150000202004460D4601223C21204882B000F0D8FE2D
S31500002030336863BBADF804302DBB012302221B4875
S3150000204001A98DF8054000F021FF306028BB184D2E
S31500002050184C2A78032A10D0236809E0012164204D
S3150000206001F0F0FB23682A78013B032A236004D0A1
S31500002070002BF3DC012A00D100BE01230E4A2B708F
S31500002080226002B070BD40238DF80430D5E7672189
S315000020900A4B0B4A0B4801F0CDFB7021074B084A4F
S315000020A0084801F0C7FB00BF440400204C0A00208A
S315000020B00400002000000020A08601003C6E000005
S315000020C00C7100006070000030B1012800D070472C
S315000020D00021A720FFF7A2BF0146A620FFF79EBF5B
S315000020E010B5044660B1012800D010BD0021C02003
S315000020F0FFF794FFBDE810400021A020FFF78EBF38
S315000021000146C820FFF78AFF2146BDE81040A120FE
S31500002110FFF784BF2DE9F0472D4E402334464FF09C
S315000021200108A2B02B4D08368DF80430C4F1B00773
S3150000213038190021C0B2FFF771FF00210846FFF7EA
S315000021406DFF00211020FFF769FF002301AA14F894
S3150000215033100133802B02F8011FF8D101223C21F4
S31500002160284600F03DFE01238122284601A900F001
S315000021708DFE38BBDFF87090DFF870A099F800206C
S31500002180032A14D0DAF800300CE00121642001F0B3
S3150000219059FBDAF8003099F80020013B032ACAF807
S315000021A0003004D0002BF0DC012A00D100BE0A4B1F
S315000021B00134B44289F80080CAF80030B8D122B0A0
S315000021C0BDE8F087BF21054B054A064801F032FB02
S315000021D0740500204C0A0020A08601003C6E000019
S315000021E0FC70000060700000040000200000002069
S315000021F000200A4BA3F1080203F5806143F8080C9E
S3150000220008338B42FAD10021054B02F20C4243F807
S31500002210081C08339A42FAD1FFF77CBF7C050020E0
S3150000222080050020012310B50C4C01F0070E04EBCD
S31500002230C00C03FA0EF3C9081CF801C0C000DBB2DB
S315000022402AB143EA0C0C044404F801C010BD2CEA80
S31500002250030C044404F801C010BD00BF740500203F
S315000022602DE9F04F203A89B0082B9DF84880D4B26A
S315000022704FEA530C00F08A8013F0070218BF0122C0
S3150000228002EBD30212FB0CF212F0FF0A4AD0434AC9
S31500002290434F02EB041909EB0A02DFF80CE1039243
S315000022A0404A04EB440504EBC40402EB850A07EB41
S315000022B0450B0EEB840EA3F10802059376464B46BA
S315000022C0D146DA468346CDE906C00492049A102A1E
S315000022D028D8DFE802F05E2727274F2727274A2737
S315000022E02727272727272A00059A0BF10100082A06
S315000022F0DDE900312C465FFA80FB03F101030AF1A8
S31500002300010A06F1010609F1010939D0079A069872
S31500002310ABEB0205854208BF9346039A08BF2146E8
S315000023209342D3D109B0BDE8F08F01F108023578A8
S3150000233002922C46CDE900310D469DF808700AE060
S31500002340424629465846FFF76DFF691CCDB2BD428D
S315000023504FEA5404C8D0E307F2D4B8FA88F2294603
S3150000236058465209FFF75EFFEFE701F108021D78B4
S315000023700292DEE701F1080299F800500292D8E7CE
S31500002380039A9342CED09AF80050D2E74FF0060A4D
S315000023907DE701F108020292F5E700BFE081000047
S315000023A0448C0000D0870000847400002DE9F043BF
S315000023B0154612789946A2F1200383B05E2B9DF84C
S315000023C0287015D804460E464FEA590820464B4653
S315000023D031460097FFF744FF15F8012FB9F1080FB2
S315000023E0A2F120000CBF063444445E28E4B2EDD9C5
S315000023F003B0BDE8F08300BF2DE9F04F83B09DF830
S3150000240030709DF83490A7F10804B4FA84F4640996
S3150000241073B383460E4690466400013BDFF870A016
S3150000242004EB5705DCB22346013CE4B26BB322460B
S315000024300123013AD2B203EB8303FF2A4FEA430397
S31500002440F7D1B8FBF3F3AAFB0312D20802EB820220
S31500002450B3EB42020FD13B46302231465846CDF807
S315000024600090FFF7FDFEAB44FF2C5FFA8BFBDAD141
S3150000247003B0BDE8F08F30323B4631465846CDF8C2
S315000024800090D2B2FFF7ECFEEDE74346DBE700BF74
S31500002490CDCCCCCC2DE9F04F994613F0070318BFED
S315000024A0012303EBD9038B4603FB09F187B09DF8A3
S315000024B0408000295FD0374B374C03EB4213591845
S315000024C005913649064601EB422C354901EBC2110E
S315000024D002EBC20204EBC20A5246CA468946BAF168
S315000024E0200F53D04AD8BAF1100F4DD0BAF1180FB9
S315000024F041D115780BF108072C46CDE9032ACDF812
S3150000250004908246E1465D46FFB202930AE0294600
S3150000251042463046FFF786FE691CCDB2BD424FEA01
S3150000252054040ED0E307F2D4B8FA88F229463046AE
S315000025305209FFF777FE691CCDB2BD424FEA54043B
S31500002540F0D150462C46CC46DDE901930136F6B271
S31500002550DDF810A0351A05995545039A03F10103D4
S3150000256004BFA34606468B4202F101020CF1010CA0
S3150000257009F10109B3D107B0BDE8F08FBAF1400FF8
S31500002580F9D19CF80050B5E71D78B3E799F80050EB
S31500002590B0E700BFE47300009C7300001C710000EC
S315000025A01C7300002DE9F04F8E4613F0070118BF8B
S315000025B0012189B011EBD3069DF84C906AD0002416
S315000025C083462546A0461046DC46079600285DD081
S315000025D0012700EB0804A3B2049305950390069423
S315000025E0129A08F1010312F808501FFA83F82C4BCF
S315000025F00EF1080A03EBCB06CDE9018E7446B04610
S315000026005FFA8AFA4E46E14610E018F800C0D2B2E8
S315000026104CEA020E2CEA020C002E3ED008F800E02E
S31500002620611CCCB2A2454FEA550515D004F007024D
S3150000263015F0010FC4F3C70007FA02F2E5D1B6FAA6
S3150000264086F2214658465209FFF7ECFD611CCCB2D2
S31500002650A2454FEA5505E9D1CC460BF1010B5FFACD
S315000026608BFB039AABEB0C039342DDF80480049BCF
S3150000267008BFE346DDF808E008BFD6469845B146F0
S31500002680AED11046069C059D1FFA84F8079B0135BE
S31500002690AB429BD109B0BDE8F08F08F800C0BFE798
S315000026A07405002008B50021AE20FFF7B7FC002115
S315000026B00846FFF7B3FC00211020FFF7AFFC00210E
S315000026C04020FFF7ABFC00218120FFF7A7FC00218B
S315000026D0CF20FFF7A3FC0021A120FFF79FFC0021DC
S315000026E0C820FFF79BFC0021A620FFF797FC0021DE
S315000026F0A820FFF793FC00213F20FFF78FFC002165
S31500002700D320FFF78BFC00210846FFF787FC00214A
S31500002710D520FFF783FC00218020FFF77FFC0021F6
S31500002720D920FFF77BFC0021F120FFF777FC002181
S31500002730DA20FFF773FC00211220FFF76FFC00215F
S31500002740DB20FFF76BFC00213020FFF767FC002140
S315000027502020FFF763FC00210220FFF75FFC002129
S315000027608D20FFF75BFC00211420FFF757FC0020AB
S315000027700D4BA3F1080203F5806143F8080C0833FA
S315000027808B42FAD10021094B02F20C4243F8081C95
S3150000279008339A42FAD1FFF7BDFCBDE80840002194
S315000027A0AF20FFF73BBC00BF7C0500208005002062
S315000027B008B5FDF70BFF002008BD00BF10B4046A82
S315000027C0A37803F07B03A3708378046A03F0030302
S315000027D0D21A0B44C0E90332A37843F08003A370F6
S315000027E0837803F00303022B06D0036A0A780020DD
S315000027F0DA705DF8044B70470B88026A43F47E4337
S31500002800D38100205DF8044B704700BFF0B5846AA1
S3150000281085B005460F4694466E46B4B194E80F005F
S3150000282086E80F00EB6920461B78A760236084F8D2
S3150000283004C0EB6AE3606B6A9847AC6A1CB196E821
S315000028400F0084E80F0005B0F0BD3446EAE700BF8C
S31500002850012203460878824012F0060F05D0CA69A5
S3150000286052681278120700F1CB8100224FF0010C5A
S3150000287000F580002DE9F04100F58C500002C3E917
S3150000288007101A704D6998785D628D696CF30100C6
S31500002890C3E90A2598704878D44C904214BF65461F
S315000028A00225987865F30100987091F90B5091F81C
S315000028B00AE0680905F01F0620300CFA06F644F80F
S315000028C02060BFF34F8FBFF36F8FC94805F1C00675
S315000028D050F8267062F3104740F8267050F82660CC
S315000028E0C44E4FEA0E1E67195FFA8EFE87F800E3A4
S315000028F046F8253091F9055091F804E06F0905F086
S315000029001F0820370CFA08F844F82780BFF34F8FCA
S31500002910BFF36F8F05F1C00750F8278062F31048A8
S3150000292040F8278050F827704FEA0E1E67195FFAA5
S315000029308EFE87F800E346F8253091F9075091F8A6
S3150000294006E06F0905F01F0820370CFA08F844F86E
S315000029502780BFF34F8FBFF36F8F05F1C00750F885
S31500002960278062F3104840F8278050F827704FEA16
S315000029700E1E67195FFA8EFE87F800E346F82530CB
S3150000298091F9095091F808E06F0905F01F08203702
S315000029900CFA08F844F82780BFF34F8FBFF36F8F08
S315000029A005F1C00750F8278062F3104840F82780E9
S315000029B050F827004FEA0E10C0B22C4484F80003EA
S315000029C046F82530EFF310868CF310884FF000455B
S315000029D00C788948E540446824EA05044460406868
S315000029E086F31088186A8270186A0271186A427231
S315000029F0186A8272186AC272186A428340F21922F1
S31500002A0008780CFA00FC1CEA020F02D040201A6A71
S31500002A10D0740625012240F219201C6A25770C780D
S31500002A20A240024240F0CA80CA7848788C78D20028
S31500002A30032842EA041200F0D58000280CBFE220E9
S31500002A40F2201C6AD2B222701A6A9071CC69227B7B
S31500002A50082A00F0C380186A520002F0020242738C
S31500002A6000256278A078D201400100F02000D2B2A1
S31500002A700243186A0572207802380128186A40F263
S31500002A80A280D2B2C27160681A6A8478547045789E
S31500002A90147865F301041470C4789474D4790078BA
S31500002AA004F0A30400F05C002043D0710020C3E9C9
S31500002AB00300C3E90500DC694D4A94F90540CD6978
S31500002AC004F1C00152F8216095F800C060F3104689
S31500002AD042F821600CF0030C52F82110BFF35F8F0F
S31500002AE04FF0010E6109890004F01F0401F16041F5
S31500002AF001F561410EFA04F4C1F880410C60D96910
S31500002B0091F90B4004F1C00152F8216060F31046C0
S31500002B1042F8216052F82110BFF35F8F61098900E6
S31500002B2004F01F0401F160410EFA04F401F561415D
S31500002B30C1F880410C60D96991F9074004F1C001E0
S31500002B4052F8216060F3104642F8216052F82110D5
S31500002B50BFF35F8F6109890004F01F0401F1604132
S31500002B600EFA04F401F56141C1F880410C60D9699F
S31500002B7091F9091001F1C00452F8246060F310467F
S31500002B8042F8246052F82420BFF35F8F4A0992006E
S31500002B9001F01F0102F160420EFA01F102F56142F5
S31500002BA0C2F8801111601A6A4CF0700C82F802C0EB
S31500002BB06989124A19815A60BDE8F0814FF478405C
S31500002BC01A6A908230E7FF2545702078022808BFF0
S31500002BD042F01002186AD2B2C27167E70A201A6A76
S31500002BE050733DE7F22042F040022AE700E100E0A0
S31500002BF000600040F80A0020004008405549435351
S31500002C0003207047EFF30383103B1F4A5BB203F1C7
S31500002C10C00152F8210020F4803042F8210052F819
S31500002C2021201A4A52F82300C3691B6983B103693C
S31500002C3003B17047026A0021937803F07F0343F0E3
S31500002C4004039370436AC160C3B18022FFF7DEBDFF
S31500002C500369026A002BEED08378C16803F0030390
S31500002C60022B0CD00B78D3708278D0E9031302F0D4
S31500002C7003029B1A1144C0E90313D9E770470B8876
S31500002C8043F47E43D381EFE700600040F80A00205A
S31500002C9010B582B0EFF30383103B1F4A5BB203F11A
S31500002CA0C00152F8210020F4803042F8210052F889
S31500002CB021201A4A52F82340A27802F00303022B7D
S31500002CC0236A0CBF198A5979A3690CBFC1F308019D
S31500002CD0C9B2019143B9636AB3B10422204602B076
S31500002CE0BDE81040FFF792BD02F0030201A960693A
S31500002CF002F05DF8D4E90521A37803F003031A4432
S31500002D00C91AC4E9052109B102B010BD636A002BD6
S31500002D10FAD00122E2E700BF00600040F80A002076
S31500002D2010B5EFF303830E4A103B5CB252F8240051
S31500002D30026A937803F07B039370436A1BB1022205
S31500002D400021FFF763FD074A04F1C00352F8231080
S31500002D5021F4803142F8231052F8233010BD00BF11
S31500002D60F80A00200060004010B5EFF303831A4A0A
S31500002D70103B5CB252F82400837803F00303022B65
S31500002D80036A0CBF198A597993F804C00CBFC1F3C2
S31500002D900801C9B21CF0100F0CF0380206D093F8E7
S31500002DA01CC01CF0010F08BF42F0400293F804C09B
S31500002DB00CF0C70C83F804C0436A0BB1FFF726FD7D
S31500002DC0064A04F1C00352F8231021F4803142F878
S31500002DD0231052F8233010BDF80A0020006000408E
S31500002DE00346002059601A72704700BF90F808C069
S31500002DF08161BCF1010F80F82E30C2613AD090F8A3
S31500002E002AC00023012180F82D1080F82F3080F889
S31500002E10313080F83330026290F82D2080F82BC0D4
S31500002E2080F82C3043620AB180F83110B42203696D
S31500002E309A7090F8303023B9512203690020DA7273
S31500002E407047002290F82A3080F83020012B0CBF02
S31500002E5090F8282090F829200369DA7090F82B2042
S31500002E6090F82C30013A013380F82B2080F82C3072
S31500002E70002070470021436880F82AC05B0043F0B9
S31500002E80010380F8283080F82910BAE790F808C0C6
S31500002E908161BCF1010F80F82E30C2613AD090F802
S31500002EA02AC0002380F82D3080F82F3080F831308A
S31500002EB080F83330026290F82D2080F82BC080F81D
S31500002EC02C30436212B1012380F83130B4220369F9
S31500002ED09A7090F8303023B9512203690020DA72D3
S31500002EE07047002290F82A3080F83020012B0CBF62
S31500002EF090F8282090F829200369DA7090F82B20A2
S31500002F0090F82C30013A013380F82B2080F82C30D1
S31500002F10002070470021436880F82AC05B0080F8D3
S31500002F20283080F82910BCE703460022F0B508785F
S31500002F30196000F5800000F58C5000021861886861
S31500002F405860087B1872C8695863086AC3E90E207E
S31500002F50EFF310864FF0010E8EF310884FF0004508
S31500002F600C784948E540446824EA05044460406812
S31500002F7086F31088F025FA271868446A1869827063
S31500002F801869C5722325A0781E6900F00300307009
S31500002F901869877118696678467020781E698000FE
S31500002FA040F02000C0B2F07118696679067218699F
S31500002FB0E678867420791C69C00040EA0E00C0B22B
S31500002FC060721869314E85721869314D427391F8F5
S31500002FD00DC091F90F004FEA0C1C2E4C2F185FFA0A
S31500002FE08CFC87F800C346F8203000F1C00C54F87A
S31500002FF02C7062F3104744F82C7054F82C70BFF311
S315000030005F8F4FEA501C4FEA8C0C00F01F000CF14A
S31500003010604C0EFA00F00CF5614CCCF88001CCF84F
S315000030200000487B91F9101000010D44C0B285F8EC
S31500003030000346F8213001F1C00054F8205062F335
S31500003040104544F8205054F82000BFF35F8F01F07C
S315000030501F004909890001F160410EFA00F001F5EF
S315000030606141C1F8800108600B49C3E9082283F871
S315000030702D209A6183F82E20DA6183F82F20D960FB
S3150000308083F830201046F0BD00400840F80A0020C2
S3150000309000E100E0006000404332495330B5836BE5
S315000030A083B004460A466D468BB193E8030085E873
S315000030B00300E16B1A7119601846636B9847A36B9E
S315000030C01BB195E8030083E8030003B030BD2B462F
S315000030D0EFE700BF10B4EFF30383103B4E4A5BB239
S315000030E0C03352F8231021F4803142F8231052F8ED
S315000030F02330EFF30383494A103B5BB252F8233087
S315000031001A69117BC1F3000CC9072CD493F82C1053
S3150000311093F82A00884214D093F82D0008B10229AA
S315000031204FD093F82810D17093F82B1093F82C20D9
S315000031300139013283F82B1083F82C205DF8044BFB
S315000031407047196A002933D093F82D0000283ED124
S31500003150586A9C690139245C0130C3E90810D470AF
S315000031605DF8044B704793F82D10B9B193F8311000
S31500003170A1B9507999695A6A885493F82E00D3E90F
S31500003180081201390132C3E9081200283AD0522048
S3150000319001221969C87283F83020CFE70024012084
S315000031A054211C6283F82F00D1725DF8044B7047DE
S315000031B093F82E1041B152200121D07283F83010BD
S315000031C0BCE75223D372B9E75423D372B6E793F818
S315000031D0310078B9507999695A6A8854D3E9081246
S315000031E001390132C3E9081201291A690ED0FF24F8
S315000031F0D470B5E7012983F831C007D082F80AC038
S31500003200196AF1E754221B69DA7297E72021FF2435
S3150000321091721A69D470A3E700600040F80A002092
S3150000322010B5EFF30383344A103B5BB252F8230028
S315000032300269D37A23F00803D37290F82F30002B5B
S315000032403DD190F82A2003F0FF0190F82C309A42E5
S315000032501CD1036A5BB990F82D1090F83020C1F1AB
S3150000326003010469C9B2C2B3E372FFF717FFEFF3B4
S315000032700383103B214A5BB2C03352F8231021F47A
S31500003280803142F8231052F8233010BDF3B190F884
S315000032902D4004F0FF0244B3022B28D00B46002138
S315000032A00269D1720269D37090F82B2090F82C3005
S315000032B0013A013380F82B2080F82C30D7E7F02232
S315000032C003690121DA72FFF7E9FED0E7012A0CBF94
S315000032D090F8283090F82930E1E7F023E37202698C
S315000032E0937803F0CF039370BFE71346D7E790F8C0
S315000032F0293043F00103D2E7F80A002000600040BD
S3150000330010B40B0A064C1B0153FA81F154F8213014
S315000033100020C3F340035DF8044B1370704700BFF1
S31500003320000808400120CBB2984080B202B90004E0
S315000033300B0A5B0103F1804303F50023986000202C
S31500003340704700BF2DE9F84F0388DBB182464FF086
S31500003350000B4FF00109DFF8D0800024304D4FEA12
S31500003360CB07DAF8043035F8022BD919898891424F
S315000033700AD00134032CF4D1BAF800300BF1010B5A
S315000033805B45EAD8BDE8F88FDB5909FA04F603F085
S31500003390B853B3F1807FF6B298F8BB3413D03342FA
S315000033A031D1204A04F1200612F81630DB09E0D0AC
S315000033B012F81630012123F08003C82002F81630D7
S315000033C000F040FAD5E7334211D0164A04F1200145
S315000033D012F81130DB09CCD112F81130C82043F0B5
S315000033E0800302F81130012100F02CFAC1E7012018
S315000033F000F0ECFA98F8BB340120334388F8BB346C
S3150000340000F0B4FAE1E7012000F0E0FA98F8BB34E6
S31500003410012023EA060388F8BB3400F0A7FAC0E7C8
S31500003420E08F00000030084000E00140F8B5064695
S31500003430FFF788FFEFF31082012383F31088234FF1
S315000034403B681BB92249CB704023CB703B680133E4
S315000034503B6082F31088338823B300211D4D08E0BA
S315000034601B01134445F82340328801318BB29A423E
S3150000347018D9736853F8314003EBC1029288E00310
S315000034804FEA1223D2B2EBD502EB031055F820E037
S3150000349024F4803C2EF4803E45F820E01B0145F8DC
S315000034A020C0DEE7EFF31082012383F310883B6828
S315000034B013B13B68013B3B603B681BB98020044964
S315000034C0CB70C87082F31088F8BD00BFF40A0020E4
S315000034D0000D08400008084008B5034B0360084685
S315000034E0FFF7A4FF002008BD54524F5070B40025CA
S315000034F0034691F902201A4C0271920002F18042B1
S3150000350002F5C042D2F80063C2F800538A688260AE
S31500003510CA68C2600878587125540D79CA7842EA9B
S3150000352005124D7942EAC512D2B2225493F904200B
S31500003530C03244F8226093F9040000280BDB4A7875
S31500003540084C120100F16041D2B201F5614181F8E7
S31500003550002344F82030044A00201A6070BC7047EB
S3150000356000600040F80A00205543490090F9042005
S315000035700E4B02F1C00153F8210020F4803043F8CD
S31500003580210053F82130BFF35F8F012153099B00BF
S3150000359002F01F0203F1604303F5614301FA02F2F0
S315000035A0C3F880211A600020704700BF0060004009
S315000035B010B582B0EFF30384184B103C64B253F895
S315000035C02410174A4879135C03F00303032B12D027
S315000035D0C03452F8243023F4803342F8243052F8B1
S315000035E024308B682BB14879CA68CDE9002068463B
S315000035F0984702B010BD8B6823B1CA68CDE9002098
S3150000360068469847064BC03453F8242022F480328B
S3150000361043F8242053F8243002B010BDF80A0020E5
S3150000362000600040064B074993F826001A6A51F8D5
S315000036302030C2F302620449D3400B60704700BFDA
S3150000364000E00140A0030020340B0020704700BFBB
S31500003650F8B54AF2035001233F49404AA1F8FE0358
S31500003660A2F80431B2F804319BB2002BFAD14FF024
S31500003670010C4FF4004120250920394C394F3A4EB0
S3150000368067603A4F344BE760A2F800C1384A2660BB
S31500003690A1602161626193F82620196A54F82220FC
S315000036A0344EC1F30261CA40326083F8135483F882
S315000036B0A20093F880241AB993F88134990746D06A
S315000036C0254D95F88034002B36D00022224B83F806
S315000036D0812483F8802400231F4981F8323091F831
S315000036E03C301A07FBD543F6013000231A4A0885F9
S315000036F081F82A3092F83C309B06FBD50120052341
S315000037001649F12581F81C011B49116282F8263001
S3150000371092F82630106A54F82310C0F30260C140B4
S3150000372031600024F0204FF42541144B1D731C72A8
S315000037301873A2F8FE13F8BD0121C82085F880147D
S3150000374000F080F895F88034012BFBD1BDE74FF4EB
S315000037507A70FFF77BFFBEE700E0014000C0014042
S31500003760A003002000127A00002D3101001BB700D3
S315000037700095BA0A340B00202112022100200040D5
S3150000378038B50025284C0121C82084F8285000F0BF
S3150000379059F884F8245094F82430002BFBD194F87F
S315000037A02430214943F0020384F8243091F8243070
S315000037B0C3F340009B07F9D41B4A81F8220092F814
S315000037C0223003F0FF00002BF9D192F84030164961
S315000037D060F3C71382F8403091F84030DB09FBD123
S315000037E091F84200104A63F3C71081F8420092F83C
S315000037F04230DB09FBD192F844000B4963F3C71052
S3150000380082F8440091F84430C3F3C014DB09F9D1BF
S31500003810012000F0DBF8054B012083F8BB44BDE82E
S31500003820384000F0A3B800BF0030084000E0014077
S31500003830704700BF00BEFEE7A0F101000028FBD1E3
S31500003840704700BF4FF47A7310B400FB01F1114CBE
S31500003850114A2468B2FBF4F2A1FB03043CB9B0FBA5
S31500003860F2F0800860B15DF8044BFFF7E5BF920007
S31500003870B1FBF2F1A1FB03132BB908460028F2D1E4
S315000038805DF8044B70474FF0FF3C5DF8044B604613
S31500003890FFF7D2BF340B002000CA9A3B70B5002454
S315000038A00B4B0C4EB3F82021B3F84051ADB2154086
S315000038B025FA04F3DB0704D556F82430E0B203B149
S315000038C0984701340E2CF3D1014BA3F8305170BD4B
S315000038D000600040BC0A002030B5032085B000F02F
S315000038E075F800256FF0FF014FF0FF301B4B1C4CA5
S315000038F0996422462B464FF0010ECDE90100039054
S3150000390032F8021B0EFA03FC013311B1012520EA3D
S315000039100C000C2BF4D1F5B10190124B0F4A106735
S31500003920C3F88002029903205167C3F884120399F1
S315000039309167C3F8881200F019F800230A4834F892
S31500003940022B03F1C00101330AB140F821200C2BF0
S31500003950F5D105B030BD4FF0FF30DEE70080004006
S31500003960C88F000000E100E000600040EFF3108126
S31500003970012383F31088124B33F8102092B22AB138
S3150000398033F81020013A92B223F8102033F81030A1
S315000039909BB293B910B40B4A0B4CB2F8FE3334F811
S315000039A010009BB243F4254323EA0003A2F8FE333A
S315000039B081F310885DF8044B704781F310887047D7
S315000039C0280B002000E00140E88F000030B4EFF340
S315000039D01081012383F310880E4A32F810309BB20F
S315000039E06BB90D4C0D4DB4F8FE3335F810C09BB2D3
S315000039F043EA0C0343F425439BB2A4F8FE3332F8A2
S31500003A00103001339BB222F8103081F3108830BC9D
S31500003A10704700BF280B002000E00140E88F00003F
S31500003A2008B50C4A0346106840B103330A4923F02F
S31500003A30030303448B4205D8136008BD07490846B3
S31500003A401160F2E701F09CF90C2203461A604FF070
S31500003A50FF3008BD300B0020882C0020880C002089
S31500003A6000BE704708B500F003F8FEF7A1FEFEE7BA
S31500003A704FF4700270B52B4B2B4CC3F888200020F6
S31500003A809C60FDF791FCFFF7E3FD0120FDF78CFC40
S31500003A902368A3F5806383F30A882448244A002117
S31500003AA0121A01F01BF92348234A2449121A01F07D
S31500003AB07EF9234D234B5B1B002B07DD00249E1054
S31500003AC055F8043B01349847A642F9DCFFF7AAFDF6
S31500003AD0FFF756FE0320FFF779FF4FF6FF7200242B
S31500003AE0194B03201A825A829A82DA821A835A83DF
S31500003AF09A83DA83FFF73AFF0320FFF767FF134B3A
S31500003B0003205C609C60DC601C61FFF72FFF0220D5
S31500003B10FDF74AFCFFF7E0FE2046BDE87040FFF7E0
S31500003B2087BE00BF00ED00E000000000C0030020DB
S31500003B30840C002000000020A00300205893000001
S31500003B40980300209C030020000D084000000E4052
S31500003B5081F0004102E000BF83F0004330B54FEA38
S31500003B6041044FEA430594EA050F08BF90EA020FA5
S31500003B701FBF54EA000C55EA020C7FEA645C7FEA38
S31500003B80655C00F0E2804FEA5454D4EB5555B8BF5B
S31500003B906D420CDD2C4480EA020281EA030382EACC
S31500003BA0000083EA010180EA020281EA0303362D5E
S31500003BB088BF30BD11F0004F4FEA01314FF4801C31
S31500003BC04CEA113102D0404261EB410113F0004F43
S31500003BD04FEA03334CEA133302D0524263EB4303FA
S31500003BE094EA050F00F0A780A4F10104D5F1200E98
S31500003BF00DDB02FA0EFC22FA05F2801841F10001F3
S31500003C0003FA0EF2801843FA05F359410EE0A5F1C6
S31500003C1020050EF1200E012A03FA0EFC28BF4CF0F7
S31500003C20020C43FA05F3C01851EBE37101F00045AD
S31500003C3007D54FF0000EDCF1000C7EEB00006EEBBA
S31500003C400101B1F5801F1BD3B1F5001F0CD3490844
S31500003C505FEA30004FEA3C0C04F101044FEA44529B
S31500003C6012F5800F80F09A80BCF1004F08BF5FEA22
S31500003C70500C50F1000041EB045141EA050130BD02
S31500003C805FEA4C0C404141EB0101013C28BFB1F514
S31500003C90801FE9D291F0000F04BF01460020B1FA5F
S31500003CA081F308BF2033A3F10B03B3F120020CDA32
S31500003CB00C3208DD02F1140CC2F10C0201FA0CF010
S31500003CC021FA02F10CE002F11402D8BFC2F1200C75
S31500003CD001FA02F120FA0CFCDCBF41EA0C0190402B
S31500003CE0E41AA2BF01EB0451294330BD6FEA040474
S31500003CF01F3C1CDA0C340EDC04F11404C4F120025F
S31500003D0020FA04F001FA02F340EA030021FA04F370
S31500003D1045EA030130BDC4F10C04C4F1200220FAC7
S31500003D2002F001FA04F340EA0300294630BD21FA05
S31500003D3004F0294630BD94F0000F83F4801306BFCB
S31500003D4081F480110134013D4EE77FEA645C18BFBF
S31500003D507FEA655C29D094EA050F08BF90EA020F56
S31500003D6005D054EA000C04BF1946104630BD91EA4E
S31500003D70030F1EBF0021002030BD5FEA545C05D151
S31500003D804000494128BF41F0004130BD14F5800490
S31500003D903CBF01F5801130BD01F0004545F0FE4104
S31500003DA041F470014FF0000030BD7FEA645C1ABF39
S31500003DB0194610467FEA655C1CBF0B46024650EA70
S31500003DC0013406BF52EA033591EA030F41F400219C
S31500003DD030BD00BF90F0000F04BF0021704730B522
S31500003DE04FF4806404F132044FF000054FF00001F7
S31500003DF050E700BF90F0000F04BF0021704730B5B8
S31500003E004FF4806404F1320410F0004548BF40428C
S31500003E104FF000013EE700BF42004FEAE2014FEAE1
S31500003E2031014FEA02701FBF12F07F4393F07F4FBC
S31500003E3081F06051704732F07F4208BF704793F0BF
S31500003E407F4F04BF41F40021704730B54FF46074D2
S31500003E5001F0004521F000411CE700BF50EA0102D5
S31500003E6008BF704730B54FF000050AE050EA01027E
S31500003E7008BF704730B511F0004502D5404261EBEE
S31500003E8041014FF4806404F132045FEA915C3FF42F
S31500003E90D8AE4FF003025FEADC0C18BF03325FEACC
S31500003EA0DC0C18BF033202EBDC02C2F1200300FA7D
S31500003EB003FC20FA02F001FA03FE40EA0E0021FAA2
S31500003EC002F11444BDE600BF4FF0FF3C06E000BF20
S31500003ED04FF0010C02E000BF4FF0010C4DF804CD8D
S31500003EE04FEA410C7FEA6C5C4FEA430C18BF7FEA4D
S31500003EF06C5C1BD001B050EA410C0CBF52EA430C7B
S31500003F0091EA030F02BF90EA020F0020704710F1FA
S31500003F10000F91EA030F58BF994208BF90422CBF89
S31500003F20D8176FEAE37040F0010070474FEA410C82
S31500003F307FEA6C5C02D150EA013C07D14FEA430CA0
S31500003F407FEA6C5CD6D152EA033CD3D05DF8040B11
S31500003F50704700BF8446104662468C461946634643
S31500003F6000E000BF01B5FFF7B7FF002848BF10F11A
S31500003F70000F01BD4DF808EDFFF7F4FF0CBF01205F
S31500003F8000205DF808FB00BF4DF808EDFFF7EAFFDB
S31500003F9034BF012000205DF808FB00BF4DF808ED96
S31500003FA0FFF7E0FF94BF012000205DF808FB00BF8B
S31500003FB04DF808EDFFF7CEFF94BF012000205DF815
S31500003FC008FB00BF4DF808EDFFF7C4FF34BF012022
S31500003FD000205DF808FB00BF4A0011D212F500125E
S31500003FE011D20DD56FF47873B3EB62520ED44FEA4B
S31500003FF0C12343F0004343EA505323FA02F07047CB
S315000040004FF00000704750EA013002D14FF0FF3008
S3150000401070474FF0000070472DE9FF4757EC106BD3
S31500004020002F0C4619463B46B4BF07F10043002358
S315000040309146BFBF32461F462D231646DDF830A0F7
S315000040400B700D9B23F02008B8F1460F05D0B8F190
S31500004050450F00D10134022100E0032103AB2246C3
S31500004060019302AB47EC106B0093534600F044FFFC
S31500004070B8F1470F054619D119F0010F0ED000EB24
S3150000408004090022002330463946FFF773FF08B1C2
S31500004090CDF80C903022039B4B451ED3039B28463C
S315000040A00E9A5B1B136004B0BDE8F087B8F1460FAB
S315000040B000EB0409E5D10378302B0AD10022002356
S315000040C030463946FFF756FF18B9C4F10104CAF85D
S315000040D00040DAF800309944D3E7591C03911A706E
S315000040E0D9E7F7B500290270BABF49422D232B2321
S315000040F00929437028DD0DF107030A271D461A46D4
S31500004100013BB1FBF7F607FB1614303402F8014CFD
S315000041100C463146632CF2DC3031941E03F8011C48
S31500004120411C2346AB420AD30DF109039B1AAC424C
S3150000413088BF002302330344181A03B0F0BD13F8F6
S31500004140016B01F8016FEDE7302330318370031DF9
S31500004150C170F1E72DE9F04F8DB00C4616461F46AB
S31500004160DDF85880054600F0C1FD03681846049343
S3150000417000F02AFE002305900A93D8F8003094F840
S3150000418018A00733D4F800B023F0070303F10802A0
S31500004190C8F800204FF0FF32D3E9008929F0004328
S315000041A0CDF8188007939D4BDDE90601C4E9128915
S315000041B002F0AAFD70BB4FF0FF32984BDDE9060115
S315000041C0FFF7ECFE30BB0022002340464946FFF7CE
S315000041D0DBFE10B12D2384F84330914A914BBAF19E
S315000041E0470F8CBF9046984603234FF00009236182
S315000041F02BF00403236033460BAA2146284600977A
S3150000420000F0D2F9013040F08D804FF0FF300DB054
S31500004210BDE8F08F42464B464046494602F074FDE3
S3150000422040B14B46804A002BBCBF2D2384F8433057
S315000042307E4BD4E70AF0DF02636806925A1C3BD134
S31500004240062363604BF480620023284622600393B2
S315000042500AABCDE901A309AB49EC108B00930DF134
S3150000426023036168FFF7D8FE069B80460999472B12
S3150000427029D1C81C02DB6368994241DDAAF1020A12
S315000042805FFA8AFA0139524604F150000991FFF7A4
S3150000429028FF0A9A81461318012A236102DC226844
S315000042A0D20701D5013323619DF82330002BA2D01C
S315000042B02D2384F843309EE7069A472AC2D1002B65
S315000042C0C0D10123BDE7BAF1650FDBD9BAF1660F9C
S315000042D018D1002963680BDD216113B92268D00764
S315000042E002D501330B4423614FF00009A165DBE7DA
S315000042F013B92268D20701D50233F4E70123F2E7A6
S315000043004FF0670A0A9B994205DB23682161D807AB
S31500004310EAD54B1CE7E70029D4BFC1F1020201220E
S315000043201344E0E723685A0507D423694246314619
S315000043302846B84701302BD167E7BAF1650F40F23E
S31500004340DD8000220023D4E91201FFF713FE0028C6
S3150000435033D00123364A31462846B84701303FF468
S3150000436054AFDDE90938434502DB2368D8070FD58A
S3150000437031462846DDE90423B84701303FF445AF0E
S315000043804FF0000908F1FF3804F11A0AC84509DCA4
S3150000439023689B0700F10381E0680B9B9842B8BF36
S315000043A0184634E70123524631462846B8470130BD
S315000043B03FF42BAF09F10109E8E7099B002B39DC33
S315000043C001231B4A31462846B84701303FF41DAF4A
S315000043D0DDE9093959EA030302D12368D907D7D59C
S315000043E031462846DDE90423B84701303FF40DAFD6
S315000043F04FF0000A04F11A0B099B5B42534501DC9E
S315000044004B4693E701235A4631462846B8470130C2
S315000044103FF4FBAE0AF1010AEEE700BFFFFFEF7FB4
S31500004420F48F0000F08F0000FC8F0000F88F000072
S3150000443000900000A36DDDF828A05345A8BF5346A1
S31500004440002B994636DC4FF0000B29EAE97904F196
S315000044501A02A36D0693A3EB09035B4531DC099BA6
S315000044609A453ADC2368DA0737D4099BAAEB030995
S31500004470069BAAEB03039945A8BF9946B9F1000F1D
S3150000448033DC4FF0000829EAE97904F11A0B099B9D
S31500004490AAEB0303A3EB090343457FF779AF012397
S315000044A05A4631462846B84701303FF4AEAE08F1C9
S315000044B00108ECE7424631462846B8470130C2D1EA
S315000044C0A3E60123314628460692B84701303FF459
S315000044D09CAE0BF1010B069ABBE7DDE904233146DE
S315000044E02846B8470130C0D18FE6069A4B4631467A
S315000044F028464244B8470130C3D186E6DDF828A0F5
S31500004500BAF1010F01DCDB0736D5012342463146FD
S315000045102846B84701303FF478AE31462846DDE9F3
S315000045200423B84701303FF470AE002200230AF19D
S31500004530FF3AD4E91201FFF71DFDC0B9534608F151
S31500004540010231462846B84701300CD15DE6012309
S315000045505A4631462846B84701303FF456AE08F170
S315000045600108D045F3DB4B4604F15002DFE64FF07D
S31500004570000804F11A0BF4E701234246E1E70123A0
S315000045804A4631462846B84701303FF43EAE08F168
S315000045900108E3680B995B1A4345F0DCFCE64FF033
S315000045A0000804F11909F4E72DE9F0471646984684
S315000045B08A6807460B690C46DDF820909342B8BF1F
S315000045C01346336091F843200AB101333360236800
S315000045D0990642BF336802333360256815F0060535
S315000045E006D104F1190AE36832689B1AAB422BDC48
S315000045F094F843302268003B18BF0123920630D45A
S3150000460004F1430241463846C847013023D02368A7
S315000046101A3454F80A2C03F00603042B0ABF54F884
S315000046200E5C002533684FF0000608BFED1A54F8FB
S31500004630123C08BF25EAE5759342C4BF9B1AED18E4
S31500004640B5421AD1002008E00123524641463846B9
S31500004650C847013003D14FF0FF30BDE8F087013580
S31500004660C1E7E1185A1C30200233224481F8430086
S3150000467094F8451082F84310C2E7012322464146CA
S315000046803846C8470130E6D00136D9E72DE9FF475D
S315000046900F7E914680460C46782F9A460C9E01F175
S315000046A0430207D8622F0AD8002F00F0D180582F76
S315000046B000F0B88004F1420684F842703AE0A7F1AF
S315000046C06303152BF6D801A151F823F02547000006
S315000046D039470000B5460000B5460000B546000063
S315000046E0B546000039470000B5460000B546000053
S315000046F0B5460000B5460000374800006347000095
S31500004700F1470000B5460000B546000059480000D4
S31500004710B546000063470000B5460000B5460000F8
S31500004720F947000033681A1D1B68326004F142061F
S3150000473084F8423001239CE033682068191D3160FB
S31500004740060601D51D6803E04506FBD5B3F9005002
S31500004750002D03DA2D236D4284F8433058480A238E
S3150000476011E021683368080653F8045B02D4490651
S3150000477048BFADB26F2F3360514814BF0A230823D8
S31500004780002184F843106668002EA66005DB2168C8
S315000047902E4321F0040121604BD01646B5FBF3F100
S315000047A003FB1157C75D06F8017D2F460D46BB4238
S315000047B0F4D9082B0BD12368DF0708D52369616874
S315000047C09942DEBF302306F8013C06F1FF36921B04
S315000047D022614B4603AA21464046CDF800A0FFF7CA
S315000047E0E3FE01304AD14FF0FF3004B0BDE8F08758
S315000047F0236843F02003236078273248236884F82F
S3150000480045701F06316851F8045B02D45F0648BF45
S31500004810ADB23160D90744BF43F0200323601DB118
S315000048201023ADE72648E9E7236823F02003236039
S31500004830F6E71646BDE733682568181D61693060DE
S315000048402E061B6801D5196002E06806FBD51980A3
S31500004850002316462361BCE7336800211A1D326027
S315000048601E686268304600F094FA08B1801B6060EA
S3150000487063682361002384F84330AAE7236932463C
S3150000488049464046D0470130ADD023689B0713D434
S31500004890E068039B9842B8BF1846A6E70123324654
S315000048A049464046D04701309DD00135E36803991B
S315000048B05B1AAB42F2DCEBE7002504F11906F5E7DB
S315000048C00290000013900000002310B50446836098
S315000048D0818119464366C28108228361C0E900339B
S315000048E0C0E904335C3000F0F9F90D4B24626362D1
S315000048F00C4BA3620C4BE3620C4B23630C4B9C42A8
S3150000490006D003F16802944202D0D0339C4205D10E
S3150000491004F15800BDE8104000F038BA10BD00BFE1
S315000049202D4B00004F4B0000874B0000AB4B0000A7
S31500004930380B0020024A0349034800F069B800BF5B
S31500004940D001002005670000E001002041680C4B03
S31500004950994210B5044601D001F0D4FEA168094B76
S31500004960994202D0204601F0CDFEE168064B9942FD
S3150000497004D02046BDE8104001F0C4BE10BD00BF03
S31500004980380B0020A00B0020080C002010B50B4BA4
S3150000499004210B4C0B4A20461A600022FFF794FFB5
S315000049A004F1680001220921FFF78EFF04F1D0000F
S315000049B002221221BDE81040FFF786BF700C0020CE
S315000049C0380B002035490000014800F0E0B900BF6F
S315000049D0790C0020014800F0DBB900BF790C0020FB
S315000049E010B50446FFF7F0FF236A1BB1BDE810407F
S315000049F0FFF7F0BF044B2362044B1B68002BF5D175
S31500004A00FFF7C4FFF2E700BF4D490000700C00201D
S31500004A102DE9F8430746884614460026D4E9019551
S31500004A20B9F1010905D52468002CF7D13046BDE857
S31500004A30F883AB89012B07D9B5F90E30013303D0C2
S31500004A4029463846C04706436835E9E70FB407B537
S31500004A50064904AB086853F8042B8168019301F0FA
S31500004A60B5FC03B05DF804EB04B07047DC01002030
S31500004A70036A70B505460E4684680BB9FFF7B0FFAA
S31500004A80636EDB0705D4A389980502D4A06D00F0F8
S31500004A907EF9A389190702D52369002B35D1214652
S31500004AA0284600F0C5F880B34FF0FF35636EDA078D
S31500004AB005D4A3899B0502D4A06D00F069F92846A8
S31500004AC070BD002B04DAA2699A4217DC0A2915D0B8
S31500004AD023685A1C22601970A36816F8011F013B4F
S31500004AE0A3600029EDD1002B11DA22460A212846BF
S31500004AF000F05FF80130D7D00A25D7E722462846CE
S31500004B0000F057F80130E7D1CEE7013EE4E723682D
S31500004B105A1C22600A221A70EEE7FFFF024B01467A
S31500004B201868FFF7A5BF00BFDC01002010B50C46D2
S31500004B30B1F90E1000F000F90028ABBF636DA38930
S31500004B401B1823F48053ACBF6365A38110BD2DE908
S31500004B50F0411F468B8905460C46DB05164605D5F2
S31500004B6002230022B1F90E1000F0D4F8A3893246D0
S31500004B70B4F90E10284623F48053A3813B46BDE8C2
S31500004B80F04100F0EBB810B50C46B1F90E1000F08C
S31500004B90C1F8431CA38915BF606523F4805343F411
S31500004BA08053A38118BFA38110BDB1F90E1000F088
S31500004BB0A1B8F8B50E461446054618B1036A0BB9F6
S31500004BC0FFF70EFFA369A360A3891A0701D523691E
S31500004BD043B92146284600F02BF818B14FF0FF37AD
S31500004BE03846F8BD2368F6B222693746981A6369D3
S31500004BF0834205DC2146284601F084FD0028EDD1DC
S31500004C00A368013BA36023685A1C22601E70431CE4
S31500004C1062699A4204D0A389DB07E1D50A2EDFD167
S31500004C202146284601F06EFD0028D9D0D6E7FFFFC1
S31500004C3038B5294B05460C46186818B1036A0BB9F6
S31500004C40FFF7CEFEB4F90C30190722D4DA0607D4E2
S31500004C5009222A6043F040034FF0FF30A38133E07E
S31500004C60580712D5616B41B104F14403994202D051
S31500004C70284600F0FFFE00236363A38923F0240384
S31500004C80A3810023636023692360A38943F008039B
S31500004C90A38123694BB9A38903F42073B3F5007F7D
S31500004CA003D02146284601F07AFDB4F90C3013F002
S31500004CB001020AD00022A26062695242A261226900
S31500004CC042B913F08000C5D138BD990758BF626953
S31500004CD0A260F4E70020F7E7DC0100200244034667
S31500004CE0934200D1704703F8011BF9E7004870476B
S31500004CF01C03002038B50023054D044608462B60EA
S31500004D0002F040F8431C02D12B6803B1236038BD82
S31500004D10740C002038B50446064D0846114600229C
S31500004D202A601A4602F046F8431C02D12B6803B1EA
S31500004D30236038BD740C002038B50446064D08467D
S31500004D40114600222A601A4602F03CF8431C02D1A2
S31500004D502B6803B1236038BD740C002038B50446B7
S31500004D60064D0846114600222A601A46FBF7EEFB5E
S31500004D70431C02D12B6803B1236038BD740C00209C
S31500004D80014B1868704700BFDC0100207047704770
S31500004D907047C9B20346024410B59342184601D182
S31500004DA0002003E0047801338C42F6D110BD0A449A
S31500004DB0431E914200D1704710B511F8014B914244
S31500004DC003F8014FF9D110BD034613F8012B002A51
S31500004DD0FBD1181A013870472DE9F74F03690746CA
S31500004DE00C69A342C0F28380013C00F1140501F175
S31500004DF01408A30055F8242008EB8409009305EB5A
S31500004E008403019358F8243001339A42B2FBF3F637
S31500004E1031D34FF0000AC446AE46D3465CF8043B95
S31500004E2098B2E1454FEA134306FB00A04FEA104251
S31500004E3080B206FB0323DEF8002092B24FEA134A43
S31500004E40A2EB00029BB2DEF800005A44C3EB2243F9
S31500004E5092B203EB104342EA03424FEA234B4EF869
S31500004E60042BDBD2009BEB582BB9019B043B9D42E4
S31500004E701A4630D33C61384601F072F9002826DB29
S31500004E802946002058F8042BD1F800C01FFA82FEEC
S31500004E90C1451FFA8CF34FEA1242A3EB0E030344FB
S31500004EA0C2EB23429BB202EB1C4243EA02434FEAA7
S31500004EB0224041F8043BE5D255F8242005EB840353
S31500004EC022B9043B9D421A460BD33C61013630465B
S31500004ED003B0BDE8F08F1268043B002ACAD1013C3A
S31500004EE0C5E71268043B002AEFD1013CEAE700203F
S31500004EF0EEE7FFFFFFFFFFFF2DE9F04FC76999B00F
S31500004F008346229E09910E92139355EC104B8DED1C
S31500004F10040B7FB9102000F0F7FD0246CBF81C0009
S31500004F2020B9A74BEF21A748FEF784FCC0E901771B
S31500004F300760C760DBF81C30196859B15A6801234D
S31500004F40584693404A608B6000F0D4FEDBF81C3074
S31500004F5000221A602B1EB7BF23F000430023012254
S31500004F600593A8BF3360059F974BB8BF3260BB431C
S31500004F7012D142F20F73139A1360C7F3130323433C
S31500004F8000F04685239BDFF854A2002B00F04885ED
S31500004F900AF1030300F042BD9DED047B00220023CD
S31500004FA051EC170B8DED0C7BFEF7E4FF804658B1F4
S31500004FB00123139A1360239B13B1844B239A136026
S31500004FC0DFF81CA200F02CBDC7F30A5616AA17A9D3
S31500004FD058469DED0C0B01F077F98146002E75D0F1
S31500004FE00D9BA6F2FF36CDF85080C3F3130343F0B2
S31500004FF07F53DDE90C0143F4401319460022744B3C
S31500005000FEF7AAFD68A3D3E9002301F06BFC68A3B1
S31500005010D3E90023FEF7A2FD04460D463046FEF70F
S31500005020E9FE65A3D3E9002301F05CFC02460B46CA
S3150000503020462946FEF792FD04460D4601F07AFE0B
S3150000504000220746002320462946FEF79DFF40B171
S315000050503846FEF7CFFE22462B46FEF78BFF00B9F9
S31500005060013F162F51D85B4B03EBC703DDE90C015B
S31500005070D3E90023FEF788FF002848D0013F00232C
S315000050801293169B9B1B5A1E46BFC3F101080023B1
S315000050904FF00008089248BF0893002F39DB089BA1
S315000050A00F973B44089300230A93099B092B61D869
S315000050B0052BC5BF043B002401240993099B023B31
S315000050C0032B63D8DFE803F05254372CDDE916636F
S315000050D01E4406F23243202BC9BFC3F14003C3F17D
S315000050E020039F4006F21243D8BF04FA03F006F1EC
S315000050F0FF36C4BF24FA03F347EA0300FEF76AFE4D
S315000051000122A1F1F873149277E70123B8E7129010
S31500005110B7E77B42A8EB07080A9300230F93C4E77F
S3150000512001230B930E9BFB1800930133012B039372
S31500005130B8BF012306E001230B930E9B002B28DD4D
S3150000514000930393DBF81C000021042202F11405EE
S315000051509D4223D94160584600F08CFD82460028C6
S3150000516040D11D4B024640F2AF11DCE60023E3E7D7
S315000051700023D6E7012400230B9409934FF0FF3355
S3150000518000220093039312230E92DBE701230B9375
S31500005190F4E701231A4600930393F5E70131520021
S315000051A0D4E700BFAFF3008061436F63A787D23FA8
S315000051B0B3C8608B288AC63FFB799F501344D33F00
S315000051C031900000489000000000F07F0190000040
S315000051D00000F83F60910000A19000002D900000B3
S315000051E000900000DBF81C301860039B0E2B00F2C9
S315000051F0A180002C00F09E80002F33DD07F00F0207
S315000052009B4BF8054FEA271403EBC20393ED007B93
S315000052108DED067B16D5974B04F00F040326D3E9D4
S315000052200823DDE90C0101F087FCCDE90401914D6D
S3150000523054B9DDE90623DDE9040101F07DFCCDE981
S31500005240040128E00226F2E7E10708D50136DDE988
S315000052500601D5E9002301F045FBCDE906016410FE
S315000052600835E5E700F0AF807C42814B814D022690
S3150000527004F00F02241103EBC203DDE90C01D3E9AC
S31500005280002301F02FFB0023CDE90401002C40F0A0
S315000052908F80002BD3D1129BDDE90445002B00F053
S315000052A094800022744B20462946FEF76DFE0028A6
S315000052B000F08B80039B002B00F08780009B002B67
S315000052C034DD7B1E204600222946069301366B4BB1
S315000052D001F008FB009CCDE904013046FEF78AFD8B
S315000052E0DDE9042301F0FEFA0022654BFEF736FCE9
S315000052F00546A1F15076002C6AD10022614BDDE90A
S315000053000401FEF729FC02460B46CDE904232A4692
S315000053103346FEF757FE002840F087822A4606F1FC
S315000053200043DDE90401FEF72FFE38BBDDE90C344E
S31500005330CDE90434179B002BC0F258810E2F00F3E1
S3150000534055814B4B03EBC70393ED007B0E9B002B64
S315000053508DED007B80F2E580039B002B00F3E1805E
S315000053600CD10022474B51EC170B01F0BBFADDE9DB
S315000053700423FEF71DFE002800F055820024254672
S315000053800E9B5646DB43069300272146584600F0FF
S31500005390B1FC002D00F0BD802FB1AF4203D03946DD
S315000053A0584600F0A7FC2946584600F0A3FCB0E09A
S315000053B0E20705D50136D5E9002301F093FA01236A
S315000053C06410083562E7022665E7039C069784E7C2
S315000053D0274B0B9903EBC403544453E902230029DA
S315000053E054D00020284901F0A7FB334656462A46EA
S315000053F0FEF7B2FBCDE91001DDE9040101F09AFCEC
S315000054000546FEF7F7FC02460B463035DDE904019A
S31500005410FEF7A2FB02460B4606F8015BCDE9042324
S31500005420DDE91023FEF7B0FD002872D100201249F5
S31500005430DDE90423FEF790FBDDE91023FEF7A4FD6A
S31500005440002840F0B480A6423FF470AF00220B4B18
S31500005450DDE9100101F046FA0022084BCDE9100102
S31500005460DDE9040101F03EFACDE90401C4E700BF1D
S3150000547060910000389100000000F03F00002440D9
S3150000548000001C40000014400000E03F3146564634
S31500005490284601F027FA1594CDE91001DDE904014B
S315000054A001F048FC0546FEF7A5FC024630350B46E2
S315000054B0DDE90401FEF750FB06F8015B02460B46E8
S315000054C0A642CDE904234FF0000224D1AB4BDDE91F
S315000054D01001FEF743FB02460B46DDE90401FEF729
S315000054E071FD002863D10020A449DDE91023FEF7F1
S315000054F033FB02460B46DDE90401FEF745FD0028B5
S315000055003FF414AF159E731E159316F8013C302B0D
S31500005510F8D0069F3BE09A4B01F0E4F9CDE904018F
S31500005520BCE7DDE90445564620462946DDE9002369
S3150000553001F002FB01F0FEFB8046FEF75BFCDDE9B5
S31500005540002301F0CFF90246204608F130040B464D
S315000055502946FEF701FB039D06F8014BA6EB0A045C
S3150000556002460B46A54234D1FEF7F8FA04460D462C
S31500005570DDE90023FEF726FDC0B920462946DDE910
S315000055800023FEF7F7FC10B118F0010F0ED14946C3
S31500005590584600F0AFFB002301373370139B1F60A2
S315000055A0239B002B00F03C821E6039E206973346AF
S315000055B01E4613F8012D392A07D19A45F8D1069AC5
S315000055C00132069230228AF800201A7801321A70C7
S315000055D09FE700226A4B01F085F90022002304466A
S315000055E00D46FEF7C7FC00289ED0D0E70B9A002A8E
S315000055F000F0E180099A012A00F3C480149A002A77
S3150000560000F0B78003F233430A9C4646089A01210C
S31500005610584698441A44089200F022FC05465EB1AA
S31500005620089B002B08DDB342089AA8BF3346A8EBB7
S315000056300308F61AD31A08930A9BF3B10B9B002BA7
S3150000564000F0BD808CB129462246584600F0C2FCC7
S315000056504A4601460546584600F018FC494606905B
S31500005660584600F047FB069B99460A9B1A1B04D036
S315000056704946584600F0AEFC81460121584600F0E6
S31500005680EFFB0F9B0446002B00F0CE811A46014625
S31500005690584600F09FFC099B0446012B00F39580B9
S315000056A0049B002B40F08D80059BC3F31303002B56
S315000056B040F08980059B23F000431B0D1B052BB191
S315000056C0089B08F101080133089301230A930F9BF5
S315000056D0002B00F0AF81236904EB8303186900F007
S315000056E073FBC0F12000089B184410F01F0077D010
S315000056F0C0F12003042B6BDDC0F11C00089B804425
S31500005700034406440893B8F1000F05DD49464246B6
S31500005710584600F0B9FC8146089B002B05DD214662
S315000057201A46584600F0B0FC0446129B002B59D08E
S315000057302146484600F014FD002853DA7B1E4946F0
S315000057400A2258460693002300F0F6FA0B9B814680
S31500005750002B00F07181002329460A22584600F0EA
S31500005760EBFA009B0546002B67DC099B022B41DC0C
S3150000577063E0169BC3F1360346E700BF0000E03F37
S3150000578000002440039B5C1E0A9BA34209DB1C1BF2
S31500005790039B002BBFF639AF039BA8EB0306002340
S315000057A034E70A9B46460F9AE31A0A9400241A44E1
S315000057B0039B0F922AE70A9C46460B9D2FE70A9AFF
S315000057C056E7002382E7049B80E700230A9382E7DB
S315000057D099D01C33089A1A4498441E44089292E7BA
S315000057E00346F6E7039B0697002B20DC0093099BF4
S315000057F0022B1EDD009B002B7FF4C2AD2146052245
S31500005800584600F099FA01460446484600F0A8FCBE
S3150000581000287FF7B5AD3123564606F8013B069BB7
S3150000582001330693B0E5039C06972546F3E7039BF1
S3150000583000930B9B002B00F00381002E05DD29460B
S315000058403246584600F020FC05460A9B002B5AD0EB
S315000058506968584600F00EFA064628B9834B024698
S3150000586040F2EF21FFF75FBB2A6905F10C010C300E
S3150000587002329200FFF79BFA01223146584600F0A9
S3150000588003FC0AF101032F4605460393009B53448C
S315000058900B93049B03F001030A93039B214648469E
S315000058A0013B0093FFF798FA3946049000F130085F
S315000058B0484600F055FC2A4608902146584600F016
S315000058C06BFCC268064602BB0146484600F048FC2F
S315000058D00246314658460E9200F00CFA099B0E9A83
S315000058E0039E42EA03010A9B194310D1B8F1390F0E
S315000058F029D0089B002B02DD049B03F13108009B95
S3150000590083F8008041E52846BBE70122E1E7089BD2
S31500005910002B04DB09990B430A990B4320D1002A7B
S31500005920EDDD49460122584600F0AEFB2146814690
S3150000593000F016FC002803DCE1D118F0010FDED0E0
S31500005940B8F1390FD8D13923009A137033461E4661
S31500005950013B16F8012C392A51D001321A7014E590
S31500005960002A07DDB8F1390FEDD008F10103009ADE
S3150000597013700AE5039B0B9A03F8018C934228D017
S31500005980494600230A22584600F0D6F9AF4281461E
S315000059904FF000034FF00A023946584607D100F08F
S315000059A0CBF907460546039B0133039375E700F0E1
S315000059B0C3F92946074600230A22584600F0BCF9D7
S315000059C00546F0E7009B0027002BCCBF1E460126AC
S315000059D0564449460122584600F056FB2146814668
S315000059E000F0BEFB0028B1DC02D118F0010FADD1EA
S315000059F033461E4613F8012D302AFAD0C5E49A45DF
S31500005A00A5D1069B0133069331238AF80030BCE406
S31500005A10239BDFF85CA01BB10AF10803239A1360ED
S31500005A20504619B0BDE8F08F099B012B7FF738AEC1
S31500005A300F9B0A93012056E6009B002B7FF7D7AEFB
S31500005A40564621464846FFF7C7F900F13008009B45
S31500005A5006F8018BA6EB0A029342B3DD4946002302
S31500005A600A22584600F068F98146EAE7A19000004C
S31500005A702490000038B50546002941D051F8043C71
S31500005A800C1F002BB8BFE41800F0E8F81D4A136895
S31500005A9033B9636014602846BDE8384000F0E4B8C6
S31500005AA0A34208D9206821188B4201BF19685B6898
S31500005AB009182160EDE71A465B680BB1A342FAD9D3
S31500005AC011685018A0420BD120680144501811608B
S31500005AD08342E0D118685B68084453601060DAE7D7
S31500005AE002D90C232B60D6E7206821188B4202BF0F
S31500005AF019685B680918636008BF21605460CAE7CB
S31500005B0038BD00BF800C0020024B0146186800F02B
S31500005B1025B800BFDC01002070B50F4E0C460546C7
S31500005B20316811B900F09AFE30602146284600F02F
S31500005B3095FE431C03D14FF0FF34204670BDC41CB4
S31500005B4024F00304A042F8D0211A284600F086FE6D
S31500005B500130F2D1EFE700BF7C0C00202DE9F843BD
S31500005B60CD1C064625F0030508350C2D38BF0C253F
S31500005B70002D01DBA94204D90C2333600020BDE8C7
S31500005B80F883DFF8D48000F069F8D8F800301C46B6
S31500005B9044BB29463046FFF7BFFF431C044658D195
S31500005BA0D8F800402746002F43D1002C4BD023685D
S31500005BB03946304604EB030900F050FE814542D1D8
S31500005BC0216830466D1A2946FFF7A6FF01303AD004
S31500005BD023682B442360D8F800305A6862BBC8F8A3
S31500005BE000700FE02268521B20D40B2A17D96119C6
S31500005BF0A342256018BF5960636808BFC8F8001043
S31500005C0062514B60304600F02FF804F10B00231D63
S31500005C1020F00700C21A1CBF1B1AA350AFE7626828
S31500005C20A3420CBFC8F800205A60EBE7234664681D
S31500005C30AEE73C467F68B6E71A465B68A342FBD1EF
S31500005C4000235360DEE70C233046336000F00CF887
S31500005C5094E70560D6E700BF800C00200148FFF7F7
S31500005C6096B800BF780C00200148FFF791B800BF36
S31500005C70780C002070B5C66904460D4676B910202A
S31500005C80FFF742FF0246E06120B9184B6B21184826
S31500005C90FDF7D0FDC0E901660660C660E669F368F7
S31500005CA083B1E369DB6853F82500B8B901212046C2
S31500005CB001FA05F6721D920000F0E0FD60B1C0E940
S31500005CC001560EE021220421204600F0D7FDE369AB
S31500005CD0F060DB68002BE4D1002070BD026843F859
S31500005CE025200023C0E90333F7E700BF3190000009
S31500005CF0B290000070B5C66905460C4676B910200C
S31500005D00FFF702FF0246E86120B9094B8F210948D7
S31500005D10FDF790FDC0E901660660C6603CB1EB691F
S31500005D206268DB6853F82210216043F8224070BD98
S31500005D3031900000B29000002DE9F04101F1140C01
S31500005D4007460C461E460D690020DCF8003001307F
S31500005D5099B2854202FB01614FEA13464FEA1143AD
S31500005D6089B202FB063301EB03414FEA13464CF8B6
S31500005D70041BEADC0EB3A368AB4219DC6168384643
S31500005D800131FFF777FF804628B902460C4BBA214E
S31500005D900C48FDF74FFD226904F10C010C3002326C
S31500005DA09200FFF704F8214644463846FFF7A2FF63
S31500005DB004EB850301355E6125612046BDE8F0816F
S31500005DC0A1900000B2900000B0F5803F034636BFB8
S31500005DD0030400201020B3F1807F3CBF1B02083073
S31500005DE0B3F1805F3CBF1B010430B3F1804F3CBF71
S31500005DF09B000230002B05DB13F0804F00F1010001
S31500005E0008BF202070470368024613F007000BD036
S31500005E10D90721D4980747BF5B0801209B080220B9
S31500005E204CBF13601360704799B209B91B0C102060
S31500005E30D9B209B908301B0A190704BF1B09043077
S31500005E40990704BF9B080230D90703D45B0800F109
S31500005E50010003D013607047002070472020704770
S31500005E6010B50C460121FFF705FF024628B9054B80
S31500005E7040F245110448FDF7DDFC0123446103614E
S31500005E8010BD00BFA1900000B29000002DE9F04FB8
S31500005E9017460A69894685B03B699A42A2BF3B46C6
S31500005EA00F4699463D69BB68D9F810A0796805EB9D
S31500005EB00A06B342B8BF0131FFF7DCFE30B902462D
S31500005EC0424B4FF4B1714248FDF7B4FC00F11404A3
S31500005ED0002204EB860E2346734520D307F11408EF
S31500005EE009F1140108EB850501EB8A030293EB1B0C
S31500005EF01537153B23F003030433BD4238BF042393
S31500005F000193029B03918B420CD8002E03DD5EF8B1
S31500005F10043D002B57D0066105B0BDE8F08F43F86D
S31500005F20042BD9E7B1F800A0BAF1000F21D0C4467E
S31500005F30A14600275CF8042BD9F800301FFA82FB33
S31500005F4065459BB24FEA12420AFB0B333B44D9F834
S31500005F5000704FEA17470AFB027202EB13429BB22C
S31500005F604FEA124743EA024349F8043BE2D8019B51
S31500005F70E750039B0431B3F80290B9F1000F20D02B
S31500005F8023684746A4464FF0000AB7F800B09BB214
S31500005F90BCF8022009FB0B22524443EA02434CF8A8
S31500005FA0043B57F8043B4FEA134ABCF80030BD42A5
S31500005FB009FB0A3303EB12434FEA134AE5D8019A69
S31500005FC0A35004349DE7013E9FE700BFA190000067
S31500005FD0B29000002DE9F843154612F00302074679
S31500005FE00E4607D0013A254C002354F82220FFF72D
S31500005FF0A3FE0646AD103DD0FC697CB91020FFF724
S3150000600083FD0246F86128B91D4B40F2B3111D48C5
S31500006010FDF710FCC0E901440460C460D7F81C8099
S31500006020D8F808404CB940F271213846FFF718FFFE
S3150000603000230446C8F8080003604FF00009EB0788
S315000060400AD5314622463846FFF720FF80463146BC
S3150000605038464646FFF74EFE6D100BD0206838B91D
S31500006060224621463846FFF711FF2060C0F800900F
S315000060700446E4E73046BDE8F88300BF28910000F7
S3150000608031900000B29000002DE9F0470C4607461B
S3150000609091464FEA621A2369496803EB6218A368BE
S315000060A008F10106B3420BDB3846FFF7E3FD054670
S315000060B048B90246284B4FF4EF712848FDF7BAFB62
S315000060C001315B00EEE7002300F1140100F110023C
S315000060D01846534533DB2AEAEA7A04F114032069A9
S315000060E019F01F0901EB8A0103EB800C2BD0C9F1D3
S315000060F0200E8A460022186800FA09F010434AF872
S31500006100040B53F8042B9C4522FA0EF2F3D8ACEBA1
S31500006110040304F11500153B23F003030433604523
S3150000612088BF0423CA500AB108F10206013E384668
S3150000613021462E61FFF7DEFD2846BDE8F0870133D4
S3150000614042F8040FC5E7043953F8042B9C4541F87F
S31500006150042FF9D8EAE700BFA1900000B290000032
S3150000616003460A690069801A30B50ED1143314311A
S3150000617003EB820401EB820154F8045D51F8042D0F
S31500006180954203D005D24FF0FF3030BDA342F3D382
S31500006190FBE70120F9E7FFFF2DE9F74F89460646A1
S315000061A0114614464846FFF7DBFF051E12D1294665
S315000061B03046FFF75FFD024628B9414B40F23721D2
S315000061C04048FDF737FB0123C0E90435104603B00C
S315000061D0BDE8F08FBCBF4B46A1463046B8BF01258F
S315000061E0D9F80410B4BF1C460025FFF743FD02464C
S315000061F018B9334B40F24521E2E7D9F8107004F1A3
S31500006200140E266900F1140BC56009F1140509F195
S3150000621010030EEB860605EB8708D9464FF0000CF7
S315000062200193019B5EF8040B53F804AF7645019386
S315000062301FFA8AF3194683B24FEA1040A1EB030313
S31500006240C0EB1A40634400EB23409BB24FEA204C5C
S3150000625043EA004349F8043BE3D8331B1534153BA6
S3150000626023F003030433A64238BF04231D445B44D2
S315000062702C461E4644450ED308F10301491B033D37
S3150000628021F00301A84538BF00210B4453F8041D33
S3150000629099B117619AE754F8041BE6461FFA81FC88
S315000062A0080C7144F44489B200EB2C4041EA0041E9
S315000062B04FEA204C46F8041BDCE7013FE6E700BF47
S315000062C0A1900000B29000002DE9F7430F4601218E
S315000062D0164659EC108BFFF7CDFC044630B9024642
S315000062E0234B40F20F312348FDF7A4FAC9F30A55B0
S315000062F0C9F313030DB143F480130193B8F10003FE
S3150000630023D068460093FFF77EFDDDE90012D0B189
S31500006310C0F1200302FA03F3C2400B43019263610A
S31500006320019B002BA3610CBF012202222261A5B1B1
S31500006330A5F233450544C0F135003D603060204686
S3150000634003B0BDE8F0836161EAE701A8FFF75BFDF2
S31500006350019B203001226361E8E7A0F2324004EBA2
S31500006360820338601869FFF72FFDC0EB4210E5E79E
S31500006370A1900000B29000009368013B002B93604F
S3150000638010B408DA9469A34201DB0A2903D15DF847
S31500006390044BFEF70EBC1368581C106008461970B3
S315000063A05DF8044B7047F8B506460F461446D518F7
S315000063B0AC4201D1002007E03A4614F8011B3046F2
S315000063C0FFF7DAFF431CF3D1F8BDFFFF2DE9F04FCD
S315000063D00D469DB014469846064618B1036A0BB999
S315000063E0FEF7FEFA6B6ED90705D4AB899A0502D47F
S315000063F0A86DFEF7CCFCAB891B0701D52B699BB9B1
S3150000640029463046FEF714FC70B16B6EDC0704D5E6
S315000064104FF0FF301DB0BDE8F08FAB899805F7D47B
S31500006420A86DFEF7B5FCF3E70023CDF80C804FF01E
S315000064300109DFF8B481099320238DF82930302330
S315000064408DF82A3023469A4613F8012B0AB1252ADD
S31500006450F9D1BAEB040B0BD05B46224629463046EF
S31500006460FFF7A1FF013000F0A780099A5A4409926C
S315000064709AF80030002B00F09F8000234FF0FF3287
S315000064800AF1010A049307938DF853301A93CDE964
S31500006490052354460522544814F8011BFEF779FCDF
S315000064A0049AD8B9D10644BF20238DF85330130778
S315000064B044BF2B238DF853309AF800302A2B15D081
S315000064C0079A544600204FF00A0C214611F8013B6A
S315000064D0303B092B4BD9B0B1079214E0A0EB08036F
S315000064E0A24609FA03F313430493D2E7039B191D4B
S315000064F01B68002B0391BBBF5B4242F0020207936D
S315000065000793B8BF049223782E2B0AD163782A2BDF
S3150000651032D1039B02341A1D1B6843EAE3730392CC
S315000065200593DFF8D4A0032221785046FEF731FC0C
S3150000653038B1A0EB0A004022049B01348240134389
S31500006540049314F8011B062228488DF82810FEF73C
S3150000655020FC00283FD0264B1BBB039B073323F0B0
S31500006560070308330393099B3B4409936AE70CFB33
S3150000657002320C460120A8E7002301344FF00A0C32
S3150000658019460593204610F8012B303A092A03D9FB
S31500006590002BC6D00591C4E70CFB0121044601235C
S315000065A0F0E703AB2A4604A930460093114BFDF7EA
S315000065B0D1FD0746781CD6D16B6ED90705D4AB89B9
S315000065C09A0502D4A86DFEF7E3FBAB895B063FF59F
S315000065D01FAF09981EE703AB2A4604A9304600936D
S315000065E0044BFEF753F8E4E70C9100001691000007
S315000065F055410000A763000012910000B1F90C207C
S315000066002DE9F041160705460C4654D44B68002B7D
S3150000661002DC0B6C002B48DDE66A002E45D0002319
S3150000662012F480522F68216A2B6030D0626DA389E4
S31500006630590705D56368D21A636B0BB1236CD21A5E
S315000066400023E66A216A2846B047431CA38906D17F
S3150000665029681D292BD82A4ACA40D60727D50022E1
S31500006660D90462602269226004D5421C01D12B68DC
S3150000667003B96065616B2F60B9B104F144039942B7
S3150000668002D02846FFF7F6F9002363630DE00123E5
S315000066902846B0470246501CC9D12B68002BC6D0ED
S315000066A01D2B01D0162B1DD12F60002021E043F0B9
S315000066B040031BB21AE00F69002FF6D093070E684D
S315000066C00F600CBF4B690023A6EB07088B60B8F17F
S315000066D0000FEADD43463A46216A2846A66AB047D5
S315000066E0002808DCB4F90C3043F040034FF0FF30CB
S315000066F0A381BDE8F0810744A8EB0008E7E700BFE7
S315000067000100402038B50B6905460C4613B9002533
S31500006710284638BD18B1036A0BB9FEF761F9B4F91A
S315000067200C30002BF3D0626ED00704D4990502D446
S31500006730A06DFEF72CFB28462146FFF75FFF636E30
S315000067400546DA07E4D4A3899B05E1D4A06DFEF7DC
S315000067501FFBDDE770B50C46B1F90E1096B0154675
S3150000676000291E460CDAA389002113F0800F14BFFE
S3150000677040234FF48063002031602B6016B070BD5B
S315000067806A4600F049F80028EDDB019901F47041F2
S31500006790A1F50053594259414FF48063EBE78B89C9
S315000067A0F7B59D0706460C4607D504F14703236057
S315000067B023610123636103B0F0BD01AB6A46FFF7B5
S315000067C0C9FF009F054630463946FFF7C7F948B965
S315000067D0B4F90C309A05EED423F0030343F0020318
S315000067E0A381E2E7A389206043F08003A381019B94
S315000067F0C4E904075BB1B4F90E10304600F01EF888
S3150000680028B1A38923F0030343F00103A381A389DD
S315000068101D43A581CFE7FFFF38B50023064D04468B
S31500006820084611462B6000F0B5FA431C02D12B68CE
S3150000683003B1236038BD00BF740C002038B50023B7
S31500006840054D044608462B6000F0ACFA431C02D105
S315000068502B6803B1236038BD740C002038B50023C3
S31500006860054D044608462B60FDF7DAF8431C02D1B5
S315000068702B6803B1236038BD740C002070B5A1FBF2
S31500006880025434B92946FFF769F9064628B9304655
S3150000689070BD0C2200260260F9E72A462146FEF763
S315000068A01DFAF4E782B001B901A942B14BB11378E0
S315000068B00B601278101E18BF012002B070471046F8
S315000068C0FBE76FF00100F8E70346084641B1FF2AEF
S315000068D004D98A224FF0FF301A60704701200A70EF
S315000068E07047FFFF70B54FF0FF0C4CF4E06C1CEAEC
S315000068F011541DBF1CEA135594EA0C0F95EA0C0FB0
S3150000690000F0DEF82C4481EA030621EA4C5123EA22
S315000069104C5350EA013518BF52EA033541F4801151
S3150000692043F4801338D0A0FB02CE4FF00005E1FB04
S3150000693002E506F00042E0FB03E54FF00006E1FB4E
S3150000694003569CF0000F18BF4EF0010EA4F1FF0491
S31500006950B6F5007F64F5407404D25FEA4E0E6D41D1
S3150000696046EB060642EAC62141EA55514FEAC520E2
S3150000697040EA5E504FEACE2EB4F1FD0C88BFBCF55E
S31500006980E06F1ED8BEF1004F08BF5FEA500E50F10F
S31500006990000041EB045170BD06F0004646EA0101D5
S315000069A040EA020081EA0301B4EB5C04C2BFD4EB07
S315000069B00C0541EA045170BD41F480114FF0000E00
S315000069C0013C00F3AB8014F1360FDEBF002001F06E
S315000069D0004170BDC4F10004203C35DA0C341BDCE8
S315000069E004F11404C4F1200500FA05F320FA04F0BA
S315000069F001FA05F240EA020001F0004221F00041EE
S31500006A0010EBD37021FA04F642EB06015EEA430E60
S31500006A1008BF20EAD37070BDC4F10C04C4F1200590
S31500006A2000FA04F320FA05F001FA04F240EA020043
S31500006A3001F0004110EBD37041F100015EEA430E14
S31500006A4008BF20EAD37070BDC4F1200500FA05F234
S31500006A504EEA020E20FA04F301FA05F243EA0203B3
S31500006A6021FA04F001F0004121FA04F220EA0200C2
S31500006A7000EBD3705EEA430E08BF20EAD37070BD08
S31500006A8094F0000F0FD101F00046400041EB0101E8
S31500006A9011F4801F08BF013CF7D041EA060195F0CA
S31500006AA0000F18BF704703F00046520043EB030384
S31500006AB013F4801F08BF013DF7D043EA0603704771
S31500006AC094EA0C0F0CEA135518BF95EA0C0F0CD07C
S31500006AD050EA410618BF52EA4306D1D181EA0301C2
S31500006AE001F000414FF0000070BD50EA410606BFBC
S31500006AF01046194652EA430619D094EA0C0F02D101
S31500006B0050EA013613D195EA0C0F05D152EA033645
S31500006B101CBF104619460AD181EA030101F0004163
S31500006B2041F0FE4141F470014FF0000070BD41F0AC
S31500006B30FE4141F4780170BD70B54FF0FF0C4CF486
S31500006B40E06C1CEA11541DBF1CEA135594EA0C0FA5
S31500006B5095EA0C0F00F0A7F8A4EB050481EA030EF2
S31500006B6052EA03354FEA013100F088804FEA0333D9
S31500006B704FF0805545EA131343EA12634FEA0222A7
S31500006B8045EA111545EA10654FEA00260EF0004168
S31500006B909D4208BF964244F1FD0404F5407402D2BA
S31500006BA05B084FEA3202B61A65EB03055B084FEA4B
S31500006BB032024FF480104FF4002CB6EB020E75EB48
S31500006BC0030E22BFB61A754640EA0C005B084FEA70
S31500006BD03202B6EB020E75EB030E22BFB61A7546ED
S31500006BE040EA5C005B084FEA3202B6EB020E75EB38
S31500006BF0030E22BFB61A754640EA9C005B084FEAB0
S31500006C003202B6EB020E75EB030E22BFB61A7546BC
S31500006C1040EADC0055EA060E18D04FEA051545EAAB
S31500006C2016754FEA06164FEAC30343EA52734FEA54
S31500006C30C2025FEA1C1CC0D111F4801F0BD141EACD
S31500006C4000014FF000004FF0004CB6E711F4801F32
S31500006C5004BF01430020B4F1FD0C88BFBCF5E06F12
S31500006C603FF6AFAEB5EB030C04BFB6EB020C5FEA22
S31500006C70500C50F1000041EB045170BD0EF0004E77
S31500006C804EEA113114EB5C04C2BFD4EB0C0541EAA9
S31500006C90045170BD41F480114FF0000E013C90E6A6
S31500006CA045EA060E8DE60CEA135594EA0C0F08BF6A
S31500006CB095EA0C0F3FF43BAF94EA0C0F0AD150EA69
S31500006CC001347FF434AF95EA0C0F7FF425AF1046FC
S31500006CD019462CE795EA0C0F06D152EA03353FF424
S31500006CE0FDAE1046194622E750EA410618BF52EAA1
S31500006CF043067FF4C5AE50EA41047FF40DAF52EA75
S31500006D0043057FF4EBAE12E74FEA410C7FEA6C5C79
S31500006D1002D150EA013C0AD14FEA430C7FEA6C5C8F
S31500006D2002D152EA033C02D14FF0000070474FF007
S31500006D30010070474FEA410212F5001215D211D533
S31500006D406FF47873B3EB625212D94FEAC12343F062
S31500006D50004343EA505311F0004F23FA02F018BFE4
S31500006D60404270474FF00000704750EA013005D1AD
S31500006D7011F0004008BF6FF0004070474FF0000070
S31500006D80704700BF024B58224FF0FF301A60704721
S31500006D90740C0020024B58224FF0FF301A607047E7
S31500006DA0740C0020024B582200201A60704700BF66
S31500006DB0740C0020024B58224FF0FF301A607047C7
S31500006DC0740C0020024B58224FF0FF301A607047B7
S31500006DD0740C00204275696C7420776974682052BF
S31500006DE0656E6573617320416476616E63656420C8
S31500006DF0466C657869626C6520536F66747761725C
S31500006E0065205061636B6167652076657273696F93
S31500006E106E20352E392E3000352E392E30000000EA
S31500006E2000000905F8B500BFF8BC08BC9E467047CF
S31500006E30F8B500BFF8BC08BC9E4670474653505F85
S31500006E4053554343455353203D3D20657272000020
S31500006E50000000002E2E2F7372632F68616C5F6531
S31500006E606E7472792E630000524120453253545598
S31500006E7044494F000A68656C6C6F20776F726C64CA
S31500006E80210D00004C534D364453563136585F4958
S31500006E90443D307825782C2077686F616D493D3008
S31500006EA07825780A000000005241344D3200000077
S31500006EB04C5053323244465F49443D307825782C55
S31500006EC02077686F616D493D307825780D0A00009E
S31500006ED0545559410000000057494649204D4F443A
S31500006EE0453A00004150204D4F44453A000000000D
S31500006EF04D454D535F4C534D36445356313658002D
S31500006F005441503A0000000054454D503A000000EC
S31500006F1058286D67293A000059286D67293A0000FC
S31500006F205A286D67293A00004D454D535F4C505322
S31500006F303232444600000000507265737375726504
S31500006F403A00000054656D703A0000004150202060
S31500006F50202000006E6F726D616C00004E6F726DC6
S31500006F60616C000053696E676C650000446F756262
S31500006F706C65000053696E676C65205441500D00C6
S31500006F80446F75626C65205441500D0077696669DF
S31500006F905F557064617465005B42544E5D2077698D
S31500006FA066695F61705F6D6F64650D005B5455596E
S31500006FB0415D203C68656172746265617428534561
S31500006FC0513D2575290D0A005B545559415D203CFC
S31500006FD051756572792050726F6475637420496EBD
S31500006FE0666F726D6174696F6E0D00005B54555962
S31500006FF0415D203C517565727920576F726B204D4B
S315000070006F64650D000000005B545559415D203CDE
S31500007010574946495F4D4F44453D253032580D0A84
S31500007020000000005B4D43555D202D3E2054555910
S31500007030412044505F424154203D2025640D0A0002
S315000070405B4D43555D202D3E2054555941204450FB
S315000070505F74454D50203D2025362E32660D0A00C0
S315000070602E2E2F7372632F6F6C65642E6300FFFFE5
S31500007070706C6174666F726D5F77726974655F6C50
S3150000708070733232646600FF706C6174666F726D85
S315000070905F726561645F6C70733232646600FFFF15
S315000070A0706C6174666F726D5F777269746500FFEC
S315000070B0706C6174666F726D5F7265616400FFFF6C
S315000070C06170705F7065726970686572616C5F6926
S315000070D06E69740055AA03030000050055AA030251
S315000070E00000040055AA03050001010955AA030082
S315000070F00001010455AA0300000100034F4C45445A
S315000071005F5265667265736800FFFFFF4F4C45442A
S315000071105F57525F4279746500FFFFFF0000000071
S315000071200000000000000000000000000000000059
S31500007130000000000000000000F8F8F0F0702000E9
S315000071400000000000000000000000000000000039
S315000071500000000000000000000000000000000029
S315000071600000000080000000000000000000000099
S31500007170000000000000000000FFFFFFFF0000000D
S3150000718000000000000000000000000000000000F9
S3150000719080800000000000000000000000000000E9
S315000071A00000000000FFFFFE0606060606060606AD
S315000071B0060606060606060606FFFFFFFF06060685
S315000071C0060606060606060606060606060606FF60
S315000071D0FFFFFF07020000000000000000000000A3
S315000071E00000000000FFFFFF00000000000000009C
S315000071F0000000000000000000FFFFFFFF0000008D
S31500007200000000000000000000000000000000FF79
S31500007210FFFFFF000000000000000000000000006B
S315000072200000000000FFFFFF18181818181818189B
S31500007230181818181818181818FFFFFFFF1818182C
S31500007240181818181818181818181818181818FFD1
S31500007250FFFFFF000000000000000000000000002B
S315000072600000000002010100000000000000000014
S31500007270000000000000000000FFFFFFFF0000000C
S3150000728000000000000000000000000000000001F7
S3150000729001000000000000000000000000000000E7
S315000072A000000000000000000000000000000000D8
S315000072B0000000000000000000FFFFFFFF000000CC
S315000072C000000000000000000000000000000000B8
S315000072D000000000000000000000000000000000A8
S315000072E00000000000000000000000000000000098
S315000072F00000000000000000001F1F0F0F0000002C
S315000073000000000000000000000000000000000077
S315000073100000000000000000000000000000000067
S315000073200000000000000000000000FCF800000063
S315000073300000000000000000000000000000000047
S31500007340FFFE020202020202020202FFFF02020224
S31500007350020202020202FF03000000000000000019
S315000073601F1F040404040404040404FFFF040404AB
S315000073700404040404041F000000000000000000D0
S3150000738000000000000000000000007F3F00000039
S31500007390000000000000000000000000000000C027
S315000073A080808080808080FC84808080808080C017
S315000073B0C0000000000000FF7F404040404040FF0A
S315000073C040404040404040FF7F0000000000000079
S315000073D0000000000000007F7000000000000000B8
S315000073E0000000008484FC8484405E505050DF50CE
S315000073F050505E0010301F080800FE02027F027E19
S315000074000282FE0004E42424A46F042464AF34A49E
S315000074106424040000FF0011229C403F0101010189
S31500007420010101000000F8494A4C48F8484C4A4915
S31500007430F800000010101312121212FF121212128C
S3150000744013101000000000FE20202020203F2020E6
S31500007450202000000080601F020202020202FE00DD
S31500007460000000001010D0FF901000FE020202FE85
S3150000747000000000040300FF0083601F0000003FBF
S3150000748040407800000000000000000000000000FE
S3150000749000000000000000000000000000000000E6
S315000074A000000000000000000000000000F0F0F006
S315000074B0000000000000000000017F010000000045
S315000074C000000000001C1C1C000000000000806082
S315000074D0301C8C60301C0C00000000000000000016
S315000074E00000000000000000000000000000000096
S315000074F0000000E00000000000E000000086E69FBB
S3150000750086868686E69F860000011F01010101012D
S315000075101F010100000080C06020F820E0C00000CC
S31500007520000003070C18FF70E18100000000070F40
S3150000753010107F100F0700008060206080000000A0
S31500007540E02000000F3020309F70DC371030C00084
S315000075500000100E03000718101807000000C020D6
S3150000756020E0C0000000000080E01F38E88703C468
S315000075703C040000070F1810100B070D1010080030
S3150000758000808C4C38000000000000000000000065
S3150000759000000000000000000000000000000000E5
S315000075A00000000000000000000080E03008040039
S315000075B00000000000FEFF010000000000000000C7
S315000075C00000030F1820400000040830E08000008F
S315000075D0000000000000000001FFFE0000000000A7
S315000075E0004020180F03000000000000000000000B
S315000075F00000C00000000000004266663C18FF184C
S315000076003C66664200000000000003000000000027
S3150000761000000000000080000000000000101010B4
S315000076201010FF10101010100000000000000300E2
S315000076300000000000000000000000000000000044
S3150000764000000000000000000000000000808C4CDC
S3150000765038000000000000000000000000000000EC
S315000076600000000000101010101010101010100074
S315000076700000000000000000000000000000000004
S3150000768000000000000000000000000000000000F4
S315000076900000000000001C1C1C0000000000000090
S315000076A00000000000000000E0380C0000000000B0
S315000076B080701C03000000000060380E010000000E
S315000076C000000000000080C060202060C080000034
S315000076D000FEFF010000000001FFFE000001070E92
S315000076E0181010180E0701000000808080C0E0000E
S315000076F0000000000000000000FFFF000000000086
S3150000770000001010101F1F101010000000804020F5
S3150000771020202060C0800000000303008040203845
S315000077201F070000001C1A1918181818181F000047
S315000077300080C020202060C08000000000030300FD
S315000077401010182FE780000000070F1010101018F7
S315000077500F070000000000000000C0E0F00000007D
S3150000776000C0B088868180FFFF8080000000000096
S315000077700010101F1F1010000000E06060606060C5
S315000077806060000000003F1008080818F0E00000E4
S3150000779000070B101010101C0F030000000080C023
S315000077A040202020E0C0000000FCFF21100808084F
S315000077B018F0E0000001070C18101010080F030065
S315000077C00000C0E06060606060E0600000000300F0
S315000077D00000E0180700000000000000001F1F0066
S315000077E0000000000080C0602020202060C08000D3
S315000077F00087EF2C1818303068CF830000070F0879
S3150000780010101010180F07000000C0C02020202004
S31500007810C0800000001F3F604040402010FFFE0077
S3150000782000000C1C101010080F03000000000000E0
S31500007830000000000000000000000000000E0E0E18
S315000078400000000000000000001C1C1C00000000DE
S315000078500000000000000000000000000000000022
S31500007860000C0C000000000000000000005838006A
S315000078700000000000000000000000804020100012
S3150000788000001028448201000000000000000000F3
S3150000789000000102040810000000000000000000C3
S315000078A000000000008484848484848484848400AA
S315000078B00000000000000000000000000000102092
S315000078C0408000000000000000000000000001826F
S315000078D04428100000001008040201000000000007
S315000078E000C020201010101030E0C000000303007C
S315000078F000F010080C070300000000001C1C1C0010
S3150000790000000000000000C0406020202040C000B1
S3150000791000FCFF01F00E03C1FE03807F0001070E8D
S3150000792008111110110904020000000080E0E000B7
S31500007930000000000000807C4340477FF880000084
S3150000794010181F1000000000131F1C1020E0E0207C
S3150000795020202060C080000000FFFF1010101018CB
S315000079602FE78000101F1F1010101010180F0700AF
S31500007970000080C0402020202060E00000FCFF01C5
S3150000798000000000000001000001070E1810101092
S315000079900804030020E0E02020202040C0800000F2
S315000079A000FFFF000000000001FFFE00101F1F1077
S315000079B0101018080E07010020E0E02020202020EB
S315000079C02060800000FFFF101010107C00000000F7
S315000079D0101F1F10101010101018060020E0E020D5
S315000079E0202020206060800000FFFF101010107C17
S315000079F000000100101F1F10000000000000000022
S31500007A00000080C06020202040E0000000FCFF0154
S31500007A1000004040C0C140400001070E1810101081
S31500007A200F0F000020E0E0200000000020E0E02032
S31500007A3000FFFF101010101010FFFF00101F1F1086
S31500007A4000000000101F1F100000202020E0E02092
S31500007A50202000000000000000FFFF0000000000E2
S31500007A6000001010101F1F10101000000000000072
S31500007A70202020E0E020202000000000000000FF81
S31500007A80FF0000000060E0808080C07F3F000000B3
S31500007A9020E0E020000020A06020200000FFFF3052
S31500007AA0187CE3C000000000101F1F100000011327
S31500007AB01F1C181020E0E02000000000000000005D
S31500007AC000FFFF000000000000000000101F1F1054
S31500007AD0101010101018060020E0E0E00000000072
S31500007AE0E0E0E02000FF013FFEC0E01E01FFFF00D6
S31500007AF0101F1000031F0300101F1F1020E0E0C01E
S31500007B00000000000020E02000FF0003071C78E0D2
S31500007B108000FF00101F100000000000030F1F0070
S31500007B20000080C060202060C080000000FEFF01D1
S31500007B300000000000FFFE000001070E18101018DC
S31500007B400C07010020E0E0202020202060C08000FB
S31500007B5000FFFF2020202020301F0F00101F1F10C5
S31500007B600000000000000000000080C060202060CF
S31500007B70C080000000FEFF010000000000FFFE00C4
S31500007B800001070E1111133C7C67210020E0E02064
S31500007B902020202060C0800000FFFF101030F0D0B1
S31500007BA0080F0700101F1F10000000030F1C101005
S31500007BB00080C060202020204040E00000070F0C1D
S31500007BC01818303060E08100001F0C0810101010EB
S31500007BD0180F07008060202020E0E0202020608031
S31500007BE00100000000FFFF0000000001000000008F
S31500007BF0101F1F100000000020E0E0200000000021
S31500007C000020E02000FFFF00000000000000FF0051
S31500007C1000070F1810101010100807002060E0E091
S31500007C202000000020E060200000077FF880008030
S31500007C307C03000000000000071F1C070000000076
S31500007C4020E0E02000E0E0200020E0200007FFF830
S31500007C50E01FFFFCE01F00000000031F0300011FE0
S31500007C6003000000002060E0A0000020E06020008B
S31500007C70000000038F7CF8C6010000000010181EEB
S31500007C80130001171F1810002060E0E0200000001C
S31500007C9020E06020000001073EF8E0180700000021
S31500007CA000000010101F1F10100000000080602050
S31500007CB0202020A0E0E0200000000000C0F03E0FE1
S31500007CC00300000000101C1F1710101010180600EB
S31500007CD00000000000FC040404040400000000008E
S31500007CE000FF00000000000000000000007F404090
S31500007CF040404000000010E00000000000000000CE
S31500007D0000000000031C608000000000000000006E
S31500007D10000000030C70800000000404040404FC4E
S31500007D200000000000000000000000FF000000004E
S31500007D30000040404040407F00000000000000106E
S31500007D40080C040C081000000000000000000000F1
S31500007D50000000000000000000000000000000001D
S31500007D60000000000000000000000000000000000D
S31500007D7000000000000000008080808080808080FD
S31500007D8080808080000000040408080000000000D5
S31500007D9000000000000000000000000000000000DD
S31500007DA000000000000000000000000000000000CD
S31500007DB000000000000098D844642424FCF8000069
S31500007DC0000F1F18101010081F1F10180020E0F0D9
S31500007DD000000000000000000000FFFF1808040477
S31500007DE00CF8F00000001F0F18101010180F0300F9
S31500007DF000000000000000000000000000E0F8188D
S31500007E000404043C3800000000030F0C101010108E
S31500007E10080600000000000000000020E0F000005E
S31500007E2000E0F81C04040408FFFF000000030F181C
S31500007E30101010081F0F08000000000000000000CE
S31500007E40000000000000E0F8484444444C7870000C
S31500007E500000030F0C1810101008040000000000AA
S31500007E6080C0602020E0C00000040404FFFF04047A
S31500007E7004040000000010101F1F10101000000066
S31500007E80000000000000000000000000000070F884
S31500007E908C04048CF874040C007076CF8D8D8D895B
S31500007EA0C87870000020E0F000000000000000002C
S31500007EB00000FFFF08040404FCF8000000101F1F68
S31500007EC0100000101F1F100000000000006060007E
S31500007ED0000000000000040404FCFC000000000098
S31500007EE000001010101F1F101010000000000000EE
S31500007EF0000000606000000000000000040404FCB4
S31500007F00FC0000000000C0C08080C07F3F00000071
S31500007F100020E0F000000000000000000000FFFF6D
S31500007F2080C0F41C0404000000101F1F1100031F72
S31500007F301C1010000000202020E0F00000000000CF
S31500007F400000000000FFFF0000000000000010100D
S31500007F50101F1F101010000000000000000000009D
S31500007F600000000004FCFC0804FCFC0804FCFC0007
S31500007F70101F1F10001F1F10001F1F100000000001
S31500007F8000000000000000000004FCFC08080404D7
S31500007F90FCF8000000101F1F100000101F1F10002B
S31500007FA000000000000000000000000000E0F018E3
S31500007FB00C04040C18F0E00000030F0C1010101055
S31500007FC00C0F03000000000000000000000000008D
S31500007FD00004FCFC080404040CF8F0000080FFFF19
S31500007FE0889010101C0F0300000000000000000025
S31500007FF00000000000E0F81C04040408F8FC00007F
S3150000800000030F1810109088FFFF8000000000008A
S315000080100000000000000000040404FCFC1008043A
S31500008020040C0C001010101F1F1010100000000090
S315000080300000000000000000000000000000307892
S31500008040CCC48484840C1C0000001E18101010116F
S31500008050190F06000000000000C00000000000002C
S3150000806000040404FFFF04040400000000000000F4
S315000080700F1F1010100C0000000000000000000090
S31500008080000000000004FCFE00000004FCFE0000EE
S3150000809000000F1F181010081F0F08000000000036
S315000080A0000000000000000000040C3CFCC40000BE
S315000080B0C43C0C0400000000010F1E0E010000006D
S315000080C0000000000000000000000000043CFCC4AA
S315000080D000E47CFC84807C040000071F0700000786
S315000080E01F07000000000000000000000000000064
S315000080F00004041C7CE4C0341C0404000010101CA2
S315000081001601131F1C1810000000000000000000DC
S315000081100000000000040C3CFCC400C43C04040045
S315000081200000C080C1370E01000000000000000002
S31500008130000000000000000000001C0404C4F47CE1
S315000081401C0400000000101C1F17111010180E0050
S3150000815000000000000000F80C0400000000000011
S31500008160001028EF00000000000000000000003FA3
S3150000817060400000000000000000FF00000000005A
S31500008180000000000000FF000000000000000000EA
S315000081900000FF00000000000000040CF8000000D2
S315000081A00000000000000000EF28100000000000A2
S315000081B0000040603F0000000000000000180602BA
S315000081C00204081020203008000000000000000013
S315000081D00000000000000000000000000000000099
S315000081E00000000000000000000000000000000089
S315000081F0000000F80000000000000033300000001E
S3150000820000100C06100C0600000000000000000024
S3150000821040C07840C0784000043F04043F04040096
S31500008220007088FC08300000001820FF211E0000A6
S31500008230F008F000E018000000211C031E211E00BB
S3150000824000F00888700000001E2123241927211041
S3150000825010160E00000000000000000000000000E4
S31500008260000000E01804020000000007182040008B
S3150000827000020418E000000000402018070000007B
S31500008280404080F0804040000202010F01020200DF
S31500008290000000F0000000000101011F01010100C3
S315000082A0000000000000000080B070000000000028
S315000082B000000000000000000001010101010101B1
S315000082C00000000000000000003030000000000048
S315000082D0000000008060180400601806010000001D
S315000082E000E010080810E000000F102020100F001A
S315000082F0001010F8000000000020203F20200000A1
S3150000830000700808088870000030282422213000F8
S3150000831000300888884830000018202020110E0000
S315000083200000C02010F8000000070424243F2400A9
S3150000833000F80888880808000019212020110E007E
S3150000834000E0108888180000000F112020110E0090
S3150000835000380808C83808000000003F0000000088
S315000083600070880808887000001C222121221C0049
S3150000837000E010080810E0000000312222110F0072
S31500008380000000C0C0000000000000303000000007
S315000083900000008000000000000080600000000077
S315000083A00000804020100800000102040810200090
S315000083B040404040404040000404040404040400DB
S315000083C00008102040800000002010080402010070
S315000083D0007048080808F000000000303601000070
S315000083E0C030C828E810E0000718272423140B0023
S315000083F00000C038E0000000203C2302022738209D
S3150000840008F8888888700000203F202020110E0080
S31500008410C030080808083800071820202010080077
S3150000842008F808080810E000203F202020100F0060
S3150000843008F88888E8081000203F2020232018002C
S3150000844008F88888E8081000203F20000300000094
S31500008450C03008080838000007182020221E020035
S3150000846008F808000008F808203F210101213F20F4
S31500008470000808F8080800000020203F202000001F
S3150000848000000808F8080800C08080807F0000000F
S3150000849008F888C028180800203F20012638200048
S315000084A008F8080000000000203F202020203000AF
S315000084B008F8F800F8F80800203F003F003F2000C9
S315000084C008F830C00008F808203F200007183F00D1
S315000084D0E01008080810E0000F10202020100F0000
S315000084E008F808080808F000203F210101010000F3
S315000084F0E01008080810E0000F18242438504F0038
S3150000850008F8888888887000203F2000030C3020F7
S3150000851000708808080838000038202121221C0035
S31500008520180808F8080818000000203F200000007E
S3150000853008F808000008F808001F202020201F0067
S315000085400878880000C83808000007380E010000C7
S31500008550F80800F80008F800033C0700073C030091
S31500008560081868808068180820302C03032C3020F7
S315000085700838C800C83808000000203F2000000066
S3150000858010080808C83808002038262120201800BE
S31500008590000000FE020202000000007F4040400092
S315000085A0000C30C000000000000000010638C000CA
S315000085B000020202FE000000004040407F00000072
S315000085C00000040202020400000000000000000097
S315000085D00000000000000000808080808080808095
S315000085E0000202040000000000000000000000007D
S315000085F000008080808000000019242222223F2073
S3150000860008F8008080000000003F112020110E00B5
S315000086100000008080800000000E11202020110044
S31500008620000000808088F800000E112020103F20F6
S315000086300000808080800000001F2222222213007A
S31500008640008080F0888888180020203F20200000C5
S315000086500000808080808000006B9494949360007A
S3150000866008F8008080800000203F210000203F2085
S3150000867000809898000000000020203F2020000085
S31500008680000000809898000000C08080807F000075
S3150000869008F8000080808000203F24022D30200052
S315000086A0000808F8000000000020203F20200000FD
S315000086B08080808080808000203F20003F20003F17
S315000086C08080008080800000203F210000203F2025
S315000086D00000808080800000001F202020201F00D6
S315000086E0808000808000000080FFA12020110E0005
S315000086F00000008080808000000E112020A0FF80F6
S31500008700808080008080800020203F2120000100A2
S3150000871000008080808080000033242424241900F7
S31500008720008080E0808000000000001F2020000004
S315000087308080000000808000001F202020103F2045
S31500008740808080000080808000010E3008060100D5
S3150000875080800080008080800F300C030C300F007A
S3150000876000808000808080000020312E0E312000A5
S31500008770808080000080808080818E7018060100D5
S3150000878000808080808080000021302C22213000F3
S3150000879000000000807C020200000000003F404014
S315000087A000000000FF00000000000000FF000000C5
S315000087B00002027C800000000040403F00000000F4
S315000087C0000601010202040400000000000000008F
S315000087D00000000000000000000000000000FC0097
S315000087E00000000002000000000C020C0200000065
S315000087F00000000090D0BCD0BC9000030003000035
S315000088001824FE448C000302070201001824D8B085
S315000088104C80000300010201C038E438E000010288
S31500008820020102020806000000000000000000002D
S31500008830000000F80402000000010204000204F82F
S3150000884000000004020100009060F8609000000043
S31500008850010000002020FC20200000000100000094
S315000088600000000000000806000000002020202074
S3150000887020000000000000000000000000000002D0
S31500008880000000000080601C0200040300000000DD
S31500008890F8040404F8000102020201000008FC00CA
S315000088A0000000020302000018844424180003029A
S315000088B00202020008042424D80001020202010078
S315000088C040B088FC80000000000302003C24242401
S315000088D0C400010202020100F824242CC000010297
S315000088E0020201000C04E41C040000000300000066
S315000088F0D8242424D800010202020100384444444A
S31500008900F800000302020100000010000000000051
S315000089100200000000002000000000000600000029
S315000089200020508804020000000001029090909000
S3150000893090000000000000000002048850200002A1
S31500008940010000001804C424180000000200000002
S31500008950F804E494F80001020202020000E09CF030
S31500008960800002030000030204FC2424D800020352
S3150000897002020100F80404040C00010202020100D4
S3150000898004FC0404F80002030202010004FC24743F
S315000089900C0002030202030004FC24740C00020310
S315000089A002000000F0080444CC400001020201006D
S315000089B004FC2020FC040203000003020404FC045F
S315000089C00400020203020200000404FC040406047C
S315000089D00403000004FC24D00C040203020003027A
S315000089E004FC04000000020302020203FC3CC03C3B
S315000089F0FC0003000300030004FC30C4FC04020373
S31500008A0002000300F8040404F80001020202010057
S31500008A1004FC24241800020302000000F8848404E5
S31500008A20F80001020207050004FC24649800020312
S31500008A3002000302182424448C00030202020100EF
S31500008A400C04FC040C0000020302000004FC0000FD
S31500008A50FC04000102020100047C80E01C0400000A
S31500008A60030000001CE03CE01C00000300030000C3
S31500008A70049C609C0400020300030200041CE01C2A
S31500008A8004000002030200000C84641C04000203BC
S31500008A90020203000000FE020200000007040400B8
S31500008AA0000E30C00000000000010200000202FEBD
S31500008AB00000000404070000000402040000000097
S31500008AC00000000000000000000008080808080870
S31500008AD00000020000000000000000000040A0A00E
S31500008AE0C00000010202030204FC2020C0000003B3
S31500008AF00202010000C02020600000010202020004
S31500008B0000C02024FC0000010202030200C0A0A055
S31500008B10C0000001020202000020F8242404000222
S31500008B20030202000040A0A0602000070A0A0A040F
S31500008B3004FC2020C0000203020003020020E4001F
S31500008B400000000203020000000020E40000080804
S31500008B500807000004FC80E0202002030200030254
S31500008B600404FC000000020203020200E020E020F0
S31500008B70C00003000300030020E02020C000020321
S31500008B800200030200C02020C00000010202010012
S31500008B9020E02020C000080F0A02010000C02020AB
S31500008BA0E0000001020A0F0820E040202000020336
S31500008BB0020000000060A0A02000000202020300E4
S31500008BC00020F820000000000102020020E0002042
S31500008BD0E00000010202030220E020806020000085
S31500008BE0030100006080E0806000000300030000D5
S31500008BF020608060200002030003020020E0208045
S31500008C0060200808070100000020A0602000000284
S31500008C1003020200000020DE02000000000704003C
S31500008C20000000FF00000000000F00000002DE2030
S31500008C300000000407000000020102040402000014
S31500008C40000000000000000000000000002F0000EF
S31500008C5000000700070000147F147F1400242A7FF9
S31500008C602A12006264081323003649552250000078
S31500008C700503000000001C224100000041221C00E8
S31500008C800014083E08140008083E0808000000A06A
S31500008C906000000808080808000060600000002066
S31500008CA010080402003E5149453E0000427F400044
S31500008CB0004261514946002141454B3100181412CA
S31500008CC07F10002745454539003C4A494930000197
S31500008CD07109050300364949493600064949291EE6
S31500008CE00000363600000000563600000008142248
S31500008CF04100001414141414000041221408000248
S31500008D000151090600324959513E007C1211127C6C
S31500008D10007F49494936003E41414122007F414199
S31500008D20221C007F49494941007F09090901003E8B
S31500008D304149497A007F0808087F0000417F4100C9
S31500008D40002040413F01007F08142241007F40403F
S31500008D504040007F020C027F007F0408107F003E27
S31500008D604141413E007F09090906003E4151215E0D
S31500008D70007F091929460046494949310001017F0A
S31500008D800101003F4040403F001F2040201F003FA0
S31500008D904038403F00631408146300070870080752
S31500008DA000615149454300007F41410000552A5565
S31500008DB02A55000041417F000004020102040040E0
S31500008DC04040404000000102040000205454547802
S31500008DD0007F484444380038444444200038444422
S31500008DE0487F00385454541800087E0901020018C0
S31500008DF0A4A4A47C007F080404780000447D4000FD
S31500008E00004080847D00007F102844000000417FE0
S31500008E104000007C04180478007C080404780038BC
S31500008E204444443800FC242424180018242418FC44
S31500008E30007C0804040800485454542000043F44AD
S31500008E404020003C4040207C001C2040201C003C70
S31500008E504030403C004428102844001CA0A0A07CC0
S31500008E60004464544C4414141414141406020601E9
S31500008E7003010000B505000000000000808E000020
S31500008E8000FFFFFF04020B0103000000C105000004
S31500008E9000000000988E000000FFFFFF090200009E
S31500008EA00C000C010C020C03000000000000000086
S31500008EB03905000000000000BC8E00000001000023
S31500008EC0C80100200F00FFFF00000000FFFF0000A8
S31500008ED002000000801A06006B000000010CDF048F
S31500008EE0050000000000000000000000A1050000D1
S31500008EF000000000F88E0000010400B61B01FFFF11
S31500008F00000200000C070C080C090C0A0000000007
S31500008F1000000000A104000000000000208F0000F7
S31500008F2000010000CC0100200F00FFFF0000000040
S31500008F30FFFF000011000000408F0000000000004D
S31500008F4000400000000000000400000002000000D5
S31500008F50040000000D0000000000010400010000F4
S31500008F6000000104010100000400000002010000ED
S31500008F7004000000040100000000010008010000D8
S31500008F800000010509010000000001050A010000BA
S31500008F90000000000B0100001000000000020000AD
S31500008FA0000001000003000040000104010300006E
S31500008FB0400001040203000000400000020400001B
S31500008FC00400000000050000B601B701B801B901B0
S31500008FD08D018E0107008001810182018301050058
S31500008FE0020403040404FFFF01000200080010004D
S31500008FF0494E4600696E66004E414E006E616E0037
S315000090003000303132333435363738394142434413
S31500009010454600303132333435363738396162638C
S3150000902064656600496E66696E697479004E614EC4
S31500009030005245454E54206D616C6C6F632073750C
S3150000904063636565646564002F646174612F6A6596
S315000090506E6B696E732F776F726B73706163652FBA
S31500009060474E552D746F6F6C636861696E2F617220
S315000090706D2D31332F7372632F6E65776C69622D98
S3150000908063796777696E2F6E65776C69622F6C6995
S3150000909062632F7374646C69622F64746F612E63EC
S315000090A00042616C6C6F632073756363656564650C
S315000090B064002F646174612F6A656E6B696E732F2D
S315000090C0776F726B73706163652F474E552D746FA2
S315000090D06F6C636861696E2F61726D2D31332F730A
S315000090E072632F6E65776C69622D63796777696E37
S315000090F02F6E65776C69622F6C6962632F73746477
S315000091006C69622F6D707265632E6300232D302BA0
S315000091102000686C4C006566674546470043005072
S315000091204F534958002E00FF0500000019000000AB
S315000091307D000000FFFFFFFF0080E03779C3414359
S31500009140176E05B5B5B89346F5F93FE9034F384DA7
S31500009150321D30F94877825A3CBF737FDD4F157553
S31500009160000000000000F03F000000000000244066
S3150000917000000000000059400000000000408F4041
S31500009180000000000088C34000000000006AF840AC
S315000091900000000080842E4100000000D0126341D0
S315000091A00000000084D797410000000065CDCD4146
S315000091B0000000205FA00242000000E87648374227
S315000091C0000000A2941A6D42000040E59C30A242C5
S315000091D00000901EC4BCD64200003426F56B0C433A
S315000091E00080E03779C3414300A0D88557347643E1
S315000091F000C84E676DC1AB43003D9160E458E14342
S31500009200408CB5781DAF154450EFE2D6E41A4B44B6
S3150000921092D54D06CFF08044F64AE1C7022DB544FB
S31500009220B49DD9794378EA440020202020202020CC
S315000092302020282828282820202020202020202000
S315000092402020202020202020208810101010101010
S31500009250101010101010101010040404040404045C
S3150000926004040410101010101010414141414141F6
S3150000927001010101010101010101010101010101D8
S3150000928001010101101010101010424242424242E8
S3150000929002020202020202020202020202020202A8
S315000092A00202020210101010200000000000000050
S315000092B000000000000000000000000000000000A8
S315000092C00000000000000000000000000000000098
S315000092D00000000000000000000000000000000088
S315000092E00000000000000000000000000000000078
S315000092F00000000000000000000000000000000068
S315000093000000000000000000000000000000000057
S315000093100000000000000000000000000000000047
S31500009320000000000000000000FFFFFF100000002A
S3150000933000000000017A5200027C0E011B0C0D0099
S31500009340100000001800000080BAFFFF10000000A7
S30D0000935000000000000000000F
S31500009358A08601000100000055AA030700080802BC
S315000093680004000000001F0055AA030700050A04B0
S315000093780001001D55AA03070008030200040000A7
S3150000938800001A0055AA0301002A7B2270223A22FD
S315000093983633706E6669726D72736C78747572386E
S315000093A8222C2276223A22312E302E30222C226D81
S315000093B8223A307D400100001E0E07070707030307
S315000093C88383C7C7FFFFFFFFFF7E3CE0F0F8F8F88E
S315000093D8F8BCBCBCBCBCBCBCBCBC1CFCFCFCFCF8E7
S315000093E8F8F8F8E0C0800000FCFCFCFC00E0F0F8AF
S315000093F8F8F8F8BCBCBCBCBCBCBCBC9CE0F0F8F83B
S31500009408F8F8FCFCFCBCBCBC3C3C3C3C1C000080AA
S31500009418C0F0F0F8F8FCFCFCF8F8C08000F0F0F8B2
S31500009428F8F8F8FCFCBCBCBCBC3C3C3C1CFFFFFF91
S31500009438FFFFFFFF0003070F1F3F7FFFFDF8F0E068
S31500009448FFBF7FFFFFFFF7E7E7E7E7E7E7E7E3E0C9
S31500009458FFFFFFFFFF03070F3F3F7FFFFEFFFFFFF3
S31500009468FF003F7FFFFFFFFFF7E7E7E7E7E7E7E3F1
S31500009478E3E0E0E1E3E3E7E7EFEFEFFFFFFFFFFEFF
S315000094887EFCFCFEFFFF7F1FEFE1E1E3EFFFFFFF3E
S31500009498FFFEFDF1E3E3E7E7E7EFEFEFFFFFFFFF8F
S315000094A8FE7E000000000000000000000000000032
S315000094B80000010103030707070604000000000077
S315000094C8000000000000000000000000000000008E
S315000094D8000000000000000000000000000000007E
S315000094E8000000000000000000000000000000006E
S315000094F8000000000000000000000000000000005E
S31500009508000000000000000000000000000000004D
S315000095180000000000000000440020AD440020AD1B
S315000095280000000003000000380B0020E0010020C6
S3150000953800000000380B0020A00B0020080C0020BB
S31500009548000000000000000000000000000000000D
S3150000955800000000000000000000000000000000FD
S3150000956800000000000000000000000000000000ED
S31500009578000000000000000000000000430000009A
S3150000958800000000000000000000000000000000CD
S31500009598000000000000000000000000430000007A
S315000095A800000000000000000000000000000000AD
S315000095B8000000000000000000000000430000005A
S315000095C8000000000000000000000000000000008D
S315000095D8000000000000000000000000430000003A
S315000095E8000000000000000000000000000000006D
S315000095F8000000000000000000000000430000001A
S31500009608000000000000000000000000000000004C
S3150000961800000000000000000000000043000000F9
S31500009628000000000000000000000000000000002C
S3150000963800000000000000000000000043000000D9
S31500009648000000000000000000000000000000000C
S31500009658000000000000000000000000C9680000CB
S31500009668A56800000000000028920000259100006F
S315000096781191000011910000119100001191000054
S315000096881191000011910000119100001191000044
S3150000969811910000FFFFFFFFFFFFFFFFFFFFFFFF26
S315000096A8FFFF000001004153434949000000000044
S315000096B8000000000000000000000000000000009C
S315000096C80000000000004153434949000000000023
S315000096D8000000000000000000000000000000007C
S315000096E80000000000000000DD000000B5000000DA
S3150100A100FFFFFFFFFFFFFFFFFFFFFFFFFFFFFFFF58
S3090100A134FFFFFFFF24
S3150100A200FFFDFFFFFFFFFFFFFFFFFFFFFFFFFFFF59
S3150100A210FFFFFFFFFFFFFFFFFFFFFFFFFFFFFFFF47
S3150100A220FFFFFFFFFFFFFFFFFFFFFFFFFFFFFFFF37
S3150100A230FFFFFFFFFFFFFFFFFFFFFFFFFFFFFFFF27
S3150100A240FFFFFFFFFFFFFFFFFFFFFFFFFFFFFFFF17
S3150100A250FFFFFFFFFFFFFFFFFFFFFFFFFFFFFFFF07
S3150100A260FFFFFFFFFFFFFFFFFFFFFFFFFFFFFFFFF7
S3150100A270FFFFFFFFFFFFFFFFFFFFFFFFFFFFFFFFE7
S3150100A280F8F8FFFFFFFFFFFFFFFFFFFFFFFFFFFFE5
S3150100A290FFFFFFFFFFFFFFFFFFFFFFFFFFFFFFFFC7
S3150100A2A0FFFFFFFFFFFFFFFFFFFFFFFFFFFFFFFFB7
S3150100A2B0FFFFFFFFFFFFFFFFFFFFFFFFFFFFFFFFA7
S3150100A2C0FFFFFFFFFFFFFFFFFFFFFFFFFFFFFFFF97
S70500003A655B
