S01A00005241344D325F494F545F50726F6A656374392E737265630A
S3150000000040300020153200004D3000001132000053
S3150000001011320000113200001132000011320000CE
S315000000200000000000000000000000001132000087
S3150000003011320000000000001132000011320000F1
S3150000004041240000B5230000D1240000192500003A
S3150000005085280000D1290000612D00004124000000
S31500000060B5230000D1240000192500000348044BE5
S31500000070834202D0034B03B118477047A003002008
S31500000080A003002000000000064B0749C91A89108A
S3150000009048BF0131491003D0044B0BB10148184742
S315000000A0704700BFA0030020A0030020000000004E
S315000000B010B5064C237843B9FFF7D8FF044B13B1AC
S315000000C00448AFF300800123237010BDC003002055
S315000000D000000000448A000008B5054B1BB1054925
S315000000E00548AFF30080BDE80840FFF7CDBF00BF6D
S315000000F000000000C4030020448A00004FF47A7117
S3150000010002F078BF2DE9F0410C46374E82B0174613
S315000001106B210122354898468DF8074002F038FADF
S315000001203368002B59D1012330481A460DF10701D7
S3150000013002F084FA3060002848D12D4D2D4C95F8F8
S3150000014000C0BCF1030F0DD0206878B3012108462A
S3150000015002F050FF206895F800C00138BCF1030F8B
S315000001602060F2D101232B70234B4246236039468F
S3150000017000231E4802F012FA306000BB2A78022AD9
S315000001800CD02368BBB14FF47A71012002F032FF24
S3150000019023682A78013B022A2360F3D10123002039
S315000001A0154A2B70226002B0BDE8F081BCF1010F48
S315000001B0D8D100BED6E7012AF0D100BEEEE74FF453
S315000001C04D710E4B0E4A0F4802F00CFF40F22231E1
S315000001D00A4B0B4A0B4802F005FF4FF44871074BD8
S315000001E0074A084802F0FEFE10040020080A002014
S315000001F00400002000000020A0860100EC6500003D
S31500000200FC670000046600002DE9F041274E0D460C
S3150000021090466B210122264800AF1C4602F0B8F931
S315000002203368002B3AD16A4604F10803DB08A2EBD7
S31500000230C3039D46684622464146013400F8015BE9
S3150000024004F005F9012322466946194802F0F6F939
S315000002503060E0B9174D184C2A78032A0BD0236872
S315000002608BB10121084602F0C5FE23682A78013BBE
S31500000270032A2360F4D101230020104A2B70226048
S31500000280BD46BDE8F081012AF5D100BEF3E74FF483
S3150000029040710B4B0B4A0C4802F0A4FE40F2F921C8
S315000002A0074B084A084802F09DFE00BF10040020D4
S315000002B0080A00200400002000000020A08601009B
S315000002C0EC650000EC670000046600000379012B72
S315000002D008D0022B02D0042B07D0704701221B4BFB
S315000002E01A7070471A4A137070471A4A1368FE2B21
S315000002F0F3D819494978022917D810B417498468E0
S31500000300581CCC5403461060087855281CBF03F1CE
S31500000310FF331360062B05D9CB78062B02D00122BA
S315000003200F4B1A605DF8044B70470C490878552846
S315000003301CBF03F1FF331360062BCED9CB78062BF7
S31500000340CBD00122064B1A60704700BF3305002050
S3150000035034050020300400203486000034040020D8
S315000003602C0400200379022B02D10122014B1A70C2
S31500000370704700BF0E0400202DE9F047B2F10009D6
S3150000038082B019DD8A460025DFF83C800C4C0D4F03
S3150000039001EB09061AF9013B0122384601A901932E
S315000003A001F0E4FDC8F8000000B100BE2378002B80
S315000003B0FCD056452570EDD1484602B0BDE8F08721
S315000003C00E040020D8090020100400200122034B4F
S315000003D01A7008B102791A70704700BF0400002035
S315000003E00122014B1A707047DC0300202DE980487A
S315000003F0012295B04FF48271894802F06BFB01220D
S315000004000221874802F066FB01224FF4817184487D
S3150000041002F060FB8349844801F0F2FD834B1860CB
S31500000420002840F08D850B2281497F4801F09EFD12
S315000004307E4B1860002847D17E4A1378002BFCD0EB
S3150000044000237D4D7D48137003F0B8FE28467C4995
S3150000045002F042F9754B1860002840F07F85794913
S31500000460794802F01BFC714B1860002840F061854A
S31500000470754802F053FC6D4B1860002840F0528519
S315000004807249734801F0BCFD684B1860002840F0C3
S315000004905E85704A704C714B4FF47A71C4E9002343
S315000004A06F4B0A20C4E902356E4D02F0A3FD2946C2
S315000004B0204600F00BFE70216B482A7803F016FEEA
S315000004C02B78702B02D0FEE700BEB5E7042120464C
S315000004D000F09AFD654E3146204600F0C9FD35789C
S315000004E0002DF8D1032601215B4800F029FE604962
S315000004F059484B78012463F03F034B7000F084FEAB
S315000005005C4A554813785C4F23F0030343F001031C
S315000005101946137000F02EFE584A4F481378DFF83C
S3150000052080A143F004031946137001F0A7F8544B59
S3150000053049489A7866F304029A70196801F0C6F879
S315000005407F21504B4448197001F010F901214248AF
S3150000055001F022F90821404800F0C0FD02213E4882
S3150000056000F038FE01F076FC01F01AFA284601F098
S3150000057083F9284601F08CF901F012FA10232A4675
S3150000058029462846009401F05DFB102322461846B2
S315000005902946009401F056FB10230222202029460A
S315000005A0009501F04FFB32461026102330202946D5
S315000005B0009501F047FB10230422402029460095B0
S315000005C001F040FB01F07EF9314608232846CDE9CB
S315000005D000642D4A01F0E8FA334631462B4E54208A
S315000005E02B4A009401F0BAFA01F06CF91323752234
S315000005F020212846CDE9006401F0ACFB01F062F948
S315000006004FF47A71C82002F0F5FC224B039303F1F4
S315000006100B08214B03F10D09204B03F10D0B7DE077
S31500000620C0090020D0850000D80900201004002051
S31500000630186600000E040020080A00202466000048
S3150000064004860000B8850000C80900203486000032
S31500000650480A002009020000E0030020050100000E
S31500000660FD0000000D04002034660000F0030020A9
S31500000670F40300200C0400202004002008040020BD
S315000006800404002000040020F7FF34016800002065
S3150000069058660000180000202400002008000020F2
S315000006A033050020A24A1278042AA24A02D013680F
S315000006B00BB1013B1360A04A13780133DBB2632B05
S315000006C000F2F68013709D4B1B78002B3CD19C4B9F
S315000006D01B78002B4ED19B4B1B78002B57D13B68C8
S315000006E0002B60D112AA40F20B11974802F0E0F9F4
S315000006F09DF84820002A7BD00023944A1360944B2F
S315000007001B68012B00F08F80894B1B78042B00F0AF
S315000007109F804FF47A71012002F06CFC8D4B1B78A0
S31500000720002B40F09E808C4B1B78002BBAD0012BFF
S31500000730C9D181490A78632A00F222827F4B0132AD
S315000007401B780A70002BC2D04FF4FA630124834A47
S315000007508349844813603C6000F0C2FD0023774A59
S3150000076013707F4B5B78990640F17F815A0644BF30
S31500000770744B1C700023724A7B48137001237B4A1A
S31500000780137003F01BFD6F4B1B78002BA7D00023C3
S315000007906C4A774813700223744A137003F00EFDF7
S315000007A03B68002B9ED0734803F008FD6F4A0399FF
S315000007B0127800238A72704A3B601146039211F840
S315000007C0012B13444145DBB2F9D1039A6A49D3722E
S315000007D06A480C2201F0CAFB694B186000B100BEE2
S315000007E09AF80030002BFBD000238AF8003079E716
S315000007F040F6B731554803688B4276D8013303601B
S31500000800642B7FF47CAF0123524A1370524A13784B
S31500000810012B86BF0023504A013313704C4B1B68D3
S31500000820012B7FF471AF0023494A1360554B1B78A7
S31500000830552B00F02E81FF220021524803F09EFD29
S315000008400023514A13603A4B1B78042B7FF461AFA7
S31500000850424A1368B3F5FA6F80F0A480013313603F
S3150000086057E700253B4B1D7001F09AF83A4B1C7870
S31500000870012C00F02781022C00F01B81ACB9012568
S31500000880102321462046414A009501F067F91023BE
S31500000890204619463E4A009501F060F9204610238D
S315000008A020213C4A009501F059F901F00BF83AE78E
S315000008B00023214A13701F4B1B68002B00F0E080B9
S315000008C001230093102350201946334A01F046F9BC
S315000008D001231022CDE90023154A20215020127849
S315000008E001F062F900F0EEFFEDE640F6B8318B421A
S315000008F07FF405AF184B29481A700123154A137067
S3150000090040F6B933114A136003F058FC0822244913
S315000009101A4801F02BFB00B100BE9AF80030002BFC
S31500000920FBD000238AF80030084B1B6868E700BF3D
S3150000093018040020380500203C050020DC030020B8
S31500000940DE030020DD030020C0090020240400206F
S315000009502C040020650000203D0500201C0400201A
S31500000960F8030020E0030020F066000016040020D3
S31500000970FC6600000867000018000020480A0020F6
S3150000098010040020340400203004002060660000BB
S315000009906866000074660000C86600001467000000
S315000009A030680000002357225C485D4903605D48BB
S315000009B08A73027011F8012F13444945DBB2F9D14D
S315000009C0594A57215948937303F090FB0F22564911
S315000009D0574801F0CBFA574B186000B100BE9AF8A1
S315000009E00030002BFBD0002612A953488AF800607D
S315000009F0ADF8486000F010FEBDF9480000F0FAFAC4
S31500000A0010EE100A02F0E0FD00224C4B04460D46A3
S31500000A1005F0B8FA02F030FE494B80B2A3FB001392
S31500000A204849494ADB09088018445373907312F801
S31500000A30013F1E445A45F6B2F9D1444B22469E73F5
S31500000A4043482B4603F052FB0F224049384801F039
S31500000A508DFA384B186000B100BE9AF80030002BB2
S31500000A60FBD000238AF8003053E63A4A5B06127838
S31500000A707FF52DAE384B1C70002A3FF488AE79E620
S31500000A8001230093102350201946344A01F066F8DA
S31500000A901EE7334B5B78AA2B7FF4CDAE304BDB7869
S31500000AA0032B3FF6C8AEDFE813F00B02DE01CC01E4
S31500000AB0B00101232946009328460C23294A01F058
S31500000AC04DF8F2E6294628460C23274A009401F001
S31500000AD045F80C2328461946244A009401F03EF8AE
S31500000AE00C233C201946224A009401F037F8284688
S31500000AF00C2318211F4A009401F030F828460C23D5
S31500000B0024211D4A009401F029F828460C2330219F
S31500000B101A4A009401F022F8C7E600BF1C04002020
S31500000B20230000201704002024000020A0670000F6
S31500000B30480A002010040020E003002000002440A2
S31500000B408180808014040020070000200800002017
S31500000B50BC670000DE030020DD030020D066000035
S31500000B6034040020B866000080660000906600002D
S31500000B7098660000A0660000A8660000B066000047
S31500000B800022C0490A70C04A1278002A00F0358156
S31500000B90012A00F0AB81022A00F0B08100230DF19A
S31500000BA04601BA48ADF8463000F036FDBDF94600BC
S31500000BB000F020FA10EE100AB0EE408A02F004FDB2
S31500000BC00C24FCEEC87A01250A460146CDE900450B
S31500000BD0CDE90A12032317EE902A21465A2000F087
S31500000BE0E3FF2346214600952E226E2000F010FFDB
S31500000BF0DDE90A010022A64B05F0C4F902F03CFD2E
S31500000C0006464FF0640EA34A0223A2FB062C4FEAC7
S31500000C105C120EFB1262CDE900452146742000F0FD
S31500000C20C3FF12A9994800F009FDBDF9480000F07C
S31500000C30D5F910EE100AB0EE409A02F0C5FCCDE9E7
S31500000C400A01BDF94A0000F0C9F910EE100AF0EEEB
S31500000C50408A02F0B9FCCDE90C01BDF94C0000F068
S31500000C60BDF910EE100AB0EE408A02F0ADFCB5EE0A
S31500000C70C09AF1EE10FACDE90E014CBF2D222B22BF
S31500000C80234600951821242000F0C2FEDDE90A1251
S31500000C9022F0004305930491DDE9040102F0ECFC27
S31500000CA001250C240246CDE90045052318212A20FA
S31500000CB000F07AFF234600952E221821482000F0E6
S31500000CC0A7FEDDE904010022714B05F05BF902F095
S31500000CD0D3FC06464FF0640E6E4ACDE90045A2FBF2
S31500000CE0062C4FEA5C120EFB1262022318214E20DC
S31500000CF000F05AFFF5EEC08A2421F1EE10FA2346E1
S31500000D004CBF2D222B220846009500F081FEDDE91E
S31500000D100C1222F0004307930691DDE9060102F06A
S31500000D20ABFC01250C240246CDE900450523242110
S31500000D302A2000F039FF234600952E222421482040
S31500000D4000F066FEDDE906010022514B05F01AF9B6
S31500000D5002F092FC06464FF0640E4E4ACDE900457D
S31500000D60A2FB062C4FEA5C120EFB12620223242120
S31500000D704E2000F019FFB5EEC08AF1EE10FA2346B8
S31500000D804CBF2D222B2200953021242000F040FE5E
S31500000D90DDE90E1222F0004309930891DDE908010E
S31500000DA002F06AFC01260C250246CDE90056052311
S31500000DB030212A2000F0F8FE2B4600962E22302104
S31500000DC0482000F025FEDDE908010022304B05F041
S31500000DD0D9F802F051FC04466422CDE900562D4DA7
S31500000DE00223A5FB04656D0930214E2002FB154246
S31500000DF000F0DAFE00F066FD65E400930C2318208F
S31500000E001946254A00F0AAFEC8E6244B24489979DB
S31500000E10244B197003F06AF908222349234801F08C
S31500000E20A5F800B100BE9AF80030002BFBD00023D5
S31500000E308AF80030194B9B79042B04BF01233B60D1
S31500000E40F9E41B4803F0BAF908221A49174801F0D9
S31500000E508DF800B100BE9AF80030002BFBD00023BD
S31500000E608AF80030E7E4144803F0A8F93122134960
S31500000E700E4801F07BF800B100BE9AF80030002B56
S31500000E80FBD0ECE73C05002016040020E003002020
S31500000E90000059401F85EB51D8660000340400203D
S31500000EA0846700001804002020680000480A00201B
S31500000EB068670000286800004467000034000020CE
S31500000EC02A4A2B481446117803F010F92378EBB917
S31500000ED00123082227492848237001F047F800B16A
S31500000EE000BE9AF80030002BFBD0B8E70C23009226
S31500000EF018201946214A00F031FE4FE600930C23D4
S31500000F00182019461E4A00F029FE47E608221D4908
S31500000F10194801F02BF800B100BE9AF80030002BFA
S31500000F20FBD09CE740F22311174B184A184802F0F1
S31500000F3059F84FF49071144B144A154802F052F8C0
S31500000F404FF48971104B114A114802F04BF840F2E8
S31500000F5027110D4B0D4A0E4802F044F840F21D11C0
S31500000F60094B0A4A0A4802F03DF800BF280400204F
S31500000F702867000040680000480A0020E06600007C
S31500000F80E866000038680000EC6500000C680000A8
S31500000F9004660000022800D070470249024801F0AA
S31500000FA073BE00BF68860000C009002030B110B4CF
S31500000FB04468C068A4465DF8044B60474FF0FF30B4
S31500000FC0704700BF30B110B40468C068A4465DF82D
S31500000FD0044B60474FF0FF30704700BF07EE900AA2
S31500000FE09FED030AF8EEE77A27EE800A704700BF06
S31500000FF023DB793E00EE100AF3EE097ABAEECC0A4C
S3150000100030EE270A704700BF70B582B0012301AAEF
S315000010100D4612210646FFF7C9FF012304466A461C
S3150000102019463046FFF7C2FF20181FD19DF8001061
S315000010309DF80430A80865F38201C5F3400503F066
S315000010407E0345EAC01501AA8DF800101D43122142
S31500001050012330468DF80450FFF7B4FF0123044600
S315000010606A4630461946FFF7ADFF204402B070BD10
S3150000107070B582B0012301AA0D4612210646FFF77C
S3150000108095FF012304466A4630461946FFF78EFF50
S31500001090201813D19DF804209DF80010D3095B0099
S315000010A002F0010203EB8203C1F380021344022B18
S315000010B006D0042B04D033B101232B7002B070BDCF
S315000010C02B7002B070BD287002B070BD08B50A461C
S315000010D001230F21FFF76AFF08BD00BF70B582B07C
S315000010E00C4601236A4610210646FFF75FFF08B14A
S315000010F002B070BD9DF80010012364F303018DF862
S3150000110000106A4610213046FFF75CFF0028EFD139
S315000011102509EDD001AA012362213046FFF746FFDB
S315000011209DF80420044665F301028DF8042001238E
S315000011306221304601AAFFF745FF204402B070BD88
S3150000114030B583B00D460123122101AA0446FFF7EC
S315000011502DFF08B103B030BD9DF80410012365F3DF
S3150000116086118DF804102046122101AAFFF72AFFE6
S3150000117003B030BD70B582B00D460123502101AADF
S315000011800646FFF713FF9DF80440012365F3C714D5
S315000011908DF804405021044601AA3046FFF712FF9D
S315000011A0201815D101236A4656213046FFF7FEFE68
S315000011B09DF80020C5F3400565F3000204468DF84E
S315000011C00020012356216A463046FFF7FBFE2044E5
S315000011D002B070BD30B583B00D460123172101AAB8
S315000011E00446FFF7E3FE08B103B030BD9DF80410D6
S315000011F0012365F301018DF804102046172101AA89
S31500001200FFF7E0FE03B030BD0B781B0765D430B5A1
S3150000121083B00C4601236A460D210546FFF7C6FE3C
S3150000122008B103B030BD23786A46C3F34001C3F367
S31500001230000C4CEA410CC3F34011C3F380104CEA96
S31500001240C10C4CEA001CC3F3C01361784CEA431C82
S315000012509DF80030C1F300014CEA811C23F07B03AA
S315000012604CEA030C0D21012328468DF800C0FFF738
S31500001270A9FE0028D5D101235E21284601AAFFF741
S3150000128095FE0028CDD16378A178C3F3001CC3F383
S31500001290C00444EA4C042846C3F3401544EA8504D6
S315000012A0C3F3C01544EAC504C1F3400544EA051476
S315000012B0C1F30005C3F3801344EA451444EA8314DA
S315000012C0C1F3800144EAC11401235E2101AA8DF80D
S315000012D00440FFF777FE03B030BD4FF0FF30704794
S315000012E02DE9F04F8BB0012305AA0C465021054687
S315000012F0FFF75CFE9DF81420064642F008028DF8C2
S31500001300142001235021284605AAFFF75BFE361854
S3150000131003D030460BB0BDE8F08F04231B212846CE
S3150000132008AAFFF743FE06460028F2D19DF82330AF
S31500001330E079C3F34001C3F300029DF821C042EAFD
S315000013404102C3F3800142EA810220F00700C3F3A1
S31500001350C00140EA5C1042EAC102C3F3001194F8EE
S3150000136000E042EA0112E071C3F3401042EA401283
S3150000137003F080030EF0400E1343A27943EA0E03F6
S315000013809DF822106778CCF3001C6CF3C71223700B
S31500001390A37827F00307A271C1F3001201F003013D
S315000013A062F3C3033943A37061700123502105AA78
S315000013B02846FFF7FBFD07469DF81400012366F358
S315000013C0C3008DF814005021284605AAFFF7FAFD40
S315000013D03E189ED108234421284608AAFFF7E6FDB9
S315000013E00646002895D19DF820309DF825C0C3F308
S315000013F0800301930123CCF300129DF823E09DF8AE
S315000014002280CCF3401192009DF821A042EAC1024D
S315000014104FEADC110EEA030042EA0112C8F3420168
S315000014204FEA8A0941EA0011CEF3400041EA401131
S3150000143009F01C0908F02000CAF3801B49EA0009DC
S31500001440CEF30110CAF3001A40EA8B0094F803B0F9
S315000014509DF82670CCF3C00C40EACA009DF82760C0
S3150000146040EA0C102BF01F0B029140EA0B0007EA32
S31500001470030194F801A042EA4112E07006EA030172
S31500001480C8F30010490108EA030849EA801041EA56
S31500001490D7010AF0030A40EAC810039140EA0A009D
S315000014A0029994F802C06070CEF3800041EA801081
S315000014B0CEF3C00E0CF0080C40EACE1040EA0C0049
S315000014C094F804B0A070C7F3400042EA8012C7F354
S315000014D080070BF0030B42EAC71242EA0B0201999E
S315000014E022712278C6F3400061F3861203992270B6
S315000014F0A27941EA8011C6F38000C6F3C00641EA2C
S31500001500C01166F300026171A2711946284607AA46
S31500001510FFF74CFD064600286DD00123072104AADB
S315000015202846FFF743FD01236421064406AA284600
S31500001530FFF73CFD012306441946284607AAFFF794
S3150000154035FD00284AD036187FF4E3AE9DF8181012
S315000015502846C1F34013C1F380051B019DF81060B6
S3150000156043EA4513257906F0030625F003053543BE
S31500001570E7782571C1F3C00543EA8513C1F300116D
S3150000158043EAC11307F00F073B43E37048210123E9
S3150000159007AAFFF70BFD064600287FF4BAAE9DF8B2
S315000015A01C20C2F30003C2F3C0015B0043EA8103BF
S315000015B0C2F3001143EAC103C2F3401143EA011327
S315000015C0C2F3801143EA4113A179C2F3C01243EA80
S315000015D0821321F07E021343A3719AE69DF81C3014
S315000015E0284603F03F038DF81C30012307AA19464D
S315000015F0FFF7E8FCA7E701239DF81C20284602F028
S315000016003F0262F07F028DF81C20194607AAFFF7F9
S31500001610D9FC064681E700BF10B582B00C4602230E
S31500001620202101AAFFF7C2FC30B99DF805209DF8DC
S31500001630043003EB0223238002B010BD10B582B044
S315000016400C46062328216A46FFF7B0FCA0B99DF890
S3150000165001209DF800309DF8031003EB0223238040
S315000016609DF802309DF8052003EB012363809DF869
S31500001670043003EB0223A38002B010BD30B583B063
S315000016800D460123562101AA0446FFF78FFC08B137
S3150000169003B030BDC5F3800CC5F340034FEA4C0CD4
S315000016A04CEA830C9DF80430C5F300014CEAC10CEA
S315000016B023F00E034CEA030C56210123204601AA0F
S315000016C08DF804C0FFF77EFC03B030BD30B587B09F
S315000016D00123019105AA57210546FFF767FC01235F
S315000016E05821044604AA2846FFF760FC0123044457
S315000016F05921284603AAFFF759FC201833D19DF833
S3150000170004009DF814409DF80510C0F3040060F332
S3150000171004049DF810009DF80630C1F3040161F33E
S3150000172004009DF80C10C3F3040363F3040103AA39
S3150000173001238DF810008DF80C10284659218DF8DC
S315000017401440FFF73FFC01235821044604AA28460B
S31500001750FFF738FC844601235721284605AA64442E
S31500001760FFF730FC204407B030BD00BF30B583B072
S315000017700C4601235A2101AA0546FFF717FC08B1BA
S3150000178003B030BD01235A21284601AA8DF8044032
S31500001790FFF718FC03B030BD30B583B00D4601230A
S315000017A05B2101AA0446FFF701FC08B103B030BD76
S315000017B09DF80410012365F3C7118DF80410204627
S315000017C05B2101AAFFF7FEFB03B030BD70B5224EC8
S315000017D004460D4601223C21204882B000F0D8FE86
S315000017E0336863BBADF804302DBB012302221B48CE
S315000017F001A98DF8054000F021FF306028BB184D87
S31500001800184C2A78032A10D0236809E001216420A5
S3150000181001F0F0FB23682A78013B032A236004D0F9
S31500001820002BF3DC012A00D100BE01230E4A2B70E7
S31500001830226002B070BD40238DF80430D5E76721E1
S315000018400A4B0B4A0B4801F0CDFB7021074B084AA7
S31500001850084801F0C7FB00BF10040020080A00205A
S315000018600400002000000020A0860100EC650000B6
S3150000187058680000DC67000030B1012800D07047CE
S315000018800021A720FFF7A2BF0146A620FFF79EBFB3
S3150000189010B5044660B1012800D010BD0021C0205B
S315000018A0FFF794FFBDE810400021A020FFF78EBF90
S315000018B00146C820FFF78AFF2146BDE81040A12057
S315000018C0FFF784BF2DE9F0472D4E402334464FF0F5
S315000018D00108A2B02B4D08368DF80430C4F1B007CC
S315000018E038190021C0B2FFF771FF00210846FFF743
S315000018F06DFF00211020FFF769FF002301AA14F8ED
S3150000190033100133802B02F8011FF8D101223C214C
S31500001910284600F03DFE01238122284601A900F059
S315000019208DFE38BBDFF87090DFF870A099F80020C4
S31500001930032A14D0DAF800300CE00121642001F00B
S3150000194059FBDAF8003099F80020013B032ACAF85F
S31500001950003004D0002BF0DC012A00D100BE0A4B77
S315000019600134B44289F80080CAF80030B8D122B0F8
S31500001970BDE8F087BF21054B054A064801F032FB5A
S3150000198040050020080A0020A0860100EC65000042
S3150000199048680000DC67000004000020000000200A
S315000019A000200A4BA3F1080203F5806143F8080CF6
S315000019B008338B42FAD10021054B02F20C4243F860
S315000019C0081C08339A42FAD1FFF77CBF480500206D
S315000019D04C050020012310B50C4C01F0070E04EB5A
S315000019E0C00C03FA0EF3C9081CF801C0C000DBB234
S315000019F02AB143EA0C0C044404F801C010BD2CEAD9
S31500001A00030C044404F801C010BD00BF40050020CB
S31500001A102DE9F04F203A89B0082B9DF84880D4B2C2
S31500001A204FEA530C00F08A8013F0070218BF012218
S31500001A3002EBD30212FB0CF212F0FF0A4AD0434A21
S31500001A40434F02EB041909EB0A02DFF80CE103929B
S31500001A50404A04EB440504EBC40402EB850A07EB99
S31500001A60450B0EEB840EA3F10802059376464B4612
S31500001A70D146DA468346CDE906C00492049A102A76
S31500001A8028D8DFE802F05E2727274F2727274A278F
S31500001A902727272727272A00059A0BF10100082A5E
S31500001AA0DDE900312C465FFA80FB03F101030AF100
S31500001AB0010A06F1010609F1010939D0079A0698CB
S31500001AC0ABEB0205854208BF9346039A08BF214641
S31500001AD09342D3D109B0BDE8F08F01F10802357801
S31500001AE002922C46CDE900310D469DF808700AE0B9
S31500001AF0424629465846FFF76DFF691CCDB2BD42E6
S31500001B004FEA5404C8D0E307F2D4B8FA88F229465B
S31500001B1058465209FFF75EFFEFE701F108021D780C
S31500001B200292DEE701F1080299F800500292D8E726
S31500001B30039A9342CED09AF80050D2E74FF0060AA5
S31500001B407DE701F108020292F5E700BF2C7900005B
S31500001B50908300001C7F0000D06B00002DE9F0434D
S31500001B60154612789946A2F1200383B05E2B9DF8A4
S31500001B70287015D804460E464FEA590820464B46AB
S31500001B8031460097FFF744FF15F8012FB9F1080F0A
S31500001B90A2F120000CBF063444445E28E4B2EDD91D
S31500001BA003B0BDE8F08300BF2DE9F04F83B09DF888
S31500001BB030709DF83490A7F10804B4FA84F46409EF
S31500001BC073B383460E4690466400013BDFF870A06F
S31500001BD004EB5705DCB22346013CE4B26BB3224664
S31500001BE00123013AD2B203EB8303FF2A4FEA4303F0
S31500001BF0F7D1B8FBF3F3AAFB0312D20802EB820279
S31500001C00B3EB42020FD13B46302231465846CDF85F
S31500001C100090FFF7FDFEAB44FF2C5FFA8BFBDAD199
S31500001C2003B0BDE8F08F30323B4631465846CDF81A
S31500001C300090D2B2FFF7ECFEEDE74346DBE700BFCC
S31500001C40CDCCCCCC2DE9F04F994613F0070318BF45
S31500001C50012303EBD9038B4603FB09F187B09DF8FB
S31500001C60408000295FD0374B374C03EB421359189D
S31500001C7005913649064601EB422C354901EBC21166
S31500001C8002EBC20204EBC20A5246CA468946BAF1C0
S31500001C90200F53D04AD8BAF1100F4DD0BAF1180F11
S31500001CA041D115780BF108072C46CDE9032ACDF86A
S31500001CB004908246E1465D46FFB202930AE0294659
S31500001CC042463046FFF786FE691CCDB2BD424FEA5A
S31500001CD054040ED0E307F2D4B8FA88F22946304607
S31500001CE05209FFF777FE691CCDB2BD424FEA540494
S31500001CF0F0D150462C46CC46DDE901930136F6B2CA
S31500001D00DDF810A0351A05995545039A03F101032C
S31500001D1004BFA34606468B4202F101020CF1010CF8
S31500001D2009F10109B3D107B0BDE8F08FBAF1400F50
S31500001D30F9D19CF80050B5E71D78B3E799F8005043
S31500001D40B0E700BF306B0000E86A0000686800007A
S31500001D50686A00002DE9F04F8E4613F0070118BFA0
S31500001D60012189B011EBD3069DF84C906AD000246E
S31500001D7083462546A0461046DC46079600285DD0D9
S31500001D80012700EB0804A3B204930595039006947B
S31500001D90129A08F1010312F808501FFA83F82C4B27
S31500001DA00EF1080A03EBCB06CDE9018E7446B04668
S31500001DB05FFA8AFA4E46E14610E018F800C0D2B241
S31500001DC04CEA020E2CEA020C002E3ED008F800E087
S31500001DD0611CCCB2A2454FEA550515D004F00702A6
S31500001DE015F0010FC4F3C70007FA02F2E5D1B6FAFF
S31500001DF086F2214658465209FFF7ECFD611CCCB22B
S31500001E00A2454FEA5505E9D1CC460BF1010B5FFA25
S31500001E108BFB039AABEB0C039342DDF80480049B27
S31500001E2008BFE346DDF808E008BFD6469845B14648
S31500001E30AED11046069C059D1FFA84F8079B013516
S31500001E40AB429BD109B0BDE8F08F08F800C0BFE7F0
S31500001E504005002008B50021AE20FFF7B7FC0021A1
S31500001E600846FFF7B3FC00211020FFF7AFFC002166
S31500001E704020FFF7ABFC00218120FFF7A7FC0021E3
S31500001E80CF20FFF7A3FC0021A120FFF79FFC002134
S31500001E90C820FFF79BFC0021A620FFF797FC002136
S31500001EA0A820FFF793FC00213F20FFF78FFC0021BD
S31500001EB0D320FFF78BFC00210846FFF787FC0021A3
S31500001EC0D520FFF783FC00218020FFF77FFC00214F
S31500001ED0D920FFF77BFC0021F120FFF777FC0021DA
S31500001EE0DA20FFF773FC00211220FFF76FFC0021B8
S31500001EF0DB20FFF76BFC00213020FFF767FC002199
S31500001F002020FFF763FC00210220FFF75FFC002181
S31500001F108D20FFF75BFC00211420FFF757FC002003
S31500001F200D4BA3F1080203F5806143F8080C083352
S31500001F308B42FAD10021094B02F20C4243F8081CED
S31500001F4008339A42FAD1FFF7BDFCBDE808400021EC
S31500001F50AF20FFF73BBC00BF480500204C05002022
S31500001F6008B5FEF743FA002008BD00BF10B4046AA6
S31500001F70A37803F07B03A3708378046A03F003035A
S31500001F80D21A0B44C0E90332A37843F08003A3704E
S31500001F90837803F00303022B06D0036A0A78002035
S31500001FA0DA705DF8044B70470B88026A43F47E438F
S31500001FB0D38100205DF8044B704700BFF0B5846AFA
S31500001FC085B005460F4694466E46B4B194E80F00B8
S31500001FD086E80F00EB6920461B78A760236084F82B
S31500001FE004C0EB6AE3606B6A9847AC6A1CB196E87A
S31500001FF00F0084E80F0005B0F0BD3446EAE700BFE5
S31500002000012203460878824012F0060F05D0CA69FD
S3150000201052681278120700F1CB8100224FF0010CB2
S3150000202000F580002DE9F04100F58C500002C3E96F
S3150000203007101A704D6998785D628D696CF301001E
S31500002040C3E90A2598704878D44C904214BF654677
S315000020500225987865F30100987091F90B5091F874
S315000020600AE0680905F01F0620300CFA06F644F867
S315000020702060BFF34F8FBFF36F8FC94805F1C006CD
S3150000208050F8267062F3104740F8267050F8266024
S31500002090C44E4FEA0E1E67195FFA8EFE87F800E3FC
S315000020A046F8253091F9055091F804E06F0905F0DE
S315000020B01F0820370CFA08F844F82780BFF34F8F23
S315000020C0BFF36F8F05F1C00750F8278062F3104801
S315000020D040F8278050F827704FEA0E1E67195FFAFE
S315000020E08EFE87F800E346F8253091F9075091F8FF
S315000020F006E06F0905F01F0820370CFA08F844F8C7
S315000021002780BFF34F8FBFF36F8F05F1C00750F8DD
S31500002110278062F3104840F8278050F827704FEA6E
S315000021200E1E67195FFA8EFE87F800E346F8253023
S3150000213091F9095091F808E06F0905F01F0820375A
S315000021400CFA08F844F82780BFF34F8FBFF36F8F60
S3150000215005F1C00750F8278062F3104840F8278041
S3150000216050F827004FEA0E10C0B22C4484F8000342
S3150000217046F82530EFF310868CF310884FF00045B3
S315000021800C788948E540446824EA050444604068C0
S3150000219086F31088186A8270186A0271186A427289
S315000021A0186A8272186AC272186A428340F2192249
S315000021B008780CFA00FC1CEA020F02D040201A6ACA
S315000021C0D0740625012240F219201C6A25770C7866
S315000021D0A240024240F0CA80CA7848788C78D20081
S315000021E0032842EA041200F0D58000280CBFE22042
S315000021F0F2201C6AD2B222701A6A9071CC69227BD4
S31500002200082A00F0C380186A520002F002024273E4
S3150000221000256278A078D201400100F02000D2B2F9
S315000022200243186A0572207802380128186A40F2BB
S31500002230A280D2B2C27160681A6A847854704578F6
S31500002240147865F301041470C4789474D479007812
S3150000225004F0A30400F05C002043D0710020C3E921
S315000022600300C3E90500DC694D4A94F90540CD69D0
S3150000227004F1C00152F8216095F800C060F31046E1
S3150000228042F821600CF0030C52F82110BFF35F8F67
S315000022904FF0010E6109890004F01F0401F160414D
S315000022A001F561410EFA04F4C1F880410C60D96968
S315000022B091F90B4004F1C00152F8216060F3104619
S315000022C042F8216052F82110BFF35F8F610989003F
S315000022D004F01F0401F160410EFA04F401F56141B6
S315000022E0C1F880410C60D96991F9074004F1C00139
S315000022F052F8216060F3104642F8216052F821102E
S31500002300BFF35F8F6109890004F01F0401F160418A
S315000023100EFA04F401F56141C1F880410C60D969F7
S3150000232091F9091001F1C00452F8246060F31046D7
S3150000233042F8246052F82420BFF35F8F4A099200C6
S3150000234001F01F0102F160420EFA01F102F561424D
S31500002350C2F8801111601A6A4CF0700C82F802C043
S315000023606989124A19815A60BDE8F0814FF47840B4
S315000023701A6A908230E7FF2545702078022808BF48
S3150000238042F01002186AD2B2C27167E70A201A6ACE
S3150000239050733DE7F22042F040022AE700E100E0F8
S315000023A000600040B40A00200040084055494353ED
S315000023B003207047EFF30383103B1F4A5BB203F120
S315000023C0C00152F8210020F4803042F8210052F872
S315000023D021201A4A52F82300C3691B6983B1036995
S315000023E003B17047026A0021937803F07F0343F03C
S315000023F004039370436AC160C3B18022FFF7DEBD58
S315000024000369026A002BEED08378C16803F00303E8
S31500002410022B0CD00B78D3708278D0E9031302F02C
S3150000242003029B1A1144C0E90313D9E770470B88CE
S3150000243043F47E43D381EFE700600040B40A0020F6
S3150000244010B582B0EFF30383103B1F4A5BB203F172
S31500002450C00152F8210020F4803042F8210052F8E1
S3150000246021201A4A52F82340A27802F00303022BD5
S31500002470236A0CBF198A5979A3690CBFC1F30801F5
S31500002480C9B2019143B9636AB3B10422204602B0CE
S31500002490BDE81040FFF792BD02F0030201A9606992
S315000024A001F0D5FFD4E90521A37803F003031A440C
S315000024B0C91AC4E9052109B102B010BD636A002B2F
S315000024C0FAD00122E2E700BF00600040B40A002013
S315000024D010B5EFF303830E4A103B5CB252F82400AA
S315000024E0026A937803F07B039370436A1BB102225E
S315000024F00021FFF763FD074A04F1C00352F82310D9
S3150000250021F4803142F8231052F8233010BD00BF69
S31500002510B40A00200060004010B5EFF303831A4AA6
S31500002520103B5CB252F82400837803F00303022BBD
S31500002530036A0CBF198A597993F804C00CBFC1F31A
S315000025400801C9B21CF0100F0CF0380206D093F83F
S315000025501CC01CF0010F08BF42F0400293F804C0F3
S315000025600CF0C70C83F804C0436A0BB1FFF726FDD5
S31500002570064A04F1C00352F8231021F4803142F8D0
S31500002580231052F8233010BDB40A0020006000402A
S315000025900346002059601A72704700BF90F808C0C1
S315000025A08161BCF1010F80F82E30C2613AD090F8FB
S315000025B02AC00023012180F82D1080F82F3080F8E2
S315000025C0313080F83330026290F82D2080F82BC02D
S315000025D080F82C3043620AB180F83110B4220369C6
S315000025E09A7090F8303023B9512203690020DA72CC
S315000025F07047002290F82A3080F83020012B0CBF5B
S3150000260090F8282090F829200369DA7090F82B209A
S3150000261090F82C30013A013380F82B2080F82C30CA
S31500002620002070470021436880F82AC05B0043F011
S31500002630010380F8283080F82910BAE790F808C01E
S315000026408161BCF1010F80F82E30C2613AD090F85A
S315000026502AC0002380F82D3080F82F3080F83130E2
S3150000266080F83330026290F82D2080F82BC080F875
S315000026702C30436212B1012380F83130B422036951
S315000026809A7090F8303023B9512203690020DA722B
S315000026907047002290F82A3080F83020012B0CBFBA
S315000026A090F8282090F829200369DA7090F82B20FA
S315000026B090F82C30013A013380F82B2080F82C302A
S315000026C0002070470021436880F82AC05B0080F82C
S315000026D0283080F82910BCE703460022F0B50878B8
S315000026E0196000F5800000F58C50000218618868BA
S315000026F05860087B1872C8695863086AC3E90E20D7
S31500002700EFF310864FF0010E8EF310884FF0004560
S315000027100C784948E540446824EA0504446040686A
S3150000272086F31088F025FA271868446A18698270BB
S315000027301869C5722325A0781E6900F00300307061
S315000027401869877118696678467020781E69800056
S3150000275040F02000C0B2F0711869667906721869F7
S31500002760E678867420791C69C00040EA0E00C0B283
S3150000277060721869314E85721869314D427391F84D
S315000027800DC091F90F004FEA0C1C2E4C2F185FFA62
S315000027908CFC87F800C346F8203000F1C00C54F8D2
S315000027A02C7062F3104744F82C7054F82C70BFF369
S315000027B05F8F4FEA501C4FEA8C0C00F01F000CF1A3
S315000027C0604C0EFA00F00CF5614CCCF88001CCF8A8
S315000027D00000487B91F9101000010D44C0B285F845
S315000027E0000346F8213001F1C00054F8205062F38E
S315000027F0104544F8205054F82000BFF35F8F01F0D5
S315000028001F004909890001F160410EFA00F001F547
S315000028106141C1F8800108600B49C3E9082283F8C9
S315000028202D209A6183F82E20DA6183F82F20D96053
S3150000283083F830201046F0BD00400840B40A00205E
S3150000284000E100E0006000404332495330B5836B3D
S3150000285083B004460A466D468BB193E8030085E8CB
S315000028600300E16B1A7119601846636B9847A36BF6
S315000028701BB195E8030083E8030003B030BD2B4687
S31500002880EFE700BF10B4EFF30383103B4E4A5BB291
S31500002890C03352F8231021F4803142F8231052F845
S315000028A02330EFF30383494A103B5BB252F82330DF
S315000028B01A69117BC1F3000CC9072CD493F82C10AC
S315000028C093F82A00884214D093F82D0008B1022903
S315000028D04FD093F82810D17093F82B1093F82C2032
S315000028E00139013283F82B1083F82C205DF8044B54
S315000028F07047196A002933D093F82D0000283ED17D
S31500002900586A9C690139245C0130C3E90810D47007
S315000029105DF8044B704793F82D10B9B193F8311058
S31500002920A1B9507999695A6A885493F82E00D3E967
S31500002930081201390132C3E9081200283AD05220A0
S3150000294001221969C87283F83020CFE700240120DC
S3150000295054211C6283F82F00D1725DF8044B704736
S3150000296093F82E1041B152200121D07283F8301015
S31500002970BCE75223D372B9E75423D372B6E793F870
S31500002980310078B9507999695A6A8854D3E908129E
S3150000299001390132C3E9081201291A690ED0FF2450
S315000029A0D470B5E7012983F831C007D082F80AC090
S315000029B0196AF1E754221B69DA7297E72021FF248E
S315000029C091721A69D470A3E700600040B40A00202F
S315000029D010B5EFF30383344A103B5BB252F8230081
S315000029E00269D37A23F00803D37290F82F30002BB4
S315000029F03DD190F82A2003F0FF0190F82C309A423E
S31500002A001CD1036A5BB990F82D1090F83020C1F103
S31500002A1003010469C9B2C2B3E372FFF717FFEFF30C
S31500002A200383103B214A5BB2C03352F8231021F4D2
S31500002A30803142F8231052F8233010BDF3B190F8DC
S31500002A402D4004F0FF0244B3022B28D00B46002190
S31500002A500269D1720269D37090F82B2090F82C305D
S31500002A60013A013380F82B2080F82C30D7E7F0228A
S31500002A7003690121DA72FFF7E9FED0E7012A0CBFEC
S31500002A8090F8283090F82930E1E7F023E3720269E4
S31500002A90937803F0CF039370BFE71346D7E790F818
S31500002AA0293043F00103D2E7B40A00200060004059
S31500002AB010B40B0A064C1B0153FA81F154F821306D
S31500002AC00020C3F340035DF8044B1370704700BF4A
S31500002AD0000808400120CBB2984080B202B9000439
S31500002AE00B0A5B0103F1804303F500239860002085
S31500002AF0704700BF2DE9F84F0388DBB182464FF0DF
S31500002B00000B4FF00109DFF8D0800024304D4FEA6A
S31500002B10CB07DAF8043035F8022BD91989889142A7
S31500002B200AD00134032CF4D1BAF800300BF1010BB2
S31500002B305B45EAD8BDE8F88FDB5909FA04F603F0DD
S31500002B40B853B3F1807FF6B298F8BB3413D0334252
S31500002B5031D1204A04F1200612F81630DB09E0D004
S31500002B6012F81630012123F08003C82002F816302F
S31500002B7000F040FAD5E7334211D0164A04F120019D
S31500002B8012F81130DB09CCD112F81130C82043F00D
S31500002B90800302F81130012100F02CFAC1E7012070
S31500002BA000F0ECFA98F8BB340120334388F8BB34C4
S31500002BB000F0B4FAE1E7012000F0E0FA98F8BB343F
S31500002BC0012023EA060388F8BB3400F0A7FAC0E721
S31500002BD0FC8600000030084000E00140F8B50646DB
S31500002BE0FFF788FFEFF31082012383F31088234F4A
S31500002BF03B681BB92249CB704023CB703B6801333D
S31500002C003B6082F31088338823B300211D4D08E012
S31500002C101B01134445F82340328801318BB29A4296
S31500002C2018D9736853F8314003EBC1029288E00368
S31500002C304FEA1223D2B2EBD502EB031055F820E08F
S31500002C4024F4803C2EF4803E45F820E01B0145F834
S31500002C5020C0DEE7EFF31082012383F310883B6880
S31500002C6013B13B68013B3B603B681BB980200449BC
S31500002C70CB70C87082F31088F8BD00BFB00A002080
S31500002C80000D08400008084008B5034B03600846DD
S31500002C90FFF7A4FF002008BD54524F5070B4002522
S31500002CA0034691F902201A4C0271920002F1804209
S31500002CB002F5C042D2F80063C2F800538A68826007
S31500002CC0CA68C2600878587125540D79CA7842EAF4
S31500002CD005124D7942EAC512D2B2225493F9042064
S31500002CE0C03244F8226093F9040000280BDB4A78CE
S31500002CF0084C120100F16041D2B201F5614181F840
S31500002D00002344F82030044A00201A6070BC704743
S31500002D1000600040B40A00205543490090F90420A1
S31500002D200E4B02F1C00153F8210020F4803043F825
S31500002D30210053F82130BFF35F8F012153099B0017
S31500002D4002F01F0203F1604303F5614301FA02F248
S31500002D50C3F880211A600020704700BF0060004061
S31500002D6010B582B0EFF30384184B103C64B253F8ED
S31500002D702410174A4879135C03F00303032B12D07F
S31500002D80C03452F8243023F4803342F8243052F809
S31500002D9024308B682BB14879CA68CDE90020684693
S31500002DA0984702B010BD8B6823B1CA68CDE90020F0
S31500002DB068469847064BC03453F8242022F48032E4
S31500002DC043F8242053F8243002B010BDB40A002082
S31500002DD000600040064B074993F826001A6A51F82E
S31500002DE02030C2F302620449D3400B60704700BF33
S31500002DF000E00140A0030020EC0A0020704700BF5D
S31500002E00F8B54AF2035001233F49404AA1F8FE03B0
S31500002E10A2F80431B2F804319BB2002BFAD14FF07C
S31500002E20010C4FF4004120250920394C394F3A4E08
S31500002E3067603A4F344BE760A2F800C1384A266013
S31500002E40A1602161626193F82620196A54F8222054
S31500002E50344EC1F30261CA40326083F8135483F8DA
S31500002E60A20093F880241AB993F88134990746D0C2
S31500002E70254D95F88034002B36D00022224B83F85E
S31500002E80812483F8802400231F4981F8323091F889
S31500002E903C301A07FBD543F6013000231A4A088551
S31500002EA081F82A3092F83C309B06FBD50120052399
S31500002EB01649F12581F81C011B49116282F826305A
S31500002EC092F82630106A54F82310C0F30260C1400D
S31500002ED031600024F0204FF42541144B1D731C7201
S31500002EE01873A2F8FE13F8BD0121C82085F88014D6
S31500002EF000F080F895F88034012BFBD1BDE74FF444
S31500002F007A70FFF77BFFBEE700E0014000C001409A
S31500002F10A003002000127A00002D3101001BB7002B
S31500002F200095BA0AEC0A0020211202210020004076
S31500002F3038B50025284C0121C82084F8285000F017
S31500002F4059F884F8245094F82430002BFBD194F8D7
S31500002F502430214943F0020384F8243091F82430C8
S31500002F60C3F340009B07F9D41B4A81F8220092F86C
S31500002F70223003F0FF00002BF9D192F840301649B9
S31500002F8060F3C71382F8403091F84030DB09FBD17B
S31500002F9091F84200104A63F3C71081F8420092F894
S31500002FA04230DB09FBD192F844000B4963F3C710AA
S31500002FB082F8440091F84430C3F3C014DB09F9D118
S31500002FC0012000F0DBF8054B012083F8BB44BDE887
S31500002FD0384000F0A3B800BF0030084000E00140D0
S31500002FE0704700BF00BEFEE7A0F101000028FBD13C
S31500002FF0704700BF4FF47A7310B400FB01F1114C17
S31500003000114A2468B2FBF4F2A1FB03043CB9B0FBFD
S31500003010F2F0800860B15DF8044BFFF7E5BF92005F
S31500003020B1FBF2F1A1FB03132BB908460028F2D13C
S315000030305DF8044B70474FF0FF3C5DF8044B60466B
S31500003040FFF7D2BFEC0A002000CA9A3B70B50024F5
S315000030500B4B0C4EB3F82021B3F84051ADB21540DE
S3150000306025FA04F3DB0704D556F82430E0B203B1A1
S31500003070984701340E2CF3D1014BA3F8305170BDA3
S3150000308000600040780A002030B5032085B000F0CB
S3150000309075F800256FF0FF014FF0FF301B4B1C4CFD
S315000030A0996422462B464FF0010ECDE901000390AC
S315000030B032F8021B0EFA03FC013311B1012520EA96
S315000030C00C000B2BF4D1F5B10190124B0F4A10678F
S315000030D0C3F88002029903205167C3F8841203994A
S315000030E09167C3F8881200F019F800230A4834F8EB
S315000030F0022B03F1C00101330AB140F821200B2B4A
S31500003100F5D105B030BD4FF0FF30DEE7008000405E
S31500003110E486000000E100E000600040EFF310816B
S31500003120012383F31088124B33F8102092B22AB190
S3150000313033F81020013A92B223F8102033F81030F9
S315000031409BB293B910B40B4A0B4CB2F8FE3334F869
S3150000315010009BB243F4254323EA0003A2F8FE3392
S3150000316081F310885DF8044B704781F3108870472F
S31500003170E00A002000E001400487000030B4EFF3CD
S315000031801081012383F310880E4A32F810309BB267
S315000031906BB90D4C0D4DB4F8FE3335F810C09BB22B
S315000031A043EA0C0343F425439BB2A4F8FE3332F8FA
S315000031B0103001339BB222F8103081F3108830BCF6
S315000031C0704700BFE00A002000E0014004870000CD
S315000031D008B50C4A0346106840B103330A4923F088
S315000031E0030303448B4205D8136008BD074908460C
S315000031F01160F2E701F014F90C2203461A604FF051
S31500003200FF3008BDE80A0020402C0020400C0020BA
S3150000321000BE704708B500F003F8FEF7A1FEFEE712
S315000032204FF4700270B52B4B2B4CC3F8882000204E
S315000032309C60FDF7AFFEFFF7E3FD0120FDF7AAFE58
S315000032402368A3F5806383F30A882448244A00216F
S31500003250121A01F093F82348234A2449121A01F05E
S31500003260F6F8234D234B5B1B002B07DD00249E1035
S3150000327055F8043B01349847A642F9DCFFF7AAFD4E
S31500003280FFF756FE0320FFF779FF4FF6FF72002483
S31500003290194B03201A825A829A82DA821A835A8337
S315000032A09A83DA83FFF73AFF0320FFF767FF134B92
S315000032B003205C609C60DC601C61FFF72FFF02202E
S315000032C0FDF768FEFFF7E0FE2046BDE87040FFF719
S315000032D087BE00BF00ED00E000000000C003002034
S315000032E03C0C002000000020A0030020708A000093
S315000032F0980300209C030020000D084000000E40AB
S3150000330081F0004102E000BF83F0004330B54FEA90
S3150000331041044FEA430594EA050F08BF90EA020FFD
S315000033201FBF54EA000C55EA020C7FEA645C7FEA90
S31500003330655C00F0E2804FEA5454D4EB5555B8BFB3
S315000033406D420CDD2C4480EA020281EA030382EA24
S31500003350000083EA010180EA020281EA0303362DB6
S3150000336088BF30BD11F0004F4FEA01314FF4801C89
S315000033704CEA113102D0404261EB410113F0004F9B
S315000033804FEA03334CEA133302D0524263EB430352
S3150000339094EA050F00F0A780A4F10104D5F1200EF0
S315000033A00DDB02FA0EFC22FA05F2801841F100014B
S315000033B003FA0EF2801843FA05F359410EE0A5F11F
S315000033C020050EF1200E012A03FA0EFC28BF4CF050
S315000033D0020C43FA05F3C01851EBE37101F0004506
S315000033E007D54FF0000EDCF1000C7EEB00006EEB13
S315000033F00101B1F5801F1BD3B1F5001F0CD349089D
S315000034005FEA30004FEA3C0C04F101044FEA4452F3
S3150000341012F5800F80F09A80BCF1004F08BF5FEA7A
S31500003420500C50F1000041EB045141EA050130BD5A
S315000034305FEA4C0C404141EB0101013C28BFB1F56C
S31500003440801FE9D291F0000F04BF01460020B1FAB7
S3150000345081F308BF2033A3F10B03B3F120020CDA8A
S315000034600C3208DD02F1140CC2F10C0201FA0CF068
S3150000347021FA02F10CE002F11402D8BFC2F1200CCD
S3150000348001FA02F120FA0CFCDCBF41EA0C01904083
S31500003490E41AA2BF01EB0451294330BD6FEA0404CC
S315000034A01F3C1CDA0C340EDC04F11404C4F12002B7
S315000034B020FA04F001FA02F340EA030021FA04F3C9
S315000034C045EA030130BDC4F10C04C4F1200220FA20
S315000034D002F001FA04F340EA0300294630BD21FA5E
S315000034E004F0294630BD94F0000F83F4801306BF24
S315000034F081F480110134013D4EE77FEA645C18BF18
S315000035007FEA655C29D094EA050F08BF90EA020FAE
S3150000351005D054EA000C04BF1946104630BD91EAA6
S31500003520030F1EBF0021002030BD5FEA545C05D1A9
S315000035304000494128BF41F0004130BD14F58004E8
S315000035403CBF01F5801130BD01F0004545F0FE415C
S3150000355041F470014FF0000030BD7FEA645C1ABF91
S31500003560194610467FEA655C1CBF0B46024650EAC8
S31500003570013406BF52EA033591EA030F41F40021F4
S3150000358030BD00BF90F0000F04BF0021704730B57A
S315000035904FF4806404F132044FF000054FF000014F
S315000035A050E700BF90F0000F04BF0021704730B510
S315000035B04FF4806404F1320410F0004548BF4042E5
S315000035C04FF000013EE700BF42004FEAE2014FEA3A
S315000035D031014FEA02701FBF12F07F4393F07F4F15
S315000035E081F06051704732F07F4208BF704793F018
S315000035F07F4F04BF41F40021704730B54FF460742B
S3150000360001F0004521F000411CE700BF50EA01022D
S3150000361008BF704730B54FF000050AE050EA0102D6
S3150000362008BF704730B511F0004502D5404261EB46
S3150000363041014FF4806404F132045FEA915C3FF487
S31500003640D8AE4FF003025FEADC0C18BF03325FEA24
S31500003650DC0C18BF033202EBDC02C2F1200300FAD5
S3150000366003FC20FA02F001FA03FE40EA0E0021FAFA
S3150000367002F11444BDE600BF4A0011D212F5001251
S3150000368011D20DD56FF47873B3EB62520ED44FEAB4
S31500003690C12343F0004343EA505323FA02F0704734
S315000036A04FF00000704750EA013002D14FF0FF3072
S315000036B070474FF0000070472DE9FF4757EC106B3D
S315000036C0002F0C4619463B46B4BF07F100430023C2
S315000036D09146BFBF32461F462D231646DDF830A061
S315000036E00B700D9B23F02008B8F1460F05D0B8F1FA
S315000036F0450F00D10134022100E0032103AB22462D
S31500003700019302AB47EC106B0093534600F044FF65
S31500003710B8F1470F054619D119F0010F0ED000EB8D
S315000037200409002200233046394602F093FE08B110
S31500003730CDF80C903022039B4B451ED3039B2846A5
S315000037400E9A5B1B136004B0BDE8F087B8F1460F14
S3150000375000EB0409E5D10378302B0AD100220023BF
S315000037603046394602F076FE18B9C4F10104CAF8AB
S315000037700040DAF800309944D3E7591C03911A70D7
S31500003780D9E7F7B500290270BABF49422D232B238A
S315000037900929437028DD0DF107030A271D461A463D
S315000037A0013BB1FBF7F607FB1614303402F8014C67
S315000037B00C463146632CF2DC3031941E03F8011CB2
S315000037C0411C2346AB420AD30DF109039B1AAC42B6
S315000037D088BF002302330344181A03B0F0BD13F860
S315000037E0016B01F8016FEDE7302330318370031D63
S315000037F0C170F1E72DE9F04F8DB00C4616461F4615
S31500003800DDF85880054600F0C1FD036818460493AC
S3150000381000F02AFE002305900A93D8F8003094F8A9
S3150000382018A00733D4F800B023F0070303F1080209
S31500003830C8F800204FF0FF32D3E9008929F0004391
S31500003840CDF8188007939D4BDDE90601C4E912897E
S3150000385002F032FE70BB4FF0FF32984BDDE90601F5
S3150000386002F00CFE30BB002200234046494602F01F
S31500003870FBFD10B12D2384F84330914A914BBAF1E8
S31500003880470F8CBF9046984603234FF000092361EB
S315000038902BF00403236033460BAA214628460097E3
S315000038A000F0D2F9013040F08D804FF0FF300DB0BE
S315000038B0BDE8F08F42464B464046494602F0FCFDC5
S315000038C040B14B46804A002BBCBF2D2384F84330C1
S315000038D07E4BD4E70AF0DF02636806925A1C3BD19E
S315000038E0062363604BF4806200232846226003931C
S315000038F00AABCDE901A309AB49EC108B00930DF19E
S3150000390023036168FFF7D8FE069B80460999472B7B
S3150000391029D1C81C02DB6368994241DDAAF1020A7B
S315000039205FFA8AFA0139524604F150000991FFF70D
S3150000393028FF0A9A81461318012A236102DC2268AD
S31500003940D20701D5013323619DF82330002BA2D085
S315000039502D2384F843309EE7069A472AC2D1002BCE
S31500003960C0D10123BDE7BAF1650FDBD9BAF1660F05
S3150000397018D1002963680BDD216113B92268D007CD
S3150000398002D501330B4423614FF00009A165DBE743
S3150000399013B92268D20701D50233F4E70123F2E70F
S315000039A04FF0670A0A9B994205DB23682161D80715
S315000039B0EAD54B1CE7E70029D4BFC1F10202012278
S315000039C01344E0E723685A0507D423694246314683
S315000039D02846B84701302BD167E7BAF1650F40F2A8
S315000039E0DD8000220023D4E9120102F033FD002815
S315000039F033D00123364A31462846B84701303FF4D2
S31500003A0054AFDDE90938434502DB2368D8070FD5F3
S31500003A1031462846DDE90423B84701303FF445AF77
S31500003A204FF0000908F1FF3804F11A0AC84509DC0D
S31500003A3023689B0700F10381E0680B9B9842B8BF9F
S31500003A40184634E70123524631462846B847013026
S31500003A503FF42BAF09F10109E8E7099B002B39DC9C
S31500003A6001231B4A31462846B84701303FF41DAFB3
S31500003A70DDE9093959EA030302D12368D907D7D505
S31500003A8031462846DDE90423B84701303FF40DAF3F
S31500003A904FF0000A04F11A0B099B5B42534501DC07
S31500003AA04B4693E701235A4631462846B84701302C
S31500003AB03FF4FBAE0AF1010AEEE700BFFFFFEF7F1E
S31500003AC0108700000C87000018870000148700008C
S31500003AD01C870000A36DDDF828A05345A8BF5346F8
S31500003AE0002B994636DC4FF0000B29EAE97904F100
S31500003AF01A02A36D0693A3EB09035B4531DC099B10
S31500003B009A453ADC2368DA0737D4099BAAEB0309FE
S31500003B10069BAAEB03039945A8BF9946B9F1000F86
S31500003B2033DC4FF0000829EAE97904F11A0B099B06
S31500003B30AAEB0303A3EB090343457FF779AF012300
S31500003B405A4631462846B84701303FF4AEAE08F132
S31500003B500108ECE7424631462846B8470130C2D153
S31500003B60A3E60123314628460692B84701303FF4C2
S31500003B709CAE0BF1010B069ABBE7DDE90423314647
S31500003B802846B8470130C0D18FE6069A4B463146E3
S31500003B9028464244B8470130C3D186E6DDF828A05E
S31500003BA0BAF1010F01DCDB0736D501234246314667
S31500003BB02846B84701303FF478AE31462846DDE95D
S31500003BC00423B84701303FF470AE002200230AF107
S31500003BD0FF3AD4E9120102F03DFCC0B9534608F1A0
S31500003BE0010231462846B84701300CD15DE6012373
S31500003BF05A4631462846B84701303FF456AE08F1DA
S31500003C000108D045F3DB4B4604F15002DFE64FF0E6
S31500003C10000804F11A0BF4E701234246E1E7012309
S31500003C204A4631462846B84701303FF43EAE08F1D1
S31500003C300108E3680B995B1A4345F0DCFCE64FF09C
S31500003C40000804F11909F4E72DE9F04716469846ED
S31500003C508A6807460B690C46DDF820909342B8BF88
S31500003C601346336091F843200AB101333360236869
S31500003C70990642BF336802333360256815F006059E
S31500003C8006D104F1190AE36832689B1AAB422BDCB1
S31500003C9094F843302268003B18BF0123920630D4C3
S31500003CA004F1430241463846C847013023D0236811
S31500003CB01A3454F80A2C03F00603042B0ABF54F8EE
S31500003CC00E5C002533684FF0000608BFED1A54F865
S31500003CD0123C08BF25EAE5759342C4BF9B1AED184E
S31500003CE0B5421AD1002008E0012352464146384623
S31500003CF0C847013003D14FF0FF30BDE8F0870135EA
S31500003D00C1E7E1185A1C30200233224481F84300EF
S31500003D1094F8451082F84310C2E701232246414633
S31500003D203846C8470130E6D00136D9E72DE9FF47C6
S31500003D300F7E914680460C46782F9A460C9E01F1DE
S31500003D40430207D8622F0AD8002F00F0D180582FDF
S31500003D5000F0B88004F1420684F842703AE0A7F118
S31500003D606303152BF6D801A151F823F0C53D0000D9
S31500003D70D93D0000553D0000553D0000553D000071
S31500003D80553D0000D93D0000553D0000553D000061
S31500003D90553D0000553D0000D73E0000033E0000A3
S31500003DA0913E0000553D0000553D0000F93E0000E3
S31500003DB0553D0000033E0000553D0000553D000006
S31500003DC0993E000033681A1D1B68326004F14206F2
S31500003DD084F8423001239CE033682068191D316065
S31500003DE0060601D51D6803E04506FBD5B3F900506C
S31500003DF0002D03DA2D236D4284F8433058480A23F8
S31500003E0011E021683368080653F8045B02D44906BA
S31500003E1048BFADB26F2F3360514814BF0A23082341
S31500003E20002184F843106668002EA66005DB216831
S31500003E302E4321F0040121604BD01646B5FBF3F169
S31500003E4003FB1157C75D06F8017D2F460D46BB42A1
S31500003E50F4D9082B0BD12368DF0708D523696168DD
S31500003E609942DEBF302306F8013C06F1FF36921B6D
S31500003E7022614B4603AA21464046CDF800A0FFF733
S31500003E80E3FE01304AD14FF0FF3004B0BDE8F087C1
S31500003E90236843F02003236078273248236884F898
S31500003EA045701F06316851F8045B02D45F0648BFAF
S31500003EB0ADB23160D90744BF43F0200323601DB182
S31500003EC01023ADE72648E9E7236823F020032360A3
S31500003ED0F6E71646BDE733682568181D6169306048
S31500003EE02E061B6801D5196002E06806FBD519800D
S31500003EF0002316462361BCE7336800211A1D326091
S31500003F001E686268304600F094FA08B1801B606053
S31500003F1063682361002384F84330AAE723693246A5
S31500003F2049464046D0470130ADD023689B0713D49D
S31500003F30E068039B9842B8BF1846A6E701233246BD
S31500003F4049464046D04701309DD00135E368039984
S31500003F505B1AAB42F2DCEBE7002504F11906F5E744
S31500003F601E8700002F870000002310B504468360DB
S31500003F70818119464366C28108228361C0E9003304
S31500003F80C0E904335C3000F0F9F90D4B246263623A
S31500003F900C4BA3620C4BE3620C4B23630C4B9C4211
S31500003FA006D003F16802944202D0D0339C4205D178
S31500003FB004F15800BDE8104000F038BA10BD00BF4B
S31500003FC0CD410000EF410000274200004B420000B7
S31500003FD0F00A0020024A0349034800F069B800BF0E
S31500003FE0D0010020A55D0000E001002041680C4BD7
S31500003FF0994210B5044601D001F0D4FEA168094BE0
S31500004000994202D0204601F0CDFEE168064B994266
S3150000401004D02046BDE8104001F0C4BE10BD00BF6C
S31500004020F00A0020580B0020C00B002010B50B4BE7
S3150000403004210B4C0B4A20461A600022FFF794FF1E
S3150000404004F1680001220921FFF78EFF04F1D00078
S3150000405002221221BDE81040FFF786BF280C00207F
S31500004060F00A0020D53F0000014800F0E0B900BF8B
S31500004070310C0020014800F0DBB900BF310C0020F4
S3150000408010B50446FFF7F0FF236A1BB1BDE81040E8
S31500004090FFF7F0BF044B2362044B1B68002BF5D1DE
S315000040A0FFF7C4FFF2E700BFED3F0000280C002039
S315000040B02DE9F8430746884614460026D4E90195BB
S315000040C0B9F1010905D52468002CF7D13046BDE8C1
S315000040D0F883AB89012B07D9B5F90E30013303D02C
S315000040E029463846C04706436835E9E70FB407B5A1
S315000040F0064904AB086853F8042B8168019301F064
S31500004100B5FC03B05DF804EB04B07047DC01002099
S31500004110036A70B505460E4684680BB9FFF7B0FF13
S31500004120636EDB0705D4A389980502D4A06D00F061
S315000041307EF9A389190702D52369002B35D12146BB
S31500004140284600F0C5F880B34FF0FF35636EDA07F6
S3150000415005D4A3899B0502D4A06D00F069F9284611
S3150000416070BD002B04DAA2699A4217DC0A2915D021
S3150000417023685A1C22601970A36816F8011F013BB8
S31500004180A3600029EDD1002B11DA22460A21284628
S3150000419000F05FF80130D7D00A25D7E72246284637
S315000041A000F057F80130E7D1CEE7013EE4E7236897
S315000041B05A1C22600A221A70EEE7FFFF024B0146E4
S315000041C01868FFF7A5BF00BFDC01002010B50C463C
S315000041D0B1F90E1000F000F90028ABBF636DA3899A
S315000041E01B1823F48053ACBF6365A38110BD2DE972
S315000041F0F0411F468B8905460C46DB05164605D55C
S3150000420002230022B1F90E1000F0D4F8A389324639
S31500004210B4F90E10284623F48053A3813B46BDE82B
S31500004220F04100F0EBB810B50C46B1F90E1000F0F5
S31500004230C1F8431CA38915BF606523F4805343F47A
S315000042408053A38118BFA38110BDB1F90E1000F0F1
S31500004250A1B8F8B50E461446054618B1036A0BB95F
S31500004260FFF70EFFA369A360A3891A0701D5236987
S3150000427043B92146284600F02BF818B14FF0FF3716
S315000042803846F8BD2368F6B222693746981A63693C
S31500004290834205DC2146284601F084FD0028EDD145
S315000042A0A368013BA36023685A1C22601E70431C4E
S315000042B062699A4204D0A389DB07E1D50A2EDFD1D1
S315000042C02146284601F06EFD0028D9D0D6E7FFFF2B
S315000042D038B5294B05460C46186818B1036A0BB960
S315000042E0FFF7CEFEB4F90C30190722D4DA0607D44C
S315000042F009222A6043F040034FF0FF30A38133E0E8
S31500004300580712D5616B41B104F14403994202D0BA
S31500004310284600F0FFFE00236363A38923F02403ED
S31500004320A3810023636023692360A38943F0080304
S31500004330A38123694BB9A38903F42073B3F5007FE6
S3150000434003D02146284601F07AFDB4F90C3013F06B
S3150000435001020AD00022A26062695242A261226969
S3150000436042B913F08000C5D138BD990758BF6269BC
S31500004370A260F4E70020F7E7DC01002002440346D0
S31500004380934200D1704703F8011BF9E700487047D4
S315000043901C03002038B50023054D044608462B6053
S315000043A002F0C8F8431C02D12B6803B1236038BD64
S315000043B02C0C002038B50446064D0846114600224E
S315000043C02A601A4602F0CEF8431C02D12B6803B1CC
S315000043D0236038BD2C0C002038B50446064D08462F
S315000043E0114600222A601A4602F0C4F8431C02D184
S315000043F02B6803B1236038BD2C0C002038B5044669
S31500004400064D0846114600222A601A46FBF7B4FFFD
S31500004410431C02D12B6803B1236038BD2C0C00204D
S31500004420014B1868704700BFDC01002070477047D9
S315000044307047C9B20346024410B59342184601D1EB
S31500004440002003E0047801338C42F6D110BD0A4403
S31500004450431E914200D1704710B511F8014B9142AD
S3150000446003F8014FF9D110BD034613F8012B002ABA
S31500004470FBD1181A013870472DE9F74F0369074633
S315000044800C69A342C0F28380013C00F1140501F1DE
S315000044901408A30055F8242008EB8409009305EBC3
S315000044A08403019358F8243001339A42B2FBF3F6A1
S315000044B031D34FF0000AC446AE46D3465CF8043BFF
S315000044C098B2E1454FEA134306FB00A04FEA1042BB
S315000044D080B206FB0323DEF8002092B24FEA134AAD
S315000044E0A2EB00029BB2DEF800005A44C3EB224363
S315000044F092B203EB104342EA03424FEA234B4EF8D3
S31500004500042BDBD2009BEB582BB9019B043B9D424D
S315000045101A4630D33C61384601F072F9002826DB92
S315000045202946002058F8042BD1F800C01FFA82FE55
S31500004530C1451FFA8CF34FEA1242A3EB0E03034464
S31500004540C2EB23429BB202EB1C4243EA02434FEA10
S31500004550224041F8043BE5D255F8242005EB8403BC
S3150000456022B9043B9D421A460BD33C6101363046C4
S3150000457003B0BDE8F08F1268043B002ACAD1013CA3
S31500004580C5E71268043B002AEFD1013CEAE70020A8
S31500004590EEE7FFFFFFFFFFFF2DE9F04FC76999B078
S315000045A08346229E09910E92139355EC104B8DED86
S315000045B0040B7FB9102000F0F7FD0246CBF81C0073
S315000045C020B9A74BEF21A748FEF70CFDC0E90177FC
S315000045D00760C760DBF81C30196859B15A680123B7
S315000045E0584693404A608B6000F0D4FEDBF81C30DE
S315000045F000221A602B1EB7BF23F0004300230122BE
S315000046000593A8BF3360059F974BB8BF3260BB4385
S3150000461012D142F20F73139A1360C7F313032343A5
S3150000462000F04685239BDFF854A2002B00F0488556
S315000046300AF1030300F042BD9DED047B0022002336
S3150000464051EC170B8DED0C7B01F004FF804658B141
S315000046500123139A1360239B13B1844B239A13608F
S31500004660DFF81CA200F02CBDC7F30A5616AA17A93C
S3150000467058469DED0C0B01F077F98146002E75D05A
S315000046800D9BA6F2FF36CDF85080C3F3130343F01B
S315000046907F53DDE90C0143F4401319460022744BA5
S315000046A0FEF732FE68A3D3E9002301F06BFC68A392
S315000046B0D3E90023FEF72AFE04460D463046FEF7F0
S315000046C071FF65A3D3E9002301F05CFC02460B46AB
S315000046D020462946FEF71AFE04460D4601F002FF63
S315000046E00022074600232046294601F0BDFE40B1C0
S315000046F03846FEF757FF22462B4601F0ABFE00B9BF
S31500004700013F162F51D85B4B03EBC703DDE90C01C4
S31500004710D3E9002301F0A8FE002848D0013F00237A
S315000047201293169B9B1B5A1E46BFC3F1010800231A
S315000047304FF00008089248BF0893002F39DB089B0A
S315000047400F973B44089300230A93099B092B61D8D2
S31500004750052BC5BF043B002401240993099B023B9A
S31500004760032B63D8DFE803F05254372CDDE91663D8
S315000047701E4406F23243202BC9BFC3F14003C3F1E6
S3150000478020039F4006F21243D8BF04FA03F006F155
S31500004790FF36C4BF24FA03F347EA0300FEF7F2FE2E
S315000047A00122A1F1F873149277E70123B8E712907A
S315000047B0B7E77B42A8EB07080A9300230F93C4E7E9
S315000047C001230B930E9BFB1800930133012B0393DC
S315000047D0B8BF012306E001230B930E9B002B28DDB7
S315000047E000930393DBF81C000021042202F1140558
S315000047F09D4223D94160584600F08CFD8246002830
S3150000480040D11D4B024640F2AF11DCE60023E3E740
S315000048100023D6E7012400230B9409934FF0FF33BE
S3150000482000220093039312230E92DBE701230B93DE
S31500004830F4E701231A4600930393F5E7013152008A
S31500004840D4E700BFAFF3008061436F63A787D23F11
S31500004850B3C8608B288AC63FFB799F501344D33F69
S315000048604D870000648700000000F07F1D87000070
S315000048700000F83F78880000BD87000049870000E7
S315000048801C870000DBF81C301860039B0E2B00F21F
S31500004890A180002C00F09E80002F33DD07F00F0270
S315000048A09B4BF8054FEA271403EBC20393ED007BFD
S315000048B08DED067B16D5974B04F00F040326D3E93E
S315000048C00823DDE90C0101F087FCCDE90401914DD7
S315000048D054B9DDE90623DDE9040101F07DFCCDE9EB
S315000048E0040128E00226F2E7E10708D50136DDE9F2
S315000048F00601D5E9002301F045FBCDE90601641068
S315000049000835E5E700F0AF807C42814B814D0226F9
S3150000491004F00F02241103EBC203DDE90C01D3E915
S31500004920002301F02FFB0023CDE90401002C40F009
S315000049308F80002BD3D1129BDDE90445002B00F0BC
S3150000494094800022744B2046294601F08DFD0028F4
S3150000495000F08B80039B002B00F08780009B002BD0
S3150000496034DD7B1E204600222946069301366B4B1A
S3150000497001F008FB009CCDE904013046FEF712FE6B
S31500004980DDE9042301F0FEFA0022654BFEF7BEFCCA
S315000049900546A1F15076002C6AD10022614BDDE973
S315000049A00401FEF7B1FC02460B46CDE904232A4674
S315000049B0334601F077FD002840F087822A4606F14B
S315000049C00043DDE9040101F04FFD38BBDDE90C349D
S315000049D0CDE90434179B002BC0F258810E2F00F34B
S315000049E055814B4B03EBC70393ED007B0E9B002BCE
S315000049F08DED007B80F2E580039B002B00F3E180C8
S31500004A000CD10022474B51EC170B01F0BBFADDE944
S31500004A10042301F03DFD002800F0558200242546C0
S31500004A200E9B5646DB43069300272146584600F068
S31500004A30B1FC002D00F0BD802FB1AF4203D0394646
S31500004A40584600F0A7FC2946584600F0A3FCB0E003
S31500004A50E20705D50136D5E9002301F093FA0123D3
S31500004A606410083562E7022665E7039C069784E72B
S31500004A70274B0B9903EBC403544453E90223002943
S31500004A8054D00020284901F0A7FB334656462A4653
S31500004A90FEF73AFCCDE91001DDE9040101F022FD43
S31500004AA00546FEF77FFD02460B463035DDE904017B
S31500004AB0FEF72AFC02460B4606F8015BCDE9042305
S31500004AC0DDE9102301F0D0FC002872D10020124944
S31500004AD0DDE90423FEF718FCDDE9102301F0C4FC30
S31500004AE0002840F0B480A6423FF470AF00220B4B82
S31500004AF0DDE9100101F046FA0022084BCDE910016C
S31500004B00DDE9040101F03EFACDE90401C4E700BF86
S31500004B1078880000508800000000F03F0000244024
S31500004B2000001C40000014400000E03F314656469D
S31500004B30284601F027FA1594CDE91001DDE90401B4
S31500004B4001F0D0FC0546FEF72DFD024630350B463A
S31500004B50DDE90401FEF7D8FB06F8015B02460B46C9
S31500004B60A642CDE904234FF0000224D1AB4BDDE988
S31500004B701001FEF7CBFB02460B46DDE9040101F00E
S31500004B8091FC002863D10020A449DDE91023FEF73B
S31500004B90BBFB02460B46DDE9040101F065FC00287B
S31500004BA03FF414AF159E731E159316F8013C302B77
S31500004BB0F8D0069F3BE09A4B01F0E4F9CDE90401F9
S31500004BC0BCE7DDE90445564620462946DDE90023D3
S31500004BD001F002FB01F086FC8046FEF7E3FCDDE90E
S31500004BE0002301F0CFF90246204608F130040B46B7
S31500004BF02946FEF789FB039D06F8014BA6EB0A043E
S31500004C0002460B46A54234D1FEF780FB04460D460C
S31500004C10DDE9002301F046FCC0B920462946DDE95E
S31500004C20002301F017FC10B118F0010F0ED1494610
S31500004C30584600F0AFFB002301373370139B1F600B
S31500004C40239B002B00F03C821E6039E20697334618
S31500004C501E4613F8012D392A07D19A45F8D1069A2E
S31500004C600132069230228AF800201A7801321A7030
S31500004C709FE700226A4B01F085F9002200230446D3
S31500004C800D4601F0E7FB00289ED0D0E70B9A002ADC
S31500004C9000F0E180099A012A00F3C480149A002AE0
S31500004CA000F0B78003F233430A9C4646089A012176
S31500004CB0584698441A44089200F022FC05465EB114
S31500004CC0089B002B08DDB342089AA8BF3346A8EB21
S31500004CD00308F61AD31A08930A9BF3B10B9B002B11
S31500004CE000F0BD808CB129462246584600F0C2FC31
S31500004CF04A4601460546584600F018FC49460690C5
S31500004D00584600F047FB069B99460A9B1A1B04D09F
S31500004D104946584600F0AEFC81460121584600F04F
S31500004D20EFFB0F9B0446002B00F0CE811A4601468E
S31500004D30584600F09FFC099B0446012B00F3958022
S31500004D40049B002B40F08D80059BC3F31303002BBF
S31500004D5040F08980059B23F000431B0D1B052BB1FA
S31500004D60089B08F101080133089301230A930F9B5E
S31500004D70002B00F0AF81236904EB8303186900F070
S31500004D8073FBC0F12000089B184410F01F0077D079
S31500004D90C0F12003042B6BDDC0F11C00089B80448E
S31500004DA0034406440893B8F1000F05DD4946424620
S31500004DB0584600F0B9FC8146089B002B05DD2146CC
S31500004DC01A46584600F0B0FC0446129B002B59D0F8
S31500004DD02146484600F014FD002853DA7B1E49465A
S31500004DE00A2258460693002300F0F6FA0B9B8146EA
S31500004DF0002B00F07181002329460A22584600F054
S31500004E00EBFA009B0546002B67DC099B022B41DC75
S31500004E1063E0169BC3F1360346E700BF0000E03FA0
S31500004E2000002440039B5C1E0A9BA34209DB1C1B5B
S31500004E30039B002BBFF639AF039BA8EB03060023A9
S31500004E4034E70A9B46460F9AE31A0A9400241A444A
S31500004E50039B0F922AE70A9C46460B9D2FE70A9A68
S31500004E6056E7002382E7049B80E700230A9382E744
S31500004E7099D01C33089A1A4498441E44089292E723
S31500004E800346F6E7039B0697002B20DC0093099B5D
S31500004E90022B1EDD009B002B7FF4C2AD21460522AE
S31500004EA0584600F099FA01460446484600F0A8FC28
S31500004EB000287FF7B5AD3123564606F8013B069B21
S31500004EC001330693B0E5039C06972546F3E7039B5B
S31500004ED000930B9B002B00F00381002E05DD294675
S31500004EE03246584600F020FC05460A9B002B5AD055
S31500004EF06968584600F00EFA064628B9834B024602
S31500004F0040F2EF21FFF75FBB2A6905F10C010C3077
S31500004F1002329200FFF79BFA01223146584600F012
S31500004F2003FC0AF101032F4605460393009B5344F5
S31500004F300B93049B03F001030A93039B2146484607
S31500004F40013B0093FFF798FA3946049000F13008C8
S31500004F50484600F055FC2A4608902146584600F07F
S31500004F606BFCC268064602BB0146484600F048FC98
S31500004F700246314658460E9200F00CFA099B0E9AEC
S31500004F80039E42EA03010A9B194310D1B8F1390F77
S31500004F9029D0089B002B02DD049B03F13108009BFE
S31500004FA083F8008041E52846BBE70122E1E7089B3C
S31500004FB0002B04DB09990B430A990B4320D1002AE5
S31500004FC0EDDD49460122584600F0AEFB21468146FA
S31500004FD000F016FC002803DCE1D118F0010FDED04A
S31500004FE0B8F1390FD8D13923009A137033461E46CB
S31500004FF0013B16F8012C392A51D001321A7014E5FA
S31500005000002A07DDB8F1390FEDD008F10103009A47
S3150000501013700AE5039B0B9A03F8018C934228D080
S31500005020494600230A22584600F0D6F9AF42814687
S315000050304FF000034FF00A023946584607D100F0F8
S31500005040CBF907460546039B0133039375E700F04A
S31500005050C3F92946074600230A22584600F0BCF940
S315000050600546F0E7009B0027002BCCBF1E46012615
S31500005070564449460122584600F056FB21468146D1
S3150000508000F0BEFB0028B1DC02D118F0010FADD153
S3150000509033461E4613F8012D302AFAD0C5E49A4548
S315000050A0A5D1069B0133069331238AF80030BCE470
S315000050B0239BDFF85CA01BB10AF10803239A136057
S315000050C0504619B0BDE8F08F099B012B7FF738AE2B
S315000050D00F9B0A93012056E6009B002B7FF7D7AE65
S315000050E0564621464846FFF7C7F900F13008009BAF
S315000050F006F8018BA6EB0A029342B3DD494600236C
S315000051000A22584600F068F98146EAE7BD870000A2
S315000051104087000038B50546002941D051F8043CC7
S315000051200C1F002BB8BFE41800F0E8F81D4A1368FE
S3150000513033B9636014602846BDE8384000F0E4B82F
S31500005140A34208D9206821188B4201BF19685B6801
S3150000515009182160EDE71A465B680BB1A342FAD93C
S3150000516011685018A0420BD12068014450181160F4
S315000051708342E0D118685B68084453601060DAE740
S3150000518002D90C232B60D6E7206821188B4202BF78
S3150000519019685B680918636008BF21605460CAE734
S315000051A038BD00BF380C0020024B0146186800F0DD
S315000051B025B800BFDC01002070B50F4E0C46054631
S315000051C0316811B900F09AFE30602146284600F099
S315000051D095FE431C03D14FF0FF34204670BDC41C1E
S315000051E024F00304A042F8D0211A284600F086FED7
S315000051F00130F2D1EFE700BF340C00202DE9F8436F
S31500005200CD1C064625F0030508350C2D38BF0C25A8
S31500005210002D01DBA94204D90C2333600020BDE830
S31500005220F883DFF8D48000F069F8D8F800301C461F
S3150000523044BB29463046FFF7BFFF431C044658D1FE
S31500005240D8F800402746002F43D1002C4BD02368C6
S315000052503946304604EB030900F050FE814542D141
S31500005260216830466D1A2946FFF7A6FF01303AD06D
S3150000527023682B442360D8F800305A6862BBC8F80C
S3150000528000700FE02268521B20D40B2A17D961192F
S31500005290A342256018BF5960636808BFC8F80010AC
S315000052A062514B60304600F02FF804F10B00231DCD
S315000052B020F00700C21A1CBF1B1AA350AFE7626892
S315000052C0A3420CBFC8F800205A60EBE72346646887
S315000052D0AEE73C467F68B6E71A465B68A342FBD159
S315000052E000235360DEE70C233046336000F00CF8F1
S315000052F094E70560D6E700BF380C00200148FFF7A9
S3150000530096B800BF300C00200148FFF791B800BFE7
S31500005310300C002070B5C66904460D4676B91020DB
S31500005320FFF742FF0246E06120B9184B6B2118488F
S31500005330FDF758FEC0E901660660C660E669F368D7
S3150000534083B1E369DB6853F82500B8B9012120462B
S3150000535001FA05F6721D920000F0E0FD60B1C0E9A9
S3150000536001560EE021220421204600F0D7FDE36914
S31500005370F060DB68002BE4D1002070BD026843F8C2
S3150000538025200023C0E90333F7E700BF4D8700005F
S31500005390CE87000070B5C66905460C4676B9102062
S315000053A0FFF702FF0246E86120B9094B8F21094841
S315000053B0FDF718FEC0E901660660C6603CB1EB6900
S315000053C06268DB6853F82210216043F8224070BD02
S315000053D04D870000CE8700002DE9F04101F1140C45
S315000053E007460C461E460D690020DCF800300130E9
S315000053F099B2854202FB01614FEA13464FEA114317
S3150000540089B202FB063301EB03414FEA13464CF81F
S31500005410041BEADC0EB3A368AB4219DC61683846AC
S315000054200131FFF777FF804628B902460C4BBA21B7
S315000054300C48FDF7D7FD226904F10C010C3002324D
S315000054409200FFF704F8214644463846FFF7A2FFCC
S3150000545004EB850301355E6125612046BDE8F081D8
S31500005460BD870000CE870000B0F5803F034636BFFB
S31500005470030400201020B3F1807F3CBF1B020830DC
S31500005480B3F1805F3CBF1B010430B3F1804F3CBFDA
S315000054909B000230002B05DB13F0804F00F101006A
S315000054A008BF202070470368024613F007000BD0A0
S315000054B0D90721D4980747BF5B0801209B08022023
S315000054C04CBF13601360704799B209B91B0C1020CA
S315000054D0D9B209B908301B0A190704BF1B090430E1
S315000054E0990704BF9B080230D90703D45B0800F173
S315000054F0010003D0136070470020704720207047DA
S3150000550010B50C460121FFF705FF024628B9054BE9
S3150000551040F245110448FDF765FD0123446103612E
S3150000552010BD00BFBD870000CE8700002DE9F04FFB
S3150000553017460A69894685B03B699A42A2BF3B462F
S315000055400F4699463D69BB68D9F810A0796805EB06
S315000055500A06B342B8BF0131FFF7DCFE30B9024696
S31500005560424B4FF4B1714248FDF73CFD00F1140483
S31500005570002204EB860E2346734520D307F1140858
S3150000558009F1140108EB850501EB8A030293EB1B75
S315000055901537153B23F003030433BD4238BF0423FC
S315000055A00193029B03918B420CD8002E03DD5EF81B
S315000055B0043D002B57D0066105B0BDE8F08F43F8D7
S315000055C0042BD9E7B1F800A0BAF1000F21D0C446E8
S315000055D0A14600275CF8042BD9F800301FFA82FB9D
S315000055E065459BB24FEA12420AFB0B333B44D9F89E
S315000055F000704FEA17470AFB027202EB13429BB296
S315000056004FEA124743EA024349F8043BE2D8019BBA
S31500005610E750039B0431B3F80290B9F1000F20D094
S3150000562023684746A4464FF0000AB7F800B09BB27D
S31500005630BCF8022009FB0B22524443EA02434CF811
S31500005640043B57F8043B4FEA134ABCF80030BD420E
S3150000565009FB0A3303EB12434FEA134AE5D8019AD2
S31500005660A35004349DE7013E9FE700BFBD870000BD
S31500005670CE8700002DE9F843154612F003020746CF
S315000056800E4607D0013A254C002354F82220FFF796
S31500005690A3FE0646AD103DD0FC697CB91020FFF78D
S315000056A083FD0246F86128B91D4B40F2B3111D482F
S315000056B0FDF798FCC0E901440460C460D7F81C807B
S315000056C0D8F808404CB940F271213846FFF718FF68
S315000056D000230446C8F8080003604FF00009EB07F2
S315000056E00AD5314622463846FFF720FF8046314626
S315000056F038464646FFF74EFE6D100BD0206838B987
S31500005700224621463846FFF711FF2060C0F8009078
S315000057100446E4E73046BDE8F88300BF448800004D
S315000057204D870000CE8700002DE9F0470C4607465E
S3150000573091464FEA621A2369496803EB6218A36827
S3150000574008F10106B3420BDB3846FFF7E3FD0546D9
S3150000575048B90246284B4FF4EF712848FDF742FC42
S3150000576001315B00EEE7002300F1140100F11002A5
S315000057701846534533DB2AEAEA7A04F11403206912
S3150000578019F01F0901EB8A0103EB800C2BD0C9F13C
S31500005790200E8A460022186800FA09F010434AF8DB
S315000057A0040B53F8042B9C4522FA0EF2F3D8ACEB0B
S315000057B0040304F11500153B23F00303043360458D
S315000057C088BF0423CA500AB108F10206013E3846D2
S315000057D021462E61FFF7DEFD2846BDE8F08701333E
S315000057E042F8040FC5E7043953F8042B9C4541F8E9
S315000057F0042FF9D8EAE700BFBD870000CE87000076
S3150000580003460A690069801A30B50ED11433143183
S3150000581003EB820401EB820154F8045D51F8042D78
S31500005820954203D005D24FF0FF3030BDA342F3D3EB
S31500005830FBE70120F9E7FFFF2DE9F74F894606460A
S31500005840114614464846FFF7DBFF051E12D12946CE
S315000058503046FFF75FFD024628B9414B40F237213B
S315000058604048FDF7BFFB0123C0E90435104603B0ED
S31500005870BDE8F08FBCBF4B46A1463046B8BF0125F8
S31500005880D9F80410B4BF1C460025FFF743FD0246B5
S3150000589018B9334B40F24521E2E7D9F8107004F10C
S315000058A0140E266900F1140BC56009F1140509F1FF
S315000058B010030EEB860605EB8708D9464FF0000C61
S315000058C00193019B5EF8040B53F804AF76450193F0
S315000058D01FFA8AF3194683B24FEA1040A1EB03037D
S315000058E0C0EB1A40634400EB23409BB24FEA204CC6
S315000058F043EA004349F8043BE3D8331B1534153B10
S3150000590023F003030433A64238BF04231D445B443B
S315000059102C461E4644450ED308F10301491B033DA0
S3150000592021F00301A84538BF00210B4453F8041D9C
S3150000593099B117619AE754F8041BE6461FFA81FCF1
S31500005940080C7144F44489B200EB2C4041EA004152
S315000059504FEA204C46F8041BDCE7013FE6E700BFB0
S31500005960BD870000CE8700002DE9F7430F460121D1
S31500005970164659EC108BFFF7CDFC044630B90246AB
S31500005980234B40F20F312348FDF72CFBC9F30A5590
S31500005990C9F313030DB143F480130193B8F1000367
S315000059A023D068460093FFF77EFDDDE90012D0B1F3
S315000059B0C0F1200302FA03F3C2400B430192636174
S315000059C0019B002BA3610CBF012202222261A5B11B
S315000059D0A5F233450544C0F135003D6030602046F0
S315000059E003B0BDE8F0836161EAE701A8FFF75BFD5C
S315000059F0019B203001226361E8E7A0F2324004EB0C
S31500005A00820338601869FFF72FFDC0EB4210E5E707
S31500005A10BD870000CE8700009368013B002B936092
S31500005A2010B408DA9469A34201DB0A2903D15DF8B0
S31500005A30044BFEF70EBC1368581C1060084619701C
S31500005A405DF8044B7047F8B506460F461446D51860
S31500005A50AC4201D1002007E03A4614F8011B30465B
S31500005A60FFF7DAFF431CF3D1F8BDFFFF2DE9F04F36
S31500005A700D469DB014469846064618B1036A0BB902
S31500005A80FEF7FEFA6B6ED90705D4AB899A0502D4E8
S31500005A90A86DFEF7CCFCAB891B0701D52B699BB91A
S31500005AA029463046FEF714FC70B16B6EDC0704D550
S31500005AB04FF0FF301DB0BDE8F08FAB899805F7D4E5
S31500005AC0A86DFEF7B5FCF3E70023CDF80C804FF088
S31500005AD00109DFF8B481099320238DF8293030239A
S31500005AE08DF82A3023469A4613F8012B0AB1252A47
S31500005AF0F9D1BAEB040B0BD05B4622462946304659
S31500005B00FFF7A1FF013000F0A780099A5A440992D5
S31500005B109AF80030002B00F09F8000234FF0FF32F0
S31500005B200AF1010A049307938DF853301A93CDE9CD
S31500005B30052354460522544814F8011BFEF779FC48
S31500005B40049AD8B9D10644BF20238DF853301307E1
S31500005B5044BF2B238DF853309AF800302A2B15D0EA
S31500005B60079A544600204FF00A0C214611F8013BD3
S31500005B70303B092B4BD9B0B1079214E0A0EB0803D8
S31500005B80A24609FA03F313430493D2E7039B191DB4
S31500005B901B68002B0391BBBF5B4242F002020793D6
S31500005BA00793B8BF049223782E2B0AD163782A2B49
S31500005BB032D1039B02341A1D1B6843EAE373039236
S31500005BC00593DFF8D4A0032221785046FEF731FC76
S31500005BD038B1A0EB0A004022049B013482401343F3
S31500005BE0049314F8011B062228488DF82810FEF7A6
S31500005BF020FC00283FD0264B1BBB039B073323F01A
S31500005C00070308330393099B3B4409936AE70CFB9C
S31500005C1002320C460120A8E7002301344FF00A0C9B
S31500005C2019460593204610F8012B303A092A03D964
S31500005C30002BC6D00591C4E70CFB012104460123C5
S31500005C40F0E703AB2A4604A930460093114BFDF753
S31500005C50D1FD0746781CD6D16B6ED90705D4AB8922
S31500005C609A0502D4A86DFEF7E3FBAB895B063FF508
S31500005C701FAF09981EE703AB2A4604A930460093D6
S31500005C80044BFEF753F8E4E728880000328800004A
S31500005C90F5370000475A00002E880000B1F90C20A5
S31500005CA02DE9F041160705460C4654D44B68002BE7
S31500005CB002DC0B6C002B48DDE66A002E45D0002383
S31500005CC012F480522F68216A2B6030D0626DA3894E
S31500005CD0590705D56368D21A636B0BB1236CD21AC8
S31500005CE00023E66A216A2846B047431CA38906D1E9
S31500005CF029681D292BD82A4ACA40D60727D500224B
S31500005D00D90462602269226004D5421C01D12B6845
S31500005D1003B96065616B2F60B9B104F14403994220
S31500005D2002D02846FFF7F6F9002363630DE001234E
S31500005D302846B0470246501CC9D12B68002BC6D056
S31500005D401D2B01D0162B1DD12F60002021E043F022
S31500005D5040031BB21AE00F69002FF6D093070E68B6
S31500005D600F600CBF4B690023A6EB07088B60B8F1E8
S31500005D70000FEADD43463A46216A2846A66AB0473E
S31500005D80002808DCB4F90C3043F040034FF0FF3034
S31500005D90A381BDE8F0810744A8EB0008E7E700BF50
S31500005DA00100402038B50B6905460C4613B900259D
S31500005DB0284638BD18B1036A0BB9FEF761F9B4F984
S31500005DC00C30002BF3D0626ED00704D4990502D4B0
S31500005DD0A06DFEF72CFB28462146FFF75FFF636E9A
S31500005DE00546DA07E4D4A3899B05E1D4A06DFEF746
S31500005DF01FFBDDE770B50C46B1F90E1096B01546DF
S31500005E0000291E460CDAA389002113F0800F14BF67
S31500005E1040234FF48063002031602B6016B070BDC4
S31500005E206A4600F049F80028EDDB019901F470415B
S31500005E30A1F50053594259414FF48063EBE78B8932
S31500005E40F7B59D0706460C4607D504F147032360C0
S31500005E5023610123636103B0F0BD01AB6A46FFF71E
S31500005E60C9FF009F054630463946FFF7C7F948B9CE
S31500005E70B4F90C309A05EED423F0030343F0020381
S31500005E80A381E2E7A389206043F08003A381019BFD
S31500005E90C4E904075BB1B4F90E10304600F01EF8F1
S31500005EA028B1A38923F0030343F00103A381A38947
S31500005EB01D43A581CFE7FFFF38B50023064D0446F5
S31500005EC0084611462B6000F03DFB431C02D12B68AF
S31500005ED003B1236038BD00BF2C0C002038B5002369
S31500005EE0054D044608462B6000F034FB431C02D1E6
S31500005EF02B6803B1236038BD2C0C002038B5002375
S31500005F00054D044608462B60FDF762F9431C02D195
S31500005F102B6803B1236038BD2C0C002070B5A1FBA3
S31500005F20025434B92946FFF769F9064628B93046BE
S31500005F3070BD0C2200260260F9E72A462146FEF7CC
S31500005F401DFAF4E782B001B901A942B14BB1137849
S31500005F500B601278101E18BF012002B07047104661
S31500005F60FBE76FF00100F8E70346084641B1FF2A58
S31500005F7004D98A224FF0FF301A60704701200A7058
S31500005F807047FFFF70B54FF0FF0C4CF4E06C1CEA55
S31500005F9011541DBF1CEA135594EA0C0F95EA0C0F19
S31500005FA000F0DEF82C4481EA030621EA4C5123EA8C
S31500005FB04C5350EA013518BF52EA033541F48011BB
S31500005FC043F4801338D0A0FB02CE4FF00005E1FB6E
S31500005FD002E506F00042E0FB03E54FF00006E1FBB8
S31500005FE003569CF0000F18BF4EF0010EA4F1FF04FB
S31500005FF0B6F5007F64F5407404D25FEA4E0E6D413B
S3150000600046EB060642EAC62141EA55514FEAC5204B
S3150000601040EA5E504FEACE2EB4F1FD0C88BFBCF5C7
S31500006020E06F1ED8BEF1004F08BF5FEA500E50F178
S31500006030000041EB045170BD06F0004646EA01013E
S3150000604040EA020081EA0301B4EB5C04C2BFD4EB70
S315000060500C0541EA045170BD41F480114FF0000E69
S31500006060013C00F3AB8014F1360FDEBF002001F0D7
S31500006070004170BDC4F10004203C35DA0C341BDC51
S3150000608004F11404C4F1200500FA05F320FA04F023
S3150000609001FA05F240EA020001F0004221F0004157
S315000060A010EBD37021FA04F642EB06015EEA430ECA
S315000060B008BF20EAD37070BDC4F10C04C4F12005FA
S315000060C000FA04F320FA05F001FA04F240EA0200AD
S315000060D001F0004110EBD37041F100015EEA430E7E
S315000060E008BF20EAD37070BDC4F1200500FA05F29E
S315000060F04EEA020E20FA04F301FA05F243EA02031D
S3150000610021FA04F001F0004121FA04F220EA02002B
S3150000611000EBD3705EEA430E08BF20EAD37070BD71
S3150000612094F0000F0FD101F00046400041EB010151
S3150000613011F4801F08BF013CF7D041EA060195F033
S31500006140000F18BF704703F00046520043EB0303ED
S3150000615013F4801F08BF013DF7D043EA06037047DA
S3150000616094EA0C0F0CEA135518BF95EA0C0F0CD0E5
S3150000617050EA410618BF52EA4306D1D181EA03012B
S3150000618001F000414FF0000070BD50EA410606BF25
S315000061901046194652EA430619D094EA0C0F02D16A
S315000061A050EA013613D195EA0C0F05D152EA0336AF
S315000061B01CBF104619460AD181EA030101F00041CD
S315000061C041F0FE4141F470014FF0000070BD41F016
S315000061D0FE4141F4780170BD70B54FF0FF0C4CF4F0
S315000061E0E06C1CEA11541DBF1CEA135594EA0C0F0F
S315000061F095EA0C0F00F0A7F8A4EB050481EA030E5C
S3150000620052EA03354FEA013100F088804FEA033342
S315000062104FF0805545EA131343EA12634FEA022210
S3150000622045EA111545EA10654FEA00260EF00041D1
S315000062309D4208BF964244F1FD0404F5407402D223
S315000062405B084FEA3202B61A65EB03055B084FEAB4
S3150000625032024FF480104FF4002CB6EB020E75EBB1
S31500006260030E22BFB61A754640EA0C005B084FEAD9
S315000062703202B6EB020E75EB030E22BFB61A754656
S3150000628040EA5C005B084FEA3202B6EB020E75EBA1
S31500006290030E22BFB61A754640EA9C005B084FEA19
S315000062A03202B6EB020E75EB030E22BFB61A754626
S315000062B040EADC0055EA060E18D04FEA051545EA15
S315000062C016754FEA06164FEAC30343EA52734FEABE
S315000062D0C2025FEA1C1CC0D111F4801F0BD141EA37
S315000062E000014FF000004FF0004CB6E711F4801F9C
S315000062F004BF01430020B4F1FD0C88BFBCF5E06F7C
S315000063003FF6AFAEB5EB030C04BFB6EB020C5FEA8B
S31500006310500C50F1000041EB045170BD0EF0004EE0
S315000063204EEA113114EB5C04C2BFD4EB0C0541EA12
S31500006330045170BD41F480114FF0000E013C90E60F
S3150000634045EA060E8DE60CEA135594EA0C0F08BFD3
S3150000635095EA0C0F3FF43BAF94EA0C0F0AD150EAD2
S3150000636001347FF434AF95EA0C0F7FF425AF104665
S3150000637019462CE795EA0C0F06D152EA03353FF48D
S31500006380FDAE1046194622E750EA410618BF52EA0A
S3150000639043067FF4C5AE50EA41047FF40DAF52EADE
S315000063A043057FF4EBAE12E74FF0FF3C06E000BF7B
S315000063B04FF0010C02E000BF4FF0010C4DF804CD88
S315000063C04FEA410C7FEA6C5C4FEA430C18BF7FEA48
S315000063D06C5C1BD001B050EA410C0CBF52EA430C76
S315000063E091EA030F02BF90EA020F0020704710F1F6
S315000063F0000F91EA030F58BF994208BF90422CBF85
S31500006400D8176FEAE37040F0010070474FEA410C7D
S315000064107FEA6C5C02D150EA013C07D14FEA430C9B
S315000064207FEA6C5CD6D152EA033CD3D05DF8040B0C
S31500006430704700BF8446104662468C46194663463E
S3150000644000E000BF01B5FFF7B7FF002848BF10F115
S31500006450000F01BD4DF808EDFFF7F4FF0CBF01205A
S3150000646000205DF808FB00BF4DF808EDFFF7EAFFD6
S3150000647034BF012000205DF808FB00BF4DF808ED91
S31500006480FFF7E0FF94BF012000205DF808FB00BF86
S315000064904DF808EDFFF7CEFF94BF012000205DF810
S315000064A008FB00BF4DF808EDFFF7C4FF34BF01201D
S315000064B000205DF808FB00BF4FEA410C7FEA6C5CE8
S315000064C002D150EA013C0AD14FEA430C7FEA6C5CE8
S315000064D002D152EA033C02D14FF0000070474FF060
S315000064E0010070474FEA410212F5001215D211D58C
S315000064F06FF47873B3EB625212D94FEAC12343F0BB
S31500006500004343EA505311F0004F23FA02F018BF3C
S31500006510404270474FF00000704750EA013005D105
S3150000652011F0004008BF6FF0004070474FF00000C8
S31500006530704700BF024B58224FF0FF301A60704779
S315000065402C0C0020024B58224FF0FF301A60704787
S315000065502C0C0020024B582200201A60704700BF06
S315000065602C0C0020024B58224FF0FF301A60704767
S315000065702C0C0020024B58224FF0FF301A60704757
S315000065802C0C00204275696C74207769746820525F
S31500006590656E6573617320416476616E6365642020
S315000065A0466C657869626C6520536F6674776172B4
S315000065B065205061636B6167652076657273696FEC
S315000065C06E20352E392E3000352E392E3000000043
S315000065D000000905F8B500BFF8BC08BC9E46704728
S315000065E0F8B500BFF8BC08BC9E4670474653505FDE
S315000065F053554343455353203D3D20657272000079
S31500006600000000002E2E2F7372632F68616C5F6589
S315000066106E7472792E6300005241204532535455F0
S3150000662044494F000A68656C6C6F20776F726C6422
S31500006630210D00004C534D364453563136585F49B0
S31500006640443D307825782C2077686F616D493D3060
S315000066507825780A000000005241344D32000000CF
S31500006660545559410000000057494649204D4F44B2
S31500006670453A00004150204D4F44453A0000000085
S315000066804D454D535F4C534D3644535631365800A5
S315000066905441503A0000000054454D503A00000065
S315000066A058286D67293A000059286D67293A000075
S315000066B05A286D67293A00004D454D535F4C50539B
S315000066C032324446000000004150202020200000C5
S315000066D06E6F726D616C00004E6F726D616C0000C2
S315000066E053696E676C650000446F75626C650000E7
S315000066F053696E676C65205441500D00446F756296
S315000067006C65205441500D00776966695F55706469
S31500006710617465005B42544E5D20776966695F610E
S31500006720705F6D6F64650D005B545559415D203C8B
S31500006730686561727462656174285345513D2575BB
S31500006740290D0A005B545559415D203C517565720F
S31500006750792050726F6475637420496E666F726D2E
S315000067606174696F6E0D00005B545559415D203CA4
S31500006770517565727920576F726B204D6F64650D88
S31500006780000000005B545559415D203C574946497D
S315000067905F4D4F44453D253032580D0A000000003C
S315000067A05B4D43555D202D3E2054555941204450A4
S315000067B05F424154203D2025640D0A005B4D435540
S315000067C05D202D3E20545559412044505F74454D5F
S315000067D050203D2025362E32660D0A002E2E2F73B0
S315000067E072632F6F6C65642E6300FFFF706C6174BB
S315000067F0666F726D5F777269746500FF706C6174A5
S31500006800666F726D5F7265616400FFFF6170705F35
S315000068107065726970686572616C5F696E69740033
S3150000682055AA03030000050055AA03020000040050
S3150000683055AA03050001010955AA03000001010438
S3150000684055AA0300000100034F4C45445F5265669C
S315000068507265736800FFFFFF4F4C45445F57525FF8
S315000068604279746500FFFFFF000000000000000091
S315000068700000000000000000000000000000000012
S315000068800000000000F8F8F0F070200000000000A2
S3150000689000000000000000000000000000000000F2
S315000068A000000000000000000000000000000000E2
S315000068B08000000000000000000000000000000052
S315000068C00000000000FFFFFFFF00000000000000C6
S315000068D000000000000000000000000080800000B2
S315000068E000000000000000000000000000000000A2
S315000068F000FFFFFE0606060606060606060606064E
S315000069000606060606FFFFFFFF060606060606063D
S315000069100606060606060606060606FFFFFFFF072C
S31500006920020000000000000000000000000000005F
S3150000693000FFFFFF00000000000000000000000054
S315000069400000000000FFFFFFFF0000000000000045
S315000069500000000000000000000000FFFFFFFF0035
S315000069600000000000000000000000000000000021
S3150000697000FFFFFF181818181818181818181818F4
S315000069801818181818FFFFFFFF18181818181818E5
S315000069901818181818181818181818FFFFFFFF00ED
S315000069A000000000000000000000000000000000E1
S315000069B002010100000000000000000000000000CD
S315000069C00000000000FFFFFFFF00000000000000C5
S315000069D000000000000000000000000101000000AF
S315000069E000000000000000000000000000000000A1
S315000069F00000000000000000000000000000000091
S31500006A000000000000FFFFFFFF0000000000000084
S31500006A100000000000000000000000000000000070
S31500006A200000000000000000000000000000000060
S31500006A300000000000000000000000000000000050
S31500006A4000000000001F1F0F0F00000000000000E4
S31500006A500000000000000000000000000000000030
S31500006A600000000000000000000000000000000020
S31500006A7000000000000000FCF8000000000000001C
S31500006A80000000000000000000000000FFFE0202FF
S31500006A9002020202020202FFFF02020202020202D6
S31500006AA00202FF0300000000000000001F1F040494
S31500006AB004040404040404FFFF040404040404049A
S31500006AC004041F0000000000000000000000000099
S31500006AD0000000000000007F3F00000000000000F2
S31500006AE00000000000000000000000C080808080E0
S31500006AF0808080FC84808080808080C0C000000010
S31500006B00000000FF7F404040404040FF4040404082
S31500006B10404040FF7F000000000000000000000031
S31500006B200000007F70000000000000000000000070
S31500006B308484FC8484405E505050DF5050505E0088
S31500006B4010301F080800FE02027F027E0282FE004D
S31500006B5004E42424A46F042464AF34A4642404004D
S31500006B6000FF0011229C403F0101010101010100CB
S31500006B700000F8494A4C48F8484C4A49F8000000D9
S31500006B8010101312121212FF12121212131010000A
S31500006B90000000FE20202020203F20202020000092
S31500006BA00080601F020202020202FE0000000000D6
S31500006BB01010D0FF901000FE020202FE000000003E
S31500006BC0040300FF0083601F0000003F4040780080
S31500006BD000000000000000000000000000000000AF
S31500006BE0000000000000000000000000000000009F
S31500006BF0000000000000000000F0F0F000000000BF
S31500006C000000000000017F010000000000000000FD
S31500006C10001C1C1C0000000000008060301C8C6002
S31500006C20301C0C0000000000000000000000000006
S31500006C30000000000000000000000000000000E06E
S31500006C400000000000E000000086E69F868686863B
S31500006C50E69F860000011F01010101011F010100DD
S31500006C60000080C06020F820E0C00000000003079C
S31500006C700C18FF70E18100000000070F10107F1054
S31500006C800F0700008060206080000000E020000008
S31500006C900F3020309F70DC371030C0000000100E1F
S31500006CA003000718101807000000C02020E0C000ED
S31500006CB00000000080E01F38E88703C43C040000A1
S31500006CC0070F1810100B070D1010080000808C4CD1
S31500006CD03800000000000000000000000000000076
S31500006CE0000000000000000000000000000000009E
S31500006CF000000000000080E03008040000000000F2
S31500006D0000FEFF0100000000000000000000030F6D
S31500006D101820400000040830E08000000000000059
S31500006D200000000001FFFE000000000000402018E7
S31500006D300F03000000000000000000000000C0007B
S31500006D4000000000004266663C18FF183C6666427A
S31500006D50000000000000030000000000000000002A
S31500006D600000800000000000001010101010FF103E
S31500006D7010101010000000000000030000000000CA
S31500006D8000000000000000000000000000000000FD
S31500006D90000000000000000000808C4C380000005D
S31500006DA000000000000000000000000000000000DD
S31500006DB0001010101010101010101000000000002D
S31500006DC000000000000000000000000000000000BD
S31500006DD000000000000000000000000000000000AD
S31500006DE000001C1C1C000000000000000000000049
S31500006DF000000000E0380C000000000080701C035A
S31500006E00000000000060380E0100000000000000D5
S31500006E10000080C060202060C080000000FEFF01EE
S31500006E200000000001FFFE000001070E18101018F8
S31500006E300E0701000000808080C0E0000000000016
S31500006E400000000000FFFF0000000000000010101E
S31500006E50101F1F101010000000804020202020600E
S31500006E60C080000000030300804020381F07000098
S31500006E70001C1A1918181818181F00000080C020C6
S31500006E80202060C080000000000303001010182FAF
S31500006E90E780000000070F10101010180F07000001
S31500006EA0000000000000C0E0F000000000C0B08854
S31500006EB0868180FFFF808000000000000010101F08
S31500006EC01F1010000000E0606060606060600000FD
S31500006ED000003F1008080818F0E0000000070B103B
S31500006EE01010101C0F030000000080C0402020205E
S31500006EF0E0C0000000FCFF211008080818F0E000C0
S31500006F000001070C18101010080F03000000C0E065
S31500006F106060606060E06000000003000000E01850
S31500006F200700000000000000001F1F000000000016
S31500006F300080C0602020202060C080000087EF2CE9
S31500006F401818303068CF830000070F081010101093
S31500006F50180F07000000C0C020202020C0800000BD
S31500006F60001F3F604040402010FFFE0000000C1C48
S31500006F70101010080F0300000000000000000000C1
S31500006F800000000000000000000E0E0E00000000D1
S31500006F9000000000001C1C1C000000000000000097
S31500006FA0000000000000000000000000000C0C00C3
S31500006FB0000000000000000000583800000000003B
S31500006FC00000000000000080402010000000102893
S31500006FD044820100000000000000000000000102E1
S31500006FE0040810000000000000000000000000007F
S31500006FF00084848484848484848484000000000063
S31500007000000000000000000000001020408000008A
S31500007010000000000000000000000182442810006B
S3150000702000001008040201000000000000C020203B
S315000070301010101030E0C0000003030000F010082C
S315000070400C070300000000001C1C1C0000000000D0
S31500007050000000C0406020202040C00000FCFF016E
S31500007060F00E03C1FE03807F0001070E0811111008
S31500007070110904020000000080E0E00000000000AA
S315000070800000807C4340477FF880000010181F10E6
S3150000709000000000131F1C1020E0E02020202060CC
S315000070A0C080000000FFFF10101010182FE78000AE
S315000070B0101F1F1010101010180F0700000080C0BE
S315000070C0402020202060E00000FCFF0100000000BE
S315000070D0000001000001070E18101010080403003C
S315000070E020E0E02020202040C080000000FFFF00BC
S315000070F00000000001FFFE00101F1F1010101808EE
S315000071000E07010020E0E0202020202020608000E3
S3150000711000FFFF101010107C00000000101F1F1051
S31500007120101010101018060020E0E020202020206B
S315000071306060800000FFFF101010107C000001004E
S31500007140101F1F100000000000000000000080C09B
S315000071506020202040E0000000FCFF0100004040CD
S31500007160C0C140400001070E181010100F0F00009C
S3150000717020E0E0200000000020E0E02000FFFF10FB
S315000071801010101010FFFF00101F1F10000000004D
S31500007190101F1F100000202020E0E020202000000B
S315000071A00000000000FFFF000000000000001010BB
S315000071B0101F1F101010000000000000202020E00B
S315000071C0E020202000000000000000FFFF0000007B
S315000071D00060E0808080C07F3F00000020E0E0206B
S315000071E0000020A06020200000FFFF30187CE3C0D4
S315000071F000000000101F1F10000001131F1C1810B4
S3150000720020E0E020000000000000000000FFFF007A
S315000072100000000000000000101F1F1010101010CA
S315000072201018060020E0E0E000000000E0E0E020AA
S3150000723000FF013FFEC0E01E01FFFF00101F10000F
S31500007240031F0300101F1F1020E0E0C00000000015
S315000072500020E02000FF0003071C78E08000FF000C
S31500007260101F100000000000030F1F00000080C068
S3150000727060202060C080000000FEFF0100000000CA
S3150000728000FFFE000001070E181010180C07010081
S3150000729020E0E0202020202060C0800000FFFF20AA
S315000072A020202020301F0F00101F1F10000000009C
S315000072B000000000000080C060202060C080000048
S315000072C000FEFF010000000000FFFE000001070EA7
S315000072D01111133C7C67210020E0E02020202020B3
S315000072E060C0800000FFFF101030F0D0080F0700CC
S315000072F0101F1F10000000030F1C10100080C0603C
S31500007300202020204040E00000070F0C18183030E5
S3150000731060E08100001F0C0810101010180F070005
S315000073208060202020E0E020202060800100000016
S3150000733000FFFF000000000100000000101F1F10EA
S315000073400000000020E0E020000000000020E02017
S3150000735000FFFF00000000000000FF0000070F18FC
S3150000736010101010100807002060E0E02000000058
S3150000737020E060200000077FF88000807C0300008A
S3150000738000000000071F1C070000000020E0E020AE
S3150000739000E0E0200020E0200007FFF8E01FFFFCEF
S315000073A0E01F00000000031F0300011F0300000090
S315000073B0002060E0A0000020E06020000000000344
S315000073C08F7CF8C6010000000010181E130001177C
S315000073D01F1810002060E0E02000000020E0602080
S315000073E0000001073EF8E01807000000000000104A
S315000073F0101F1F101000000000806020202020A019
S31500007400E0E0200000000000C0F03E0F0300000096
S3150000741000101C1F171010101018060000000000A6
S3150000742000FC0404040404000000000000FF000047
S315000074300000000000000000007F40404040400087
S31500007440000010E000000000000000000000000046
S31500007450031C608000000000000000000000000324
S315000074600C70800000000404040404FC000000000A
S3150000747000000000000000FF000000000000404087
S315000074804040407F0000000000000010080C040C83
S3150000749008100000000000000000000000000000CE
S315000074A000000000000000000000000000000000D6
S315000074B000000000000000000000000000000000C6
S315000074C000000000808080808080808080808080B6
S315000074D0000000040408080000000000000000008E
S315000074E00000000000000000000000000000000096
S315000074F00000000000000000000000000000000086
S31500007500000098D844642424FCF80000000F1F18DB
S31500007510101010081F1F10180020E0F000000000D7
S31500007520000000000000FFFF180804040CF8F0003B
S3150000753000001F0F18101010180F030000000000A5
S31500007540000000000000000000E0F8180404043CFD
S315000075503800000000030F0C101010100806000081
S315000075600000000000000020E0F0000000E0F81C31
S3150000757004040408FFFF000000030F181010100891
S315000075801F0F0800000000000000000000000000BF
S315000075900000E0F8484444444C7870000000030FB3
S315000075A00C181010100804000000000080C06020B5
S315000075B020E0C00000040404FFFF040404040000EB
S315000075C0000010101F1F1010100000000000000027
S315000075D00000000000000000000070F88C04048C1D
S315000075E0F874040C007076CF8D8D8D89C878700084
S315000075F00020E0F000000000000000000000FFFF97
S3150000760008040404FCF8000000101F1F10000010FE
S315000076101F1F100000000000006060000000000056
S315000076200000040404FCFC00000000000000101030
S31500007630101F1F1010100000000000000000006066
S315000076406000000000000000040404FCFC000000D0
S315000076500000C0C08080C07F3F0000000020E0F036
S3150000766000000000000000000000FFFF80C0F41CC6
S315000076700404000000101F1F1100031F1C1010003F
S315000076800000202020E0F0000000000000000000C4
S3150000769000FFFF000000000000001010101F1F1068
S315000076A010100000000000000000000000000000B4
S315000076B004FCFC0804FCFC0804FCFC00101F1F1062
S315000076C0001F1F10001F1F10000000000000000018
S315000076D0000000000004FCFC08080404FCF800009C
S315000076E000101F1F100000101F1F100000000000D8
S315000076F0000000000000000000E0F0180C04040C7C
S3150000770018F0E00000030F0C101010100C0F03000F
S315000077100000000000000000000000000004FCFC67
S31500007720080404040CF8F0000080FFFF8890101095
S315000077301C0F030000000000000000000000000015
S3150000774000E0F81C04040408F8FC000000030F180D
S3150000775010109088FFFF800000000000000000006D
S3150000776000000000040404FCFC100804040C0C00D7
S315000077701010101F1F101010000000000000000065
S31500007780000000000000000000003078CCC48484B3
S31500007790840C1C0000001E1810101011190F060092
S315000077A00000000000C00000000000000004040407
S315000077B0FFFF040404000000000000000F1F10106B
S315000077C0100C000000000000000000000000000097
S315000077D00004FCFE00000004FCFE000000000F1F79
S315000077E0181010081F0F080000000000000000001D
S315000077F00000000000040C3CFCC40000C43C0C0467
S3150000780000000000010F1E0E010000000000000035
S315000078100000000000000000043CFCC400E47CFC06
S3150000782084807C040000071F070000071F07000074
S315000078300000000000000000000000000004041C1E
S315000078407CE4C0341C0404000010101C1601131F35
S315000078501C181000000000000000000000000000DE
S3150000786000040C3CFCC400C43C0404000000C080BE
S31500007870C1370E01000000000000000000000000FB
S315000078800000000000001C0404C4F47C1C0400007A
S315000078900000101C1F17111010180E000000000029
S315000078A0000000F80C04000000000000001028EFA3
S315000078B000000000000000000000003F60400000E3
S315000078C0000000000000FF000000000000000000B3
S315000078D00000FF0000000000000000000000FF00A4
S315000078E0000000000000040CF8000000000000008A
S315000078F000000000EF2810000000000000004060BB
S315000079003F000000000000000018060202040810F4
S3150000791020203008000000000000000000000000E9
S315000079200000000000000000000000000000000051
S31500007930000000000000000000000000000000F849
S3150000794000000000000000333000000000100C06AC
S31500007950100C0600000000000000000040C0784047
S31500007960C0784000043F04043F040400007088FC13
S3150000797008300000001820FF211E0000F008F0006B
S31500007980E018000000211C031E211E0000F00888DC
S31500007990700000001E2123241927211010160E0046
S315000079A0000000000000000000000000000000E0F1
S315000079B01804020000000007182040000002041806
S315000079C0E00000000040201807000000404080F062
S315000079D0804040000202010F01020200000000F098
S315000079E0000000000101011F01010100000000006C
S315000079F00000000080B070000000000000000000E1
S31500007A000000000000010101010101010000000069
S31500007A100000000000303000000000000000000000
S31500007A2080601804006018060100000000E01008DD
S31500007A300810E000000F102020100F00001010F8B2
S31500007A40000000000020203F2020000000700808F1
S31500007A500888700000302824222130000030088871
S31500007A60884830000018202020110E000000C02099
S31500007A7010F8000000070424243F240000F80888BA
S31500007A80880808000019212020110E0000E0108847
S31500007A9088180000000F112020110E000038080879
S31500007AA0C83808000000003F000000000070880889
S31500007AB008887000001C222121221C0000E010080A
S31500007AC00810E0000000312222110F00000000C063
S31500007AD0C000000000000030300000000000008000
S31500007AE000000000000080600000000000008040F0
S31500007AF02010080000010204081020004040404009
S31500007B00404040000404040404040400000810205B
S31500007B1040800000002010080402010000704808A0
S31500007B200808F0000000003036010000C030C82808
S31500007B30E810E0000718272423140B000000C038C3
S31500007B40E0000000203C23020227382008F888883D
S31500007B5088700000203F202020110E00C030080849
S31500007B6008083800071820202010080008F8080820
S31500007B700810E000203F202020100F0008F8888819
S31500007B80E8081000203F20202320180008F88888E5
S31500007B90E8081000203F200003000000C03008085D
S31500007BA00838000007182020221E020008F80800E6
S31500007BB00008F808203F210101213F20000808F8AD
S31500007BC0080800000020203F2020000000000808D0
S31500007BD0F8080800C08080807F00000008F888C090
S31500007BE028180800203F20012638200008F8080041
S31500007BF000000000203F20202020300008F8F80078
S31500007C00F8F80800203F003F003F200008F830C089
S31500007C100008F808203F200007183F00E010080879
S31500007C200810E0000F10202020100F0008F80808A8
S31500007C300808F000203F210101010000E0100808BB
S31500007C400810E0000F18242438504F0008F88888E0
S31500007C5088887000203F2000030C302000708808C0
S31500007C60080838000038202121221C00180808F8CE
S31500007C70080818000000203F2000000008F808004F
S31500007C800008F808001F202020201F000878880020
S31500007C9000C83808000007380E010000F80800F890
S31500007CA00008F800033C0700073C0300081868803A
S31500007CB08068180820302C03032C30200838C800B0
S31500007CC0C83808000000203F2000000010080808FF
S31500007CD0C83808002038262120201800000000FEA1
S31500007CE0020202000000007F40404000000C30C04D
S31500007CF000000000000000010638C0000002020279
S31500007D00FE000000004040407F000000000004022A
S31500007D100202040000000000000000000000000055
S31500007D200000000080808080808080800002020445
S31500007D30000000000000000000000000000080803D
S31500007D40808000000019242222223F2008F80080AB
S31500007D5080000000003F112020110E00000000806E
S31500007D6080800000000E11202020110000000080FD
S31500007D708088F800000E112020103F20000080802F
S31500007D8080800000001F222222221300008080F043
S31500007D90888888180020203F20200000000080806E
S31500007DA080808000006B94949493600008F80080B3
S31500007DB080800000203F210000203F20008098980E
S31500007DC0000000000020203F20200000000000806E
S31500007DD09898000000C08080807F000008F80000AE
S31500007DE080808000203F24022D302000000808F803
S31500007DF0000000000020203F2020000080808080BE
S31500007E0080808000203F20003F20003F808000804F
S31500007E1080800000203F210000203F20000080805D
S31500007E2080800000001F202020201F00808000800E
S31500007E308000000080FFA12020110E0000000080BD
S31500007E4080808000000E112020A0FF8080808000AE
S31500007E508080800020203F212000010000008080DB
S31500007E60808080000033242424241900008080E0D0
S31500007E70808000000000001F20200000808000009D
S31500007E8000808000001F202020103F20808080007E
S31500007E900080808000010E3008060100808000808E
S31500007EA0008080800F300C030C300F0000808000B3
S31500007EB0808080000020312E0E31200080808000DE
S31500007EC00080808080818E7018060100008080808E
S31500007ED0808080000021302C22213000000000002C
S31500007EE0807C020200000000003F404000000000CD
S31500007EF0FF00000000000000FF0000000002027CFE
S31500007F00800000000040403F000000000006010124
S31500007F10020204040000000000000000000000004F
S31500007F2000000000000000000000FC00000000004F
S31500007F3002000000000C020C02000000000000001D
S31500007F4090D0BCD0BC900003000300001824FE446F
S31500007F508C000302070201001824D8B04C800003ED
S31500007F6000010201C038E438E00001020201020209
S31500007F70080600000000000000000000000000F8F5
S31500007F800402000000010204000204F800000004DC
S31500007F90020100009060F8609000000001000000FF
S31500007FA02020FC202000000001000000000000004E
S31500007FB0000008060000000020202020200000000D
S31500007FC000000000000000000000000200000000A9
S31500007FD00080601C0200040300000000F804040492
S31500007FE0F8000102020201000008FC000000000285
S31500007FF0030200001884442418000302020202004F
S3150000800008042424D80001020202010040B088FCC2
S3150000801080000000000302003C242424C400010266
S3150000802002020100F824242CC00001020202010011
S315000080300C04E41C0400000003000000D8242424DF
S31500008040D80001020202010038444444F80000034B
S315000080500202010000001000000000000200000003
S3150000806000002000000000000600000000205088EC
S315000080700402000000000102909090909000000021
S3150000808000000000000204885020000201000000E9
S315000080901804C4241800000002000000F804E49448
S315000080A0F80001020202020000E09CF080000203D8
S315000080B00000030204FC2424D8000203020201008B
S315000080C0F80404040C0001020202010004FC04048A
S315000080D0F80002030202010004FC24740C000203EF
S315000080E00202030004FC24740C00020302000000D8
S315000080F0F0080444CC4000010202010004FC2020E8
S31500008100FC040203000003020404FC04040002024F
S3150000811003020200000404FC040406040403000035
S3150000812004FC24D00C0402030200030204FC040035
S315000081300000020302020203FC3CC03CFC000300F8
S315000081400300030004FC30C4FC0402030200030025
S31500008150F8040404F80001020202010004FC2424CD
S315000081601800020302000000F8848404F8000102EB
S315000081700207050004FC24649800020302000302BF
S31500008180182424448C000302020201000C04FC049F
S315000081900C0000020302000004FC0000FC040001C5
S315000081A002020100047C80E01C04000003000000C1
S315000081B01CE03CE01C00000300030000049C609CE3
S315000081C00400020300030200041CE01C0400000279
S315000081D0030200000C84641C040002030202030074
S315000081E00000FE020200000007040400000E30C07A
S315000081F00000000000010200000202FE0000000470
S315000082000407000000040204000000000000000053
S315000082100000000000000808080808080000020026
S3150000822000000000000000000040A0A0C000000107
S315000082300202030204FC2020C00000030202010027
S3150000824000C02020600000010202020000C02024BD
S31500008250FC0000010202030200C0A0A0C000000151
S31500008260020202000020F824240400020302020095
S315000082700040A0A0602000070A0A0A0404FC20208F
S31500008280C0000203020003020020E4000000000216
S3150000829003020000000020E40000080808070000B0
S315000082A004FC80E020200203020003020404FC0018
S315000082B00000020203020200E020E020C0000300EA
S315000082C00300030020E02020C00002030200030296
S315000082D000C02020C00000010202010020E0202092
S315000082E0C000080F0A02010000C02020E0000001C3
S315000082F0020A0F0820E040202000020302000000CE
S315000083000060A0A020000002020203000020F82066
S31500008310000000000102020020E00020E000000151
S315000083200202030220E0208060200000030100001A
S315000083306080E08060000003000300002060806031
S31500008340200002030003020020E0208060200808CD
S31500008350070100000020A0602000000203020200C6
S31500008360000020DE0200000000070400000000FFFD
S3150000837000000000000F00000002DE2000000004E4
S3150000838007000000020102040402000000000000D1
S315000083900000000000000000002F000000000700A1
S315000083A0070000147F147F1400242A7F2A1200621B
S315000083B064081323003649552250000005030000C7
S315000083C000001C224100000041221C000014083E4F
S315000083D008140008083E0808000000A06000000815
S315000083E00808080800006060000000201008040269
S315000083F0003E5149453E0000427F40000042615127
S315000084004946002141454B31001814127F100027C0
S3150000841045454539003C4A49493000017109050383
S3150000842000364949493600064949291E00003636B4
S315000084300000000056360000000814224100001417
S3150000844014141414000041221408000201510906F4
S3150000845000324959513E007C1211127C007F494975
S315000084604936003E41414122007F4141221C007FA6
S3150000847049494941007F09090901003E4149497AB4
S31500008480007F0808087F0000417F4100002040412E
S315000084903F01007F08142241007F40404040007F9A
S315000084A0020C027F007F0408107F003E4141413EDE
S315000084B0007F09090906003E4151215E007F091926
S315000084C029460046494949310001017F0101003F23
S315000084D04040403F001F2040201F003F4038403FA3
S315000084E00063140814630007087008070061514907
S315000084F0454300007F41410000552A552A5500009A
S3150000850041417F0000040201020400404040404017
S31500008510000001020400002054545478007F4844AF
S31500008520443800384444442000384444487F0038E6
S315000085305454541800087E0901020018A4A4A47C0F
S31500008540007F080404780000447D400000408084D9
S315000085507D00007F102844000000417F4000007C21
S3150000856004180478007C080404780038444444382D
S3150000857000FC242424180018242418FC007C080479
S31500008580040800485454542000043F444020003C52
S315000085904040207C001C2040201C003C4030403CD9
S315000085A0004428102844001CA0A0A07C0044645469
S315000085B04C4414141414141406020601030100009A
S315000085C0E103000000000000CC85000000FFFFFF73
S315000085D0090200000C000C010C020C030000000054
S315000085E0000000006503000000000000F0850000A8
S315000085F000010000C80100200F00FFFF000000007E
S31500008600FFFF000002000000801A06006B00000059
S31500008610010CDF040500000000000000000000005F
S31500008620CD030000000000002C860000010400B607
S315000086301B01FFFF000200000C070C080C090C0AC6
S315000086400000000000000000CD0200000000000055
S315000086505486000000010000CC0100200F00FFFF3F
S3150000866000000000FFFF00000E00000074860000FE
S3150000867000000000004000000000000004000000B0
S3150000868002000000000001040001000000000104D7
S3150000869001010000040000000201000004000000C7
S315000086A004010000000001000801000000000105AF
S315000086B009010000000001050A0100000000000099
S315000086C00B01000010000000000200000000010085
S315000086D00003000040000104010300004000010403
S315000086E002030000B601B701B801B9018D018E0180
S315000086F007008001810182018301FFFF0204030458
S315000087000404FFFF0100020008001000494E460065
S31500008710696E66004E414E006E616E00300030316B
S3150000872032333435363738394142434445460030D2
S315000087303132333435363738396162636465660001
S31500008740496E66696E697479004E614E0052454500
S315000087504E54206D616C6C6F632073756363656541
S31500008760646564002F646174612F6A656E6B696E5F
S31500008770732F776F726B73706163652F474E552D3C
S31500008780746F6F6C636861696E2F61726D2D313322
S315000087902F7372632F6E65776C69622D63796777C5
S315000087A0696E2F6E65776C69622F6C6962632F73D1
S315000087B074646C69622F64746F612E630042616C2D
S315000087C06C6F6320737563636565646564002F640D
S315000087D06174612F6A656E6B696E732F776F726B4A
S315000087E073706163652F474E552D746F6F6C6368A8
S315000087F061696E2F61726D2D31332F7372632F6E27
S3150000880065776C69622D63796777696E2F6E657718
S315000088106C69622F6C6962632F7374646C69622F72
S315000088206D707265632E6300232D302B2000686CFB
S315000088304C00656667454647004300504F5349580C
S31500008840002E00FF05000000190000007D0000005A
S315000088500080E03779C34143176E05B5B5B8934636
S31500008860F5F93FE9034F384D321D30F94877825A02
S315000088703CBF737FDD4F1575000000000000F03F20
S3150000888000000000000024400000000000005940E5
S315000088900000000000408F40000000000088C34038
S315000088A000000000006AF8400000000080842E41AD
S315000088B000000000D01263410000000084D79741F9
S315000088C00000000065CDCD41000000205FA00242FF
S315000088D0000000E876483742000000A2941A6D4274
S315000088E0000040E59C30A2420000901EC4BCD64267
S315000088F000003426F56B0C430080E03779C3414312
S3150000890000A0D8855734764300C84E676DC1AB4387
S31500008910003D9160E458E143408CB5781DAF1544A5
S3150000892050EFE2D6E41A4B4492D54D06CFF0804480
S31500008930F64AE1C7022DB544B49DD9794378EA4495
S315000089400020202020202020202028282828282019
S315000089502020202020202020202020202020202011
S315000089602088101010101010101010101010101079
S315000089701004040404040404040404101010101069
S315000089801010414141414141010101010101010133
S315000089900101010101010101010101011010101085
S315000089A01010424242424242020202020202020205
S315000089B00202020202020202020202021010101059
S315000089C02000000000000000000000000000000081
S315000089D00000000000000000000000000000000091
S315000089E00000000000000000000000000000000081
S315000089F00000000000000000000000000000000071
S31500008A000000000000000000000000000000000060
S31500008A100000000000000000000000000000000050
S31500008A200000000000000000000000000000000040
S31500008A300000000000000000000000000000000030
S31500008A4000FFFFFF1000000000000000017A520046
S31500008A50027C0E011B0C0D00100000001800000027
S31500008A6008BAFFFF10000000000000000000000030
S31500008A70A08601000100000055AA030700080802AD
S31500008A800004000000001F0055AA030700050A04A1
S31500008A900001001D55AA0307000803020004000098
S31500008AA000001A0055AA0301002A7B2270223A22EE
S31500008AB03633706E6669726D72736C78747572385F
S31500008AC0222C2276223A22312E302E30222C226D72
S31500008AD0223A307D400100001E0E070707070303F8
S31500008AE08383C7C7FFFFFFFFFF7E3CE0F0F8F8F87F
S31500008AF0F8BCBCBCBCBCBCBCBCBC1CFCFCFCFCF8D8
S31500008B00F8F8F8E0C0800000FCFCFCFC00E0F0F89F
S31500008B10F8F8F8BCBCBCBCBCBCBCBC9CE0F0F8F82B
S31500008B20F8F8FCFCFCBCBCBC3C3C3C3C1C0000809B
S31500008B30C0F0F0F8F8FCFCFCF8F8C08000F0F0F8A3
S31500008B40F8F8F8FCFCBCBCBCBC3C3C3C1CFFFFFF82
S31500008B50FFFFFFFF0003070F1F3F7FFFFDF8F0E059
S31500008B60FFBF7FFFFFFFF7E7E7E7E7E7E7E7E3E0BA
S31500008B70FFFFFFFFFF03070F3F3F7FFFFEFFFFFFE4
S31500008B80FF003F7FFFFFFFFFF7E7E7E7E7E7E7E3E2
S31500008B90E3E0E0E1E3E3E7E7EFEFEFFFFFFFFFFEF0
S31500008BA07EFCFCFEFFFF7F1FEFE1E1E3EFFFFFFF2F
S31500008BB0FFFEFDF1E3E3E7E7E7EFEFEFFFFFFFFF80
S31500008BC0FE7E000000000000000000000000000023
S31500008BD00000010103030707070604000000000068
S31500008BE0000000000000000000000000000000007F
S31500008BF0000000000000000000000000000000006F
S31500008C00000000000000000000000000000000005E
S31500008C10000000000000000000000000000000004E
S31500008C20000000000000000000000000000000003E
S31500008C300000000000000000440020AD440020AD0C
S31500008C400000000003000000F00A0020E001002000
S31500008C5000000000F00A0020580B0020C00B002086
S31500008C6000000000000000000000000000000000FE
S31500008C7000000000000000000000000000000000EE
S31500008C8000000000000000000000000000000000DE
S31500008C90000000000000000000000000430000008B
S31500008CA000000000000000000000000000000000BE
S31500008CB0000000000000000000000000430000006B
S31500008CC0000000000000000000000000000000009E
S31500008CD0000000000000000000000000430000004B
S31500008CE0000000000000000000000000000000007E
S31500008CF0000000000000000000000000430000002B
S31500008D00000000000000000000000000000000005D
S31500008D10000000000000000000000000430000000A
S31500008D20000000000000000000000000000000003D
S31500008D3000000000000000000000000043000000EA
S31500008D40000000000000000000000000000000001D
S31500008D5000000000000000000000000043000000CA
S31500008D6000000000000000000000000000000000FD
S31500008D70000000000000000000000000695F000025
S31500008D80455F0000000000004089000041880000A7
S31500008D902D8800002D8800002D8800002D880000F9
S31500008DA02D8800002D8800002D8800002D880000E9
S31500008DB02D880000FFFFFFFFFFFFFFFFFFFFFFFF04
S31500008DC0FFFF000001004153434949000000000035
S31500008DD0000000000000000000000000000000008D
S31500008DE00000000000004153434949000000000014
S31500008DF0000000000000000000000000000000006D
S31500008E000000000000000000D9000000B1000000D2
S3150100A100FFFFFFFFFFFFFFFFFFFFFFFFFFFFFFFF58
S3090100A134FFFFFFFF24
S3150100A200FFFDFFFFFFFFFFFFFFFFFFFFFFFFFFFF59
S3150100A210FFFFFFFFFFFFFFFFFFFFFFFFFFFFFFFF47
S3150100A220FFFFFFFFFFFFFFFFFFFFFFFFFFFFFFFF37
S3150100A230FFFFFFFFFFFFFFFFFFFFFFFFFFFFFFFF27
S3150100A240FFFFFFFFFFFFFFFFFFFFFFFFFFFFFFFF17
S3150100A250FFFFFFFFFFFFFFFFFFFFFFFFFFFFFFFF07
S3150100A260FFFFFFFFFFFFFFFFFFFFFFFFFFFFFFFFF7
S3150100A270FFFFFFFFFFFFFFFFFFFFFFFFFFFFFFFFE7
S3150100A280F8F8FFFFFFFFFFFFFFFFFFFFFFFFFFFFE5
S3150100A290FFFFFFFFFFFFFFFFFFFFFFFFFFFFFFFFC7
S3150100A2A0FFFFFFFFFFFFFFFFFFFFFFFFFFFFFFFFB7
S3150100A2B0FFFFFFFFFFFFFFFFFFFFFFFFFFFFFFFFA7
S3150100A2C0FFFFFFFFFFFFFFFFFFFFFFFFFFFFFFFF97
S70500003215B3
