S01B00005241344D325F494F545F50726F6A65637431312E73726563E0
S31500000000B03000200D400000453E000009400000D1
S3150000001009400000094000000940000009400000B6
S315000000200000000000000000000000000940000081
S3150000003009400000000000000940000009400000DF
S31500000040D52D0000492D0000652E0000AD2E0000C4
S315000000501932000065330000F5360000D52D00008A
S31500000060492D0000652E0000AD2E0000F53600007B
S31500000070C53B00000348044B834202D0034B03B147
S3150000008018477047A0030020A003002000000000CE
S31500000090064B0749C91A891048BF0131491003D0D8
S315000000A0044B0BB101481847704700BFA00300205E
S315000000B0A00300200000000010B5064C237843B9C9
S315000000C0FFF7D8FF044B13B10448AFF300800123B8
S315000000D0237010BDC003002000000000349900000A
S315000000E008B5054B1BB105490548AFF30080BDE8CF
S315000000F00840FFF7CDBF00BF00000000C40300208A
S31500000100349900004FF47A7103F070BE2DE9F04186
S315000001100C46374E82B017466B2101223548984669
S315000001208DF8074002F0FEFE3368002B59D10123FB
S3150000013030481A460DF1070102F04AFF30600028E8
S3150000014048D12D4D2D4C95F800C0BCF1030F0DD0B4
S31500000150206878B30121084603F048FE206895F828
S3150000016000C00138BCF1030F2060F2D101232B70CF
S31500000170234B42462360394600231E4802F0D8FE30
S31500000180306000BB2A78022A0CD02368BBB14FF43A
S315000001907A71012003F02AFE23682A78013B022A9D
S315000001A02360F3D101230020154A2B70226002B090
S315000001B0BDE8F081BCF1010FD8D100BED6E7012A17
S315000001C0F0D100BEEEE740F285410E4B0E4A0F48D5
S315000001D003F004FE40F273410A4B0B4A0B4803F04E
S315000001E0FDFD40F27141074B074A084803F0F6FD52
S315000001F0440400204C0A00200400002000000020D7
S31500000200A0860100E073000078760000F873000015
S315000002102DE9F0410C46374E82B017465C2101228B
S31500000220354898468DF8074002F07CFE3368002B6F
S3150000023059D1012330481A460DF1070102F0C8FED4
S315000002403060002848D12D4D2D4C95F800C0BCF1EA
S31500000250030F0DD0206878B30121084603F0C6FDD0
S31500000260206895F800C00138BCF1030F2060F2D178
S3150000027001232B70234B42462360394600231E4838
S3150000028002F056FE306000BB2A78022A0CD02368A2
S31500000290BBB14FF47A71012003F0A8FD23682A78D8
S315000002A0013B022A2360F3D101230020154A2B705B
S315000002B0226002B0BDE8F081BCF1010FD8D100BECA
S315000002C0D6E7012AF0D100BEEEE74FF484610E4B6B
S315000002D00E4A0F4803F082FD40F20E410A4B0B4ACC
S315000002E00B4803F07BFD40F20C41074B074A0848D8
S315000002F003F074FD440400204C0A00200400002092
S3150000030000000020A0860100E07300005076000087
S31500000310F87300002DE9F041274E0D4690466B21FB
S315000003200122264800AF1C4602F0FCFD3368002B74
S315000003303AD16A4604F10803DB08A2EBC3039D46E3
S31500000340684622464146013400F8015B05F015FA7D
S31500000350012322466946194802F03AFE3060E0B9A8
S31500000360174D184C2A78032A0BD023688BB101212C
S31500000370084603F03BFD23682A78013B032A2360E5
S31500000380F4D101230020104A2B702260BD46BDE83F
S31500000390F081012AF5D100BEF3E740F251410B4B43
S315000003A00B4A0C4803F01AFD40F24A41074B084A33
S315000003B0084803F013FD00BF440400204C0A002047
S315000003C00400002000000020A0860100E073000069
S315000003D068760000F87300002DE9F041274E0D46BF
S315000003E090465C210122264800AF1C4602F09AFD89
S315000003F03368002B3AD16A4604F10803DB08A2EB06
S31500000400C3039D46684622464146013400F8015B17
S3150000041005F0B3F9012322466946194802F0D8FDD2
S315000004203060E0B9174D184C2A78032A0BD02368A0
S315000004308BB10121084603F0D9FC23682A78013BD9
S31500000440032A2360F4D101230020104A2B70226076
S31500000450BD46BDE8F081012AF5D100BEF3E74FF4B1
S315000004607B710B4B0B4A0C4803F0B8FC40F2E531AC
S31500000470074B084A084803F0B1FC00BF44040020BB
S315000004804C0A00200400002000000020A086010085
S31500000490E073000038760000F87300004FF47A71BC
S315000004A003F0A4BC0122014B1A70704772050020AC
S315000004B00379012B08D0022B02D0042B07D07047FA
S315000004C001221B4B1A7070471A4A137070471A4A5A
S315000004D01368FE2BF3D819494978022917D810B4A6
S315000004E017498468581CCC54034610600878552870
S315000004F01CBF03F1FF331360062B05D9CB78062BFF
S3150000050002D001220F4B1A605DF8044B70470C496C
S31500000510087855281CBF03F1FF331360062BCED98C
S31500000520CB78062BCBD00122064B1A60704700BF52
S31500000530670500206805002064040020C8940000B8
S3150000054068040020600400200379022B02D10122F6
S31500000550014B1A70704700BF420400202DE9F04796
S31500000560B2F1000982B019DD8A460025DFF83C8029
S315000005700C4C0D4F01EB09061AF9013B01223846D6
S3150000058001A9019302F0BCF9C8F8000000B100BE51
S315000005902378002BFCD056452570EDD1484602B095
S315000005A0BDE8F087420400201C0A00204404002015
S315000005B00122034B1A7008B102791A70704700BF06
S315000005C0040000200122014B1A707047110400201C
S315000005D00122014B1A70704710040020FFFFFFFF35
S315000005E02DE98048012299B04FF48271AA4802F0A1
S315000005F03BFF01220221A84802F036FF01224FF4F8
S315000006008171A54802F030FF01224FF4A061A24893
S3150000061002F02AFF00220D219F4802F025FF9F4984
S315000006209F4802F0B7F9DFF80493C9F800000028E4
S3150000063040F0E6860B229B49994802F061F9C9F819
S315000006400000002865D1984A1378002BFCD00023BF
S31500000650964D9748137004F047FF2846954902F0D7
S3150000066005FDC9F80000002840F01E87924993480E
S3150000067002F0DEFFC9F80000002840F00E878F4820
S3150000068003F016F8C9F80000002840F0FF868C49F0
S315000006908C4802F07FF9C9F80000002840F0EF8688
S315000006A089498A4802F0C4FF002840F0E18687485D
S315000006B002F0FEFF002840F0D4868549854803F005
S315000006C0E7F9002840F0C6868349824803F0B2F86D
S315000006D0002840F0B8867F4803F046F87F4E804AEF
S315000006E0804B814CC6E90023804B4FF47A710A2077
S315000006F0B360F56003F07AFB2146304601F0B0F9AD
S3150000070070217B48227804F087FE2378702B02D074
S31500000710FEE700BE97E70421704801F03FF9754FE8
S315000007206E4E3946304601F06DF93C78002CF8D112
S3150000073003270121694801F0CDF96F4967484B78D5
S31500000740012663F03F034B7001F028FA6B4B6348B8
S3150000075019784FF0100821F0030141F001011970DA
S3150000076001F0D2F9664B5D48197841F00401197021
S3150000077001F04EFC634B59489A7867F304029A706D
S31500000780196801F06DFC7F215F4B5448197001F028
S31500000790B7FC0121514801F0C9FC08214F4801F07E
S315000007A067F902214D4801F0DFF902F01DF801F06A
S315000007B0C1FD204601F02AFD204601F033FD01F07F
S315000007C0B9FD2246214620461023009601F004FF7B
S315000007D01023214618463246009601F0FDFE2146BA
S315000007E0102302222020009401F0F6FE2146102359
S315000007F030203A46009401F0EFFE214610230422F1
S315000008004020009401F0E8FE01F026FD2046082372
S3150000081041463E4ACDE9008601F090FE542043460B
S3150000082041463B4A009601F063FE01F015FD394B47
S3150000083075222046202100930196132301F054FFD0
S3150000084001F00AFD4FF47A71C82003F0CFFA324C5A
S31500000850324B14A92360324B20466360314BE5606E
S31500000860A36000F067FEB4212F489DF8502004F0E5
S31500000870D3FD9DF85030B42B00D0FEE7314620461C
S3150000088000F0F2FE00B1FEE70221204600F0ECFE89
S31500000890054600284CD0FEE7F409002064940000C9
S315000008A01C0A00200C740000420400204C0A0020A0
S315000008B0187400009894000034940000FC0900208D
S315000008C0C89400008C0A00204C9400000C0A0020FA
S315000008D010950000BC0A0020FC94000014040020BF
S315000008E0150300000D010000410400200501000071
S315000008F0287400002404002028040020400400205E
S315000009003C0400203804002034040020F7FF3401A2
S315000009104C7400006800002000040020D903000089
S31500000920110200009D0400005474000044040020DD
S315000009300146204600F098FE15A92046ADF8545011
S3150000094000F006FE40F2036316A92046ADF85830C3
S315000009508DF85A7000F04AFF13A9204600F0D0FF28
S315000009609DF84C30204643F0010313A98DF84C3016
S3150000097000F09CFFDFF85083DFF850A3DFF850B398
S31500000980B74B1B78002B40F0148198F80040002CE0
S3150000099040F0D080B34B1B78042B00F00382B24AA0
S315000009A013680BB1013B13609AF800300133DBB2D8
S315000009B0632B40F2CA8000238AF80030AA4B1B68DA
S315000009C0002B00F05D82012300931023502019466E
S315000009D0A64A01F08DFD01241025A24B20211A788C
S315000009E050202346CDE9005401F0A8FD3021002017
S315000009F02B469F4A009401F07BFD009400242B4671
S31500000A00302140209B4A01F073FD9B48ADF85840C9
S31500000A1002F0AAFE8BF800409BF80030002BFBD0BA
S31500000A200D21954816AA02F0A5FEC9F80000002877
S31500000A3040F0DF84BDF858600124304603F0AEFC78
S31500000A4083A3D3E9002303F03DFE83A3D3E9002368
S31500000A5003F00EFD10253246CDE90E01DDE90E67E5
S31500000A60042330212020CDE9005401F067FD27F052
S31500000A70004303930296DDE902673946304603F0E8
S31500000A8091FF2346024630216020CDE9005401F053
S31500000A9055FD2E22302168202B46009401F082FC61
S31500000AA00022764B3046394603F0E2FC03F07AFF2B
S31500000AB0CDE900540246642402233021B2FBF4F54A
S31500000AC0702005FB142201F039FD01F0C5FB6C4BCB
S31500000AD01A78002A40F02B816A4E3378002B40F0BA
S31500000AE08F80694C694B1A78002A40F0F380684D74
S31500000AF02B78002B40F0A0802368002B40F0F48078
S31500000B0040F20B11634816AA02F09CFC9DF858307F
S31500000B10F3B10022604B1A60604B1A68012A38D084
S31500000B20504B1B78042B2BD04FF47A71012003F025
S31500000B305DF925E7012C00F04F82022CC7D19AF807
S31500000B400030632B00F2D88301338AF80030BEE709
S31500000B5040F6B731504E32688A4200F205810132C2
S31500000B6032603368642BD7D101233D4A137098F85D
S31500000B700030012B8CBF0023013388F80030CBE70F
S31500000B80474A1368B3F5FA6F80F00F81013313609B
S31500000B90CAE70022434E1A603378552B00F079815C
S31500000BA0FF2200213F4804F07FFD00223E4B1A60E1
S31500000BB0B6E700252A4B1D7001F0BCFB98F80040F3
S31500000BC0012C00F05583022C00F03B83ACB90125C3
S31500000BD0102321462046354A009501F089FC102352
S31500000BE020461946324A009501F082FC2046102321
S31500000BF02021304A009501F07BFC01F02DFBC4E674
S31500000C004FF4FA6201252C4F254B1F4C39462B48D1
S31500000C101A60256001F02EF800237A783370910669
S31500000C2040F12981194B52061D7053D50122184DEA
S31500000C302A701A78002A4ED1002302222B70204BEC
S31500000C4020481A7004F050FC56E700BFAFF300804E
S31500000C500000000000FEAF406666666666660A40F3
S31500000C60650000204C0400206C050020F074000094
S31500000C700075000008750000BC0A002000005940FD
S31500000C801004002011040020540400201304002046
S31500000C9012040020F40900205804002060040020FB
S31500000CA050040020680400206404002074740000CE
S31500000CB07C740000887400002C04002014040020BA
S31500000CC04A040020347500007105002070050020DC
S31500000CD0720500209D4D00221A7001229C4B9D48F2
S31500000CE01A7004F001FC03E79B4D9C4804F0FCFBE2
S31500000CF000232946964A05F10B0012782360AA7252
S31500000D0011F8012B13448142DBB2F9D10C2292492E
S31500000D109348EB7201F0F4FDC9F8000000B100BE83
S31500000D20904D2B78002BFCD000232B70E8E6002298
S31500000D308D4816A91A7000F019FD9DF858309807CD
S31500000D403FF4CAAE894C8848214600F07FFD2068F2
S31500000D5003F036FB864DC5E90001A06803F030FBC1
S31500000D60844CC4E90001B7E640F6B8318A427FF404
S31500000D70D3AE88F8003001237F4A8048137040F6CE
S31500000D80B933336004F0B0FB08227D49744801F0A2
S31500000D90B7FD00B100BE734D2B78002BFCD00023AD
S31500000DA02B70DEE6774B1C60FEE5002313605722AE
S31500000DB0754C764962730A7004F10D00611E11F8D4
S31500000DC0012F13448842DBB2F9D157217048A3732F
S31500000DD004F022FB0F226C49614801F091FDC9F82D
S31500000DE0000000B100BE5F4D2B78002BFCD0002424
S31500000DF016A968482C70ADF8584001F0D7F8BDF92F
S31500000E00580000F0C1FD10EE100A03F0D9FA0022D6
S31500000E10614B06460F4603F02BFB03F0C3FD4FF074
S31500000E20FF0C80B2B0FBFCFCDFF8A8E15B49AEF832
S31500000E30000060444B1E01F10D0281F80CC048739E
S31500000E4013F8010F04449A42E4B2F9D132463B4604
S31500000E5053488C7304F0E0FA0F225049404801F0E1
S31500000E604FFDC9F8000000B100BE2B78002BFCD066
S31500000E7000232B7058E653067FF534AE494BD5E672
S31500000E8001230093102350201946474A01F030FBF6
S31500000E90A1E57378AA2B7FF483AEF378032B3FF694
S31500000EA07FAEDFE803F03C2D1C02B1793F4B404892
S31500000EB0197004F0B1FA08223E49294801F020FDD4
S31500000EC000B100BE274D2B78002BFCD0B379002251
S31500000ED0042B08BF01232A7008BF236060E636484A
S31500000EE004F002FB082235491D4801F009FD00B156
S31500000EF000BE1C4D2B78002BFCD000232B704FE638
S31500000F002F4804F0F1FA31222E49154801F0F8FC79
S31500000F1000B100BE134D2B78002BFCD0EDE72A4C18
S31500000F202A48217804F078FA2378002B40F07F8253
S31500000F300123082226490A48237001F0E1FC00B18A
S31500000F4000BE084D2B78002BFCD0D6E712040020FB
S31500000F504A04002028750000180000204075000093
S31500000F608C0A00206705002000040020DC03002016
S31500000F70F8030020F0030020650000204C750000F7
S31500000F80AC7600006C050020240000204B040020F5
S31500000F90D87500001404002000002440080000203A
S31500000FA0F475000013040020F87400004C040020BF
S31500000FB0BC7500009C760000A0750000A4760000B9
S31500000FC07C750000340000205C0400206075000081
S31500000FD0BC760000480400209AF80030632B7FF6A8
S31500000FE0B3AD00238AF80030B74B1B78002B00F016
S31500000FF0F281012B00F00B82022B00F010820023FD
S3150000100015A9B248ADF8543000F0D0FFBDF9540030
S3150000101000F0BAFCB0EE408A10EE100A03F0D0F9E8
S315000010200C24FCEEC87A012506460F4617EE902AD8
S31500001030CDE90045214603235A2001F07FFA2346D5
S31500001040214600952E226E2001F0ACF90022A04B1D
S315000010503046394603F00CFA03F0A4FC642102463C
S31500001060B2FBF1F6022306FB1122CDE9004521462B
S31500001070742001F063FA16A9944800F0A9FFBDF99F
S31500001080580000F075FC10EE100AB0EE409A03F01E
S3150000109097F90646BDF95A000F4600F069FC10EEB6
S315000010A0100AF0EE408A03F08BF9CDE90E01BDF986
S315000010B05C0000F05DFC10EE100AB0EE408A03F012
S315000010C07FF9B5EEC09AF1EE10FACDE910014CBFEA
S315000010D02D222B22234600951821242001F062F9A7
S315000010E027F0004305930496DDE904673946304648
S315000010F003F058FC01250C240246CDE900450523E2
S3150000110018212A2001F01AFA234600952E221821CA
S31500001110482001F047F900226D4B3046394603F06E
S31500001120A7F903F03FFC64260246B2FBF6F7CDE9C9
S31500001130004507FB1622022318214E2001F0FEF976
S31500001140F5EEC08A2421F1EE10FA23464CBF2D227B
S315000011502B220846009501F025F9DDE90E1222F052
S31500001160004306910793DDE906673946304603F0EA
S3150000117019FC01250C240246CDE90045052324214E
S315000011802A2001F0DBF9234600952E22242148204F
S3150000119001F008F900224E4B3046394603F068F953
S315000011A003F000FC64260246B2FBF6F7CDE90045E3
S315000011B007FB1622022324214E2001F0BFF9B5EECB
S315000011C0C08AF1EE10FA23464CBF2D222B22009541
S315000011D03021242001F0E6F8DDE9101222F0004368
S315000011E008910993DDE908673946304603F0DAFBD2
S315000011F001250C240246CDE90045052330212A208D
S3150000120001F09CF9234600952E223021482001F05A
S31500001210C9F800222E4B3046394603F029F903F06F
S31500001220C1FBCDE9004502466424B2FBF4F5022376
S3150000123030214E2005FB142201F080F901F00CF854
S3150000124045E40124294628461023224A009401F049
S315000012504FF91023284619461F4A009401F048F911
S315000012602846102320211D4A009401F041F9C4E4C8
S31500001270294628460C231A4A009401F039F90C2312
S3150000128028461946174A009401F032F90C233C20EF
S315000012901946154A009401F02BF928460C2318210B
S315000012A0124A009401F024F928460C232421104AFE
S315000012B0009401F01DF928460C2330210D4A0094B4
S315000012C001F016F999E400BF4A0400201404002036
S315000012D000005940CC740000DC740000E874000083
S315000012E094740000A4740000AC740000B474000090
S315000012F0BC740000C474000000236F4F1025D7E9AA
S31500001300000101268AF8003003F04CFB0423024654
S3150000131029464820CDE9005601F010F92E22682012
S315000013202B462946009601F03DF8D7E90001002238
S31500001330624B03F09DF803F035FB64210246234619
S31500001340B2FBF1F404FB11225D4C70202946CDE975
S31500001350005601F0F3F8D4E900010023002203F05F
S31500001360F9FA2B46009600283DD12B222021482051
S3150000137001F018F8236801260A936368102523F004
S3150000138000430B93DDE90A0103F00CFB032302463D
S3150000139020215020CDE9005601F0D0F82E22202140
S315000013A068202B46009600F0FDFF236800220C9370
S315000013B06368642423F000430D93DDE90C013F4B81
S315000013C003F056F803F0EEFA022302462021CDE997
S315000013D00056FFF773BB0C2318201946394A0094B0
S315000013E001F086F80BE62D222021482000F0DAFFD6
S315000013F0C0E740F2A621344B344A354802F0EEFCF1
S3150000140040F22311304B334A314802F0E7FC009397
S315000014100C2318201946304A01F06AF8EFE50C2330
S31500001420182019462D4A009401F062F8E7E50822D3
S315000014302B492C4801F064FA00B100BE2A4D2B78E6
S31500001440002BFCD059E54FF4A4711F4B214A2048CC
S3150000145002F0C4FC4FF4A2711B4B1E4A1C4802F05A
S31500001460BDFC40F23F11184B1A4A194802F0B6FC6F
S315000014704FF49E71144B174A154802F0AFFC4FF417
S315000014809C71114B134A124802F0A8FC4FF49A7152
S315000014900D4B104A0E4802F0A1FC40F231110A4BE6
S315000014A00C4A0B4802F09AFC4FF49771064B094A16
S315000014B0074802F093FC00BFF803002000005940E3
S315000014C0F003002010750000E07300002476000091
S315000014D0F87300008876000018750000207500007B
S315000014E0B47600008C0A002067050020022800D090
S315000014F070470249024802F091B800BF34950000D7
S31500001500F409002030B110B44468C068A4465DF800
S31500001510044B60474FF0FF30704700BF30B110B446
S315000015200468C068A4465DF8044B60474FF0FF307E
S31500001530704700BF10B582B00C4601230F210DF194
S315000015400702FFF7DFFF9DF80730237002B010BDDA
S3150000155030B583B00D4601230E2101AA0446FFF7DC
S31500001560D1FF08B103B030BD9DF804102B7801F00F
S315000015701F0141EA43118DF8041001230E21204674
S3150000158001AAFFF7CBFF0028ECD101236A461921F7
S315000015902046FFF7B7FF0028E4D16B78AA785901F7
S315000015A002F003039DF8002001F02001194322F008
S315000015B0230211438DF8001001236A4620461921A3
S315000015C0FFF7ACFF03B030BD30B585B00C46012344
S315000015D0112102AA0546FFF795FF68B39DF808108A
S315000015E09DF800C0C1F38003C1F30001C943CCF3E9
S315000015F0401C6FEA0C0C9DF804208901C2F3C0124E
S3150000160043EA42039DF80C2001F04001C2F30005B5
S3150000161043EA8503C2F3400543EAC503C2F3001556
S3150000162043EA0513C2F3401243EA42130B4343EA6B
S31500001630CC13237005B030BD01232421284601AA0E
S31500001640FFF760FF0028C9D101232721284603AAF6
S31500001650FFF758FF0028C1D101230B2128466A460F
S31500001660FFF750FFBAE700BF70B584B00D460223FE
S31500001670112103AA0446FFF745FFB0B99DF80C30C7
S31500001680012D9DF80D208DF8043024D0022D47D071
S315000016906DB19DF80450012345F004051121204643
S315000016A001AA8DF80450FFF739FF04B070BD9DF80C
S315000016B0045042F0010145F008058DF80D10022393
S315000016C02046112103AA8DF804508DF80C50FFF71F
S315000016D025FF04B070BD9DF804202B46112142F071
S315000016E08005204601AA8DF80450FFF717FF002851
S315000016F0DBD1054602AE0123324624212046FFF700
S3150000170001FF70BB9DF90830002B2ADAA3680BB1E4
S315000017100A2098470135062DEDD14FF0FF30C4E77A
S315000017209DF80450012345F004051121204601AA25
S315000017308DF80450FFF7F2FE0028B6D1054602AE3A
S3150000174031462046FFF740FF58B99DF80830DB07C1
S3150000175007D5A3680BB1012098470135062DEFD1B7
S31500001760DBE7EDB2052DD8D004B070BD30B585B03D
S315000017700C460123272103AA0546FFF7C3FE28B31B
S315000017809DF80C309DF80810C3F34002C3F3000324
S3150000179043EA4203C1F3000243EA8203C1F3400273
S315000017A043EAC2039DF80420C1F3800143EA011312
S315000017B0C2F3401143EA4113C2F3801143EA811395
S315000017C002F080021343237005B030BD01232421AB
S315000017D0284602AAFFF796FE0028D1D1012326212A
S315000017E0284601AAFFF78EFECAE700BF30B583B0D0
S315000017F00D460223102101AA0446FFF783FE08B115
S3150000180003B030BD2B7869789DF804E02046DB00F4
S31500001810AC789DF805C003F0780301F007012EF0BF
S315000018207F0E1943240141EA0E012CF0300C04F01E
S31500001830100444EA0C048DF804100223102101AAB6
S315000018408DF80540FFF76AFE03B030BD10B582B0D3
S315000018500C466A4605232821FFF754FE9DF804200E
S315000018609DF803309DF8021003EB02231BB207EE2E
S31500001870903A9DF80120A3819DF8003002EB0122E9
S3150000188003EB02231B02DFED086AB8EEE76A07EEF8
S31500001890103AC6EE267ABAEEC67AC4ED027A84ED1E
S315000018A0007A636002B010BD0000C84230B583B054
S315000018B00D460123132101AA0446FFF723FE08B1B2
S315000018C003B030BD2B782046C3F34001C3F3800537
S315000018D045EA4105C3F3C00145EA81059DF80410B8
S315000018E0C3F3000345EA431521F027031D431321E3
S315000018F0012301AA8DF80450FFF710FE03B030BD96
S3150000190010B50C4682B001AA01231321FFF7FAFD98
S315000019109DF80420C2F34001C2F3401343EA410399
S31500001920C2F3000143EA81032178C2F3800243EA4D
S31500001930C20321F00F021343237002B010BD00BF93
S3150000194030B110B44468C068A4465DF8044B6047E3
S315000019504FF0FF30704700BF30B110B40468C06864
S31500001960A4465DF8044B60474FF0FF30704700BF58
S3150000197007EE900A9FED030AF8EEE77A27EE800A53
S31500001980704700BF23DB793E00EE100AF3EE097ABA
S31500001990BAEECC0A30EE270A704700BF70B582B0A7
S315000019A0012301AA0D4612210646FFF7C9FF0123AE
S315000019B004466A4619463046FFF7C2FF20181FD173
S315000019C09DF800109DF80430A80865F38201C5F360
S315000019D0400503F07E0345EAC01501AA8DF8001004
S315000019E01D431221012330468DF80450FFF7B4FF42
S315000019F0012304466A4630461946FFF7ADFF2044E8
S31500001A0002B070BD70B582B0012301AA0D46122145
S31500001A100646FFF795FF012304466A4630461946F7
S31500001A20FFF78EFF201813D19DF804209DF80010B3
S31500001A30D3095B0002F0010203EB8203C1F38002CB
S31500001A401344022B06D0042B04D033B101232B7090
S31500001A5002B070BD2B7002B070BD287002B070BDB0
S31500001A6008B50A4601230F21FFF76AFF08BD00BF2C
S31500001A7070B582B00C4601236A4610210646FFF770
S31500001A805FFF08B102B070BD9DF80010012364F33A
S31500001A9003018DF800106A4610213046FFF75CFFFF
S31500001AA00028EFD12509EDD001AA01236221304695
S31500001AB0FFF746FF9DF80420044665F301028DF802
S31500001AC0042001236221304601AAFFF745FF204486
S31500001AD002B070BD30B583B00D460123122101AAB4
S31500001AE00446FFF72DFF08B103B030BD9DF8041082
S31500001AF0012365F386118DF804102046122101AAF0
S31500001B00FFF72AFF03B030BD70B582B00D46012342
S31500001B10502101AA0646FFF713FF9DF80440012352
S31500001B2065F3C7148DF804405021044601AA3046D7
S31500001B30FFF712FF201815D101236A4656213046B9
S31500001B40FFF7FEFE9DF80020C5F3400565F3000291
S31500001B5004468DF80020012356216A463046FFF7D9
S31500001B60FBFE204402B070BD30B583B00D460123A4
S31500001B70172101AA0446FFF7E3FE08B103B030BD02
S31500001B809DF80410012365F301018DF80410204629
S31500001B90172101AAFFF7E0FE03B030BD0B781B0743
S31500001BA065D430B583B00C4601236A460D2105463F
S31500001BB0FFF7C6FE08B103B030BD23786A46C3F30B
S31500001BC04001C3F3000C4CEA410CC3F34011C3F3CC
S31500001BD080104CEAC10C4CEA001CC3F3C0136178B8
S31500001BE04CEA431C9DF80030C1F300014CEA811C0D
S31500001BF023F07B034CEA030C0D21012328468DF8C4
S31500001C0000C0FFF7A9FE0028D5D101235E21284692
S31500001C1001AAFFF795FE0028CDD16378A178C3F31A
S31500001C20001CC3F3C00444EA4C042846C3F3401521
S31500001C3044EA8504C3F3C01544EAC504C1F340056C
S31500001C4044EA0514C1F30005C3F3801344EA4514BE
S31500001C5044EA8314C1F3800144EAC11401235E21DE
S31500001C6001AA8DF80440FFF777FE03B030BD4FF0B0
S31500001C70FF3070472DE9F04F8BB0012305AA0C46C3
S31500001C8050210546FFF75CFE9DF81420064642F0FB
S31500001C9008028DF8142001235021284605AAFFF7D3
S31500001CA05BFE361803D030460BB0BDE8F08F042338
S31500001CB01B21284608AAFFF743FE06460028F2D154
S31500001CC09DF82330E079C3F34001C3F300029DF889
S31500001CD021C042EA4102C3F3800142EA810220F0B8
S31500001CE00700C3F3C00140EA5C1042EAC102C3F335
S31500001CF0001194F800E042EA0112E071C3F34010CB
S31500001D0042EA401203F080030EF0400E1343A2791C
S31500001D1043EA0E039DF822106778CCF3001C6CF39F
S31500001D20C7122370A37827F00307A271C1F300122C
S31500001D3001F0030162F3C3033943A3706170012309
S31500001D40502105AA2846FFF7FBFD07469DF814001B
S31500001D50012366F3C3008DF814005021284605AA16
S31500001D60FFF7FAFD3E189ED108234421284608AA0B
S31500001D70FFF7E6FD0646002895D19DF820309DF830
S31500001D8025C0C3F3800301930123CCF300129DF811
S31500001D9023E09DF82280CCF3401192009DF821A00B
S31500001DA042EAC1024FEADC110EEA030042EA0112DE
S31500001DB0C8F342014FEA8A0941EA0011CEF3400016
S31500001DC041EA401109F01C0908F02000CAF3801B03
S31500001DD049EA0009CEF30110CAF3001A40EA8B0063
S31500001DE094F803B09DF82670CCF3C00C40EACA0004
S31500001DF09DF8276040EA0C102BF01F0B029140EA79
S31500001E000B0007EA030194F801A042EA4112E070D0
S31500001E1006EA0301C8F30010490108EA030849EA83
S31500001E20801041EAD7010AF0030A40EAC81003917C
S31500001E3040EA0A00029994F802C06070CEF380006E
S31500001E4041EA8010CEF3C00E0CF0080C40EACE102A
S31500001E5040EA0C0094F804B0A070C7F3400042EAD0
S31500001E608012C7F380070BF0030B42EAC71242EA5F
S31500001E700B02019922712278C6F3400061F38612A3
S31500001E8003992270A27941EA8011C6F38000C6F355
S31500001E90C00641EAC01166F300026171A2711946DB
S31500001EA0284607AAFFF74CFD064600286DD00123F9
S31500001EB0072104AA2846FFF743FD012364210644AF
S31500001EC006AA2846FFF73CFD012306441946284684
S31500001ED007AAFFF735FD00284AD036187FF4E3AE8F
S31500001EE09DF818102846C1F34013C1F380051B0165
S31500001EF09DF8106043EA4513257906F0030625F0A0
S31500001F0003053543E7782571C1F3C00543EA851318
S31500001F10C1F3001143EAC11307F00F073B43E37017
S31500001F204821012307AAFFF70BFD064600287FF488
S31500001F30BAAE9DF81C20C2F30003C2F3C0015B00D9
S31500001F4043EA8103C2F3001143EAC103C2F340111D
S31500001F5043EA0113C2F3801143EA4113A179C2F3A4
S31500001F60C01243EA821321F07E021343A3719AE65C
S31500001F709DF81C30284603F03F038DF81C300123E2
S31500001F8007AA1946FFF7E8FCA7E701239DF81C20DE
S31500001F90284602F03F0262F07F028DF81C201946A7
S31500001FA007AAFFF7D9FC064681E700BF10B582B045
S31500001FB00C460223202101AAFFF7C2FC30B99DF886
S31500001FC005209DF8043003EB0223238002B010BDE8
S31500001FD010B582B00C46062328216A46FFF7B0FCEE
S31500001FE0A0B99DF801209DF800309DF8031003EB81
S31500001FF0022323809DF802309DF8052003EB012380
S3150000200063809DF8043003EB0223A38002B010BD69
S3150000201030B583B00D460123562101AA0446FFF7C9
S315000020208FFC08B103B030BDC5F3800CC5F3400387
S315000020304FEA4C0C4CEA830C9DF80430C5F30001C2
S315000020404CEAC10C23F00E034CEA030C5621012383
S31500002050204601AA8DF804C0FFF77EFC03B030BD10
S3150000206030B587B00123019105AA57210546FFF730
S3150000207067FC01235821044604AA2846FFF760FCA2
S31500002080012304445921284603AAFFF759FC2018C6
S3150000209033D19DF804009DF814409DF80510C0F357
S315000020A0040060F304049DF810009DF80630C1F3A7
S315000020B0040161F304009DF80C10C3F3040363F3F9
S315000020C0040103AA01238DF810008DF80C10284690
S315000020D059218DF81440FFF73FFC0123582104468F
S315000020E004AA2846FFF738FC8446012357212846D0
S315000020F005AA6444FFF730FC204407B030BD00BF9A
S3150000210030B583B00C4601235A2101AA0546FFF7D4
S3150000211017FC08B103B030BD01235A21284601AA95
S315000021208DF80440FFF718FC03B030BD30B583B01E
S315000021300D4601235B2101AA0446FFF701FC08B105
S3150000214003B030BD9DF80410012365F3C7118DF867
S31500002150041020465B2101AAFFF7FEFB03B030BD49
S3150000216070B5224E04460D4601223C21204882B01D
S3150000217000F0D8FE336863BBADF804302DBB0123F5
S3150000218002221B4801A98DF8054000F021FF3060AE
S3150000219028BB184D184C2A78032A10D0236809E06A
S315000021A00121642001F022FE23682A78013B032ADC
S315000021B0236004D0002BF3DC012A00D100BE0123EA
S315000021C00E4A2B70226002B070BD40238DF8043099
S315000021D0D5E767210A4B0B4A0B4801F0FFFD70213A
S315000021E0074B084A084801F0F9FD00BF44040020E7
S315000021F04C0A00200400002000000020A0860100F8
S31500002200E0730000D47600001476000030B1012897
S3150000221000D070470021A720FFF7A2BF0146A620E5
S31500002220FFF79EBF10B5044660B1012800D010BD6F
S315000022300021C020FFF794FFBDE810400021A02038
S31500002240FFF78EBF0146C820FFF78AFF2146BDE88B
S315000022501040A120FFF784BF2DE9F0472D4E402303
S3150000226034464FF00108A2B02B4D08368DF80430E5
S31500002270C4F1B00738190021C0B2FFF771FF002181
S315000022800846FFF76DFF00211020FFF769FF0023C6
S3150000229001AA14F833100133802B02F8011FF8D17C
S315000022A001223C21284600F03DFE012381222846DA
S315000022B001A900F08DFE38BBDFF87090DFF870A042
S315000022C099F80020032A14D0DAF800300CE0012136
S315000022D0642001F08BFDDAF8003099F80020013B0C
S315000022E0032ACAF8003004D0002BF0DC012A00D102
S315000022F000BE0A4B0134B44289F80080CAF80030A7
S31500002300B8D122B0BDE8F087BF21054B054A064883
S3150000231001F064FD740500204C0A0020A08601002F
S31500002320E0730000C476000014760000040000206C
S315000023300000002000200A4BA3F1080203F580618B
S3150000234043F8080C08338B42FAD10021054B02F200
S315000023500C4243F8081C08339A42FAD1FFF77CBFB7
S315000023607C05002080050020012310B50C4C01F0EF
S31500002370070E04EBC00C03FA0EF3C9081CF801C0E3
S31500002380C000DBB22AB143EA0C0C044404F801C0D5
S3150000239010BD2CEA030C044404F801C010BD00BFB4
S315000023A0740500202DE9F04F203A89B0082B9DF8DE
S315000023B04880D4B24FEA530C00F08A8013F007022B
S315000023C018BF012202EBD30212FB0CF212F0FF0A35
S315000023D04AD0434A434F02EB041909EB0A02DFF8DD
S315000023E00CE10392404A04EB440504EBC40402EBFF
S315000023F0850A07EB450B0EEB840EA3F10802059345
S3150000240076464B46D146DA468346CDE906C0049267
S31500002410049A102A28D8DFE802F05E2727274F27DC
S3150000242027274A272727272727272A00059A0BF138
S315000024300100082ADDE900312C465FFA80FB03F132
S3150000244001030AF1010A06F1010609F1010939D071
S31500002450079A0698ABEB0205854208BF9346039A96
S3150000246008BF21469342D3D109B0BDE8F08F01F1F0
S315000024700802357802922C46CDE900310D469DF8CA
S3150000248008700AE0424629465846FFF76DFF691C68
S31500002490CDB2BD424FEA5404C8D0E307F2D4B8FA2D
S315000024A088F2294658465209FFF75EFFEFE701F129
S315000024B008021D780292DEE701F1080299F8005041
S315000024C00292D8E7039A9342CED09AF80050D2E708
S315000024D04FF0060A7DE701F108020292F5E700BF18
S315000024E0A88700000C920000988D00004C7A00002E
S315000024F02DE9F043154612789946A2F1200383B0E0
S315000025005E2B9DF8287015D804460E464FEA5908EA
S3150000251020464B4631460097FFF744FF15F8012F3A
S31500002520B9F1080FA2F120000CBF063444445E281E
S31500002530E4B2EDD903B0BDE8F08300BF2DE9F04F5A
S3150000254083B09DF830709DF83490A7F10804B4FA72
S3150000255084F4640973B383460E4690466400013BD7
S31500002560DFF870A004EB5705DCB22346013CE4B269
S315000025706BB322460123013AD2B203EB8303FF2A4F
S315000025804FEA4303F7D1B8FBF3F3AAFB0312D208D1
S3150000259002EB8202B3EB42020FD13B4630223146B8
S315000025A05846CDF80090FFF7FDFEAB44FF2C5FFACE
S315000025B08BFBDAD103B0BDE8F08F30323B463146B3
S315000025C05846CDF80090D2B2FFF7ECFEEDE7434651
S315000025D0DBE700BFCDCCCCCC2DE9F04F994613F00C
S315000025E0070318BF012303EBD9038B4603FB09F14D
S315000025F087B09DF8408000295FD0374B374C03EBFE
S315000026004213591805913649064601EB422C3549C5
S3150000261001EBC21102EBC20204EBC20A5246CA46E1
S315000026208946BAF1200F53D04AD8BAF1100F4DD0CF
S31500002630BAF1180F41D115780BF108072C46CDE9F0
S31500002640032ACDF804908246E1465D46FFB2029326
S315000026500AE0294642463046FFF786FE691CCDB29F
S31500002660BD424FEA54040ED0E307F2D4B8FA88F21A
S31500002670294630465209FFF777FE691CCDB2BD42A6
S315000026804FEA5404F0D150462C46CC46DDE901937E
S315000026900136F6B2DDF810A0351A05995545039AAC
S315000026A003F1010304BFA34606468B4202F1010271
S315000026B00CF1010C09F10109B3D107B0BDE8F08FA7
S315000026C0BAF1400FF9D19CF80050B5E71D78B3E791
S315000026D099F80050B0E700BFAC79000064790000BB
S315000026E0E4760000E47800002DE9F04F8E4613F002
S315000026F0070118BF012189B011EBD3069DF84C9054
S315000027006AD0002483462546A0461046DC46079636
S3150000271000285DD0012700EB0804A3B204930595B9
S3150000272003900694129A08F1010312F808501FFA52
S3150000273083F82C4B0EF1080A03EBCB06CDE9018E8C
S315000027407446B0465FFA8AFA4E46E14610E018F83B
S3150000275000C0D2B24CEA020E2CEA020C002E3ED089
S3150000276008F800E0611CCCB2A2454FEA550515D029
S3150000277004F0070215F0010FC4F3C70007FA02F2CE
S31500002780E5D1B6FA86F2214658465209FFF7ECFD26
S31500002790611CCCB2A2454FEA5505E9D1CC460BF1F6
S315000027A0010B5FFA8BFB039AABEB0C039342DDF84C
S315000027B00480049B08BFE346DDF808E008BFD64660
S315000027C09845B146AED11046069C059D1FFA84F881
S315000027D0079B0135AB429BD109B0BDE8F08F08F8E5
S315000027E000C0BFE77405002008B50021AE20FFF742
S315000027F0B7FC00210846FFF7B3FC00211020FFF7C5
S31500002800AFFC00214020FFF7ABFC00218120FFF741
S31500002810A7FC0021CF20FFF7A3FC0021A120FFF792
S315000028209FFC0021C820FFF79BFC0021A620FFF794
S3150000283097FC0021A820FFF793FC00213F20FFF71B
S315000028408FFC0021D320FFF78BFC00210846FFF701
S3150000285087FC0021D520FFF783FC00218020FFF7AD
S315000028607FFC0021D920FFF77BFC0021F120FFF738
S3150000287077FC0021DA20FFF773FC00211220FFF716
S315000028806FFC0021DB20FFF76BFC00213020FFF7F7
S3150000289067FC00212020FFF763FC00210220FFF7E0
S315000028A05FFC00218D20FFF75BFC00211420FFF761
S315000028B057FC00200D4BA3F1080203F5806143F895
S315000028C0080C08338B42FAD10021094B02F20C4264
S315000028D043F8081C08339A42FAD1FFF7BDFCBDE85D
S315000028E008400021AF20FFF73BBC00BF7C0500205D
S315000028F08005002008B5FDF773FE002008BD00BF67
S3150000290010B4046AA37803F07B03A3708378046A87
S3150000291003F00303D21A0B44C0E90332A37843F051
S315000029208003A370837803F00303022B06D0036AA7
S315000029300A780020DA705DF8044B70470B88026A4B
S3150000294043F47E43D38100205DF8044B704700BFFB
S31500002950F0B5846A85B005460F4694466E46B4B116
S3150000296094E80F0086E80F00EB6920461B78A76005
S31500002970236084F804C0EB6AE3606B6A9847AC6A2C
S315000029801CB196E80F0084E80F0005B0F0BD344690
S31500002990EAE700BF012203460878824012F0060FDC
S315000029A005D0CA6952681278120700F1CB8100225D
S315000029B04FF0010C00F580002DE9F04100F58C5038
S315000029C00002C3E907101A704D6998785D628D6937
S315000029D06CF30100C3E90A2598704878D44C9042FC
S315000029E014BF65460225987865F30100987091F941
S315000029F00B5091F80AE0680905F01F0620300CFA22
S31500002A0006F644F82060BFF34F8FBFF36F8FC948B7
S31500002A1005F1C00650F8267062F3104740F826709C
S31500002A2050F82660C44E4FEA0E1E67195FFA8EFEF6
S31500002A3087F800E346F8253091F9055091F804E04F
S31500002A406F0905F01F0820370CFA08F844F82780AC
S31500002A50BFF34F8FBFF36F8F05F1C00750F8278084
S31500002A6062F3104840F8278050F827704FEA0E1E90
S31500002A7067195FFA8EFE87F800E346F8253091F96C
S31500002A80075091F806E06F0905F01F0820370CFA89
S31500002A9008F844F82780BFF34F8FBFF36F8F05F117
S31500002AA0C00750F8278062F3104840F8278050F896
S31500002AB027704FEA0E1E67195FFA8EFE87F800E34D
S31500002AC046F8253091F9095091F808E06F0905F0AC
S31500002AD01F0820370CFA08F844F82780BFF34F8FF9
S31500002AE0BFF36F8F05F1C00750F8278062F31048D7
S31500002AF040F8278050F827004FEA0E10C0B22C4449
S31500002B0084F8000346F82530EFF310868CF310881E
S31500002B104FF000450C788948E540446824EA0504EE
S31500002B204460406886F31088186A8270186A0271D9
S31500002B30186A4272186A8272186AC272186A4283E6
S31500002B4040F2192208780CFA00FC1CEA020F02D0A7
S31500002B5040201A6AD0740625012240F219201C6A08
S31500002B6025770C78A240024240F0CA80CA7848789D
S31500002B708C78D200032842EA041200F0D58000289F
S31500002B800CBFE220F2201C6AD2B222701A6A90713F
S31500002B90CC69227B082A00F0C380186A520002F032
S31500002BA00202427300256278A078D201400100F04B
S31500002BB02000D2B20243186A057220780238012832
S31500002BC0186A40F2A280D2B2C27160681A6A84782A
S31500002BD054704578147865F301041470C4789474BD
S31500002BE0D479007804F0A30400F05C002043D0718F
S31500002BF00020C3E90300C3E90500DC694D4A94F9E6
S31500002C000540CD6904F1C00152F8216095F800C075
S31500002C1060F3104642F821600CF0030C52F82110C4
S31500002C20BFF35F8F4FF0010E6109890004F01F04A6
S31500002C3001F1604101F561410EFA04F4C1F88041E9
S31500002C400C60D96991F90B4004F1C00152F821607A
S31500002C5060F3104642F8216052F82110BFF35F8FEF
S31500002C606109890004F01F0401F160410EFA04F4C1
S31500002C7001F56141C1F880410C60D96991F90740BD
S31500002C8004F1C00152F8216060F3104642F8216059
S31500002C9052F82110BFF35F8F6109890004F01F0409
S31500002CA001F160410EFA04F401F56141C1F8804179
S31500002CB00C60D96991F9091001F1C00452F8246039
S31500002CC060F3104642F8246052F82420BFF35F8F69
S31500002CD04A09920001F01F0102F160420EFA01F169
S31500002CE002F56142C2F8801111601A6A4CF0700C4C
S31500002CF082F802C06989124A19815A60BDE8F081DA
S31500002D004FF478401A6A908230E7FF2545702078A4
S31500002D10022808BF42F01002186AD2B2C27167E7F1
S31500002D200A201A6A50733DE7F22042F040022AE771
S31500002D3000E100E0006000401C0B0020004008405D
S31500002D405549435303207047EFF30383103B1F4A53
S31500002D505BB203F1C00152F8210020F4803042F842
S31500002D60210052F821201A4A52F82300C3691B6930
S31500002D7083B1036903B17047026A0021937803F0B7
S31500002D807F0343F004039370436AC160C3B180229A
S31500002D90FFF7DEBD0369026A002BEED08378C168B7
S31500002DA003F00303022B0CD00B78D3708278D0E9A2
S31500002DB0031302F003029B1A1144C0E90313D9E777
S31500002DC070470B8843F47E43D381EFE700600040F1
S31500002DD01C0B002010B582B0EFF30383103B1F4A93
S31500002DE05BB203F1C00152F8210020F4803042F8B2
S31500002DF0210052F821201A4A52F82340A27802F004
S31500002E000303022B236A0CBF198A5979A3690CBFE5
S31500002E10C1F30801C9B2019143B9636AB3B104228F
S31500002E20204602B0BDE81040FFF792BD02F0030253
S31500002E3001A9606902F0A1FCD4E90521A37803F099
S31500002E4003031A44C91AC4E9052109B102B010BD29
S31500002E50636A002BFAD00122E2E700BF006000405F
S31500002E601C0B002010B5EFF303830E4A103B5CB237
S31500002E7052F82400026A937803F07B039370436A46
S31500002E801BB102220021FFF763FD074A04F1C003CC
S31500002E9052F8231021F4803142F8231052F82330DF
S31500002EA010BD00BF1C0B00200060004010B5EFF302
S31500002EB003831A4A103B5CB252F82400837803F06D
S31500002EC00303022B036A0CBF198A597993F804C0CD
S31500002ED00CBFC1F30801C9B21CF0100F0CF0380288
S31500002EE006D093F81CC01CF0010F08BF42F0400248
S31500002EF093F804C00CF0C70C83F804C0436A0BB106
S31500002F00FFF726FD064A04F1C00352F8231021F408
S31500002F10803142F8231052F8233010BD1C0B0020DC
S31500002F20006000400346002059601A72704700BFD7
S31500002F3090F808C08161BCF1010F80F82E30C261A3
S31500002F403AD090F82AC00023012180F82D1080F88D
S31500002F502F3080F8313080F83330026290F82D201F
S31500002F6080F82BC080F82C3043620AB180F831100B
S31500002F70B42203699A7090F8303023B9512203695C
S31500002F800020DA727047002290F82A3080F830204C
S31500002F90012B0CBF90F8282090F829200369DA70DD
S31500002FA090F82B2090F82C30013A013380F82B2032
S31500002FB080F82C30002070470021436880F82AC032
S31500002FC05B0043F0010380F8283080F82910BAE747
S31500002FD090F808C08161BCF1010F80F82E30C26103
S31500002FE03AD090F82AC0002380F82D3080F82F3090
S31500002FF080F8313080F83330026290F82D2080F866
S315000030002BC080F82C30436212B1012380F8313096
S31500003010B42203699A7090F8303023B951220369BB
S315000030200020DA727047002290F82A3080F83020AB
S31500003030012B0CBF90F8282090F829200369DA703C
S3150000304090F82B2090F82C30013A013380F82B2091
S3150000305080F82C30002070470021436880F82AC091
S315000030605B0080F8283080F82910BCE70346002270
S31500003070F0B50878196000F5800000F58C50000264
S31500003080186188685860087B1872C8695863086AAE
S31500003090C3E90E20EFF310864FF0010E8EF3108871
S315000030A04FF000450C784948E540446824EA050499
S315000030B04460406886F31088F025FA271868446A49
S315000030C0186982701869C5722325A0781E6900F0F8
S315000030D00300307018698771186966784670207821
S315000030E01E69800040F02000C0B2F0711869667950
S315000030F006721869E678867420791C69C00040EA71
S315000031000E00C0B260721869314E85721869314D71
S31500003110427391F80DC091F90F004FEA0C1C2E4C2A
S315000031202F185FFA8CFC87F800C346F8203000F1B0
S31500003130C00C54F82C7062F3104744F82C7054F805
S315000031402C70BFF35F8F4FEA501C4FEA8C0C00F0D7
S315000031501F000CF1604C0EFA00F00CF5614CCCF837
S315000031608001CCF80000487B91F9101000010D4455
S31500003170C0B285F8000346F8213001F1C00054F8CA
S31500003180205062F3104544F8205054F82000BFF355
S315000031905F8F01F01F004909890001F160410EFAB5
S315000031A000F001F56141C1F8800108600B49C3E9EF
S315000031B0082283F82D209A6183F82E20DA6183F89D
S315000031C02F20D96083F830201046F0BD004008401B
S315000031D01C0B002000E100E0006000404332495330
S315000031E030B5836B83B004460A466D468BB193E8CF
S315000031F0030085E80300E16B1A7119601846636BDA
S315000032009847A36B1BB195E8030083E8030003B05E
S3150000321030BD2B46EFE700BF10B4EFF30383103B3E
S315000032204E4A5BB2C03352F8231021F4803142F883
S31500003230231052F82330EFF30383494A103B5BB265
S3150000324052F823301A69117BC1F3000CC9072CD43C
S3150000325093F82C1093F82A00884214D093F82D0086
S3150000326008B102294FD093F82810D17093F82B108B
S3150000327093F82C200139013283F82B1083F82C2087
S315000032805DF8044B7047196A002933D093F82D0076
S3150000329000283ED1586A9C690139245C0130C3E993
S315000032A00810D4705DF8044B704793F82D10B9B12F
S315000032B093F83110A1B9507999695A6A885493F8EC
S315000032C02E00D3E9081201390132C3E90812002899
S315000032D03AD0522001221969C87283F83020CFE70C
S315000032E00024012054211C6283F82F00D1725DF85E
S315000032F0044B704793F82E1041B152200121D07231
S3150000330083F83010BCE75223D372B9E75423D37243
S31500003310B6E793F8310078B9507999695A6A8854B2
S31500003320D3E9081201390132C3E9081201291A69E1
S315000033300ED0FF24D470B5E7012983F831C007D039
S3150000334082F80AC0196AF1E754221B69DA7297E714
S315000033502021FF2491721A69D470A3E7006000400F
S315000033601C0B002010B5EFF30383344A103B5BB20D
S3150000337052F823000269D37A23F00803D37290F837
S315000033802F30002B3DD190F82A2003F0FF0190F852
S315000033902C309A421CD1036A5BB990F82D1090F834
S315000033A03020C1F103010469C9B2C2B3E372FFF769
S315000033B017FFEFF30383103B214A5BB2C03352F889
S315000033C0231021F4803142F8231052F8233010BD27
S315000033D0F3B190F82D4004F0FF0244B3022B28D03D
S315000033E00B4600210269D1720269D37090F82B2036
S315000033F090F82C30013A013380F82B2080F82C30DD
S31500003400D7E7F02203690121DA72FFF7E9FED0E778
S31500003410012A0CBF90F8283090F82930E1E7F02314
S31500003420E3720269937803F0CF039370BFE7134604
S31500003430D7E790F8293043F00103D2E71C0B0020B0
S315000034400060004010B40B0A064C1B0153FA81F1D0
S3150000345054F821300020C3F340035DF8044B137089
S31500003460704700BF000808400120CBB2984080B2E8
S3150000347002B900040B0A5B0103F1804303F5002344
S3150000348098600020704700BF2DE9F84F0388DBB134
S3150000349082464FF0000B4FF00109DFF8D080002480
S315000034A0304D4FEACB07DAF8043035F8022BD9193C
S315000034B0898891420AD00134032CF4D1BAF800303D
S315000034C00BF1010B5B45EAD8BDE8F88FDB5909FA29
S315000034D004F603F0B853B3F1807FF6B298F8BB3424
S315000034E013D0334231D1204A04F1200612F81630A7
S315000034F0DB09E0D012F81630012123F08003C82042
S3150000350002F8163000F072FCD5E7334211D0164AA5
S3150000351004F1200112F81130DB09CCD112F8113078
S31500003520C82043F0800302F81130012100F05EFC50
S31500003530C1E7012000F01EFD98F8BB34012033439B
S3150000354088F8BB3400F0E6FCE1E7012000F012FD4C
S3150000355098F8BB34012023EA060388F8BB3400F050
S31500003560D9FCC0E7EC9500000030084000E00140BF
S31500003570F8B50646FFF788FFEFF31082012383F3C1
S315000035801088234F3B681BB92249CB704023CB7070
S315000035903B6801333B6082F31088338823B30021F4
S315000035A01D4D08E01B01134445F8234032880131C4
S315000035B08BB29A4218D9736853F8314003EBC102B3
S315000035C09288E0034FEA1223D2B2EBD502EB031046
S315000035D055F820E024F4803C2EF4803E45F820E0A7
S315000035E01B0145F820C0DEE7EFF31082012383F3C9
S315000035F010883B6813B13B68013B3B603B681BB9D5
S3150000360080200449CB70C87082F31088F8BD00BFD3
S31500003610180B0020000D08400008084008B5034BB1
S3150000362003600846FFF7A4FF002008BD54524F5020
S3150000363070B40025034691F902201A4C02719200DB
S3150000364002F1804202F5C042D2F80063C2F800538C
S315000036508A688260CA68C2600878587125540D79F4
S31500003660CA7842EA05124D7942EAC512D2B222540C
S3150000367093F90420C03244F8226093F9040000282C
S315000036800BDB4A78084C120100F16041D2B201F519
S31500003690614181F8002344F82030044A00201A6072
S315000036A070BC7047006000401C0B00205543490069
S315000036B090F904200E4B02F1C00153F8210020F4CA
S315000036C0803043F8210053F82130BFF35F8F01218A
S315000036D053099B0002F01F0203F1604303F56143A7
S315000036E001FA02F2C3F880211A600020704700BF79
S315000036F00060004010B582B0EFF30384184B103C15
S3150000370064B253F82410174A4879135C03F0030394
S31500003710032B12D0C03452F8243023F4803342F8FD
S31500003720243052F824308B682BB14879CA68CDE929
S3150000373000206846984702B010BD8B6823B1CA685E
S31500003740CDE9002068469847064BC03453F824203C
S3150000375022F4803243F8242053F8243002B010BDFE
S315000037601C0B00200060004003461A689B8A00205C
S315000037701380704703461B68103133F81130002060
S3150000378013807047F0B5C769054689B017B3BE46C2
S315000037906C468C46BEE80F003E460FC49EE80F00FE
S315000037A084E80F00BCE80F000FC69CE80F008EE807
S315000037B00F00AB6938469847EB694BB19C46EE461D
S315000037C0BEE80F00ACE80F009EE80F008CE80F0083
S315000037D009B0F0BD0F46ECE710B5024688B0EFF32E
S315000037E003831249103B5BB251F82300EFF30383C6
S315000037F0103B0F495BB2C03351F8234024F48034A8
S3150000380041F8234051F82330002143688DF8022007
S315000038101C88026A8369ADF8004001928DF8081091
S3150000382013B16946FFF7AEFF08B010BD1C0B0020B0
S31500003830006000402DE9F047D1E9018E764B41F258
S31500003840360C1A68034608685F681C681FFA80F918
S315000038507F69A4F804901C681FFA88F9A4F81490EC
S315000038601C681FFA8EF9A4F808901C6820F0C04066
S315000038704FEA1049A4F806901C6828F0C0484FEAA1
S315000038801848A4F816801C682EF0C04E4FEA1E4E4B
S31500003890624EA4F80AE0366A614DC6F3026802FA7F
S315000038A008F2C6F3021E22FA0EF2A5FB0252920994
S315000038B00CFB02F2DFF878A1AAFB0242D1E900452F
S315000038C0920C0132072A45EA040538BF072215F093
S315000038D0005420D0EFF3108C012484F31088514C4F
S315000038E0E66826F48006E660E4688CF31088902685
S315000038F04D4C26701C68D6B284F8DE600C688E6863
S3150000390014F0005F0CBF4FF480644FF48074B6006F
S3150000391048BF44F001046E000FD51D68D2B285F889
S31500003920DF200A6855008A684CBF44F4007444F4EA
S315000039300064520048BF44F002041A68A4B25482DC
S31500003940CA68002A66D0148926052ED42546AD05F8
S315000039500DD5D67C957C35431E6886F8A6501D6825
S31500003960D689A5F8A860158A1A68A2F8AA501A6816
S31500003970A2F890401A680C8AA2F880403A796AB197
S31500003980B0FA80F01C68228892B222F01F021F3221
S31500003990121A92B22280988A02439A82234A0020FF
S315000039A0DA600A681A61BDE8F0871D68A5F89040DC
S315000039B01D685689A5F89C601D689689A5F89E60C5
S315000039C015681E681FFA85FCA6F894C04FEA154CC8
S315000039D01E682CF4C04C1FFA8CFCA6F896C01E6814
S315000039E0C5F3417586F8925055681E681FFA85FC26
S315000039F0A6F898C04FEA154C1E682CF4C04C1FFA66
S31500003A008CFCA6F89AC01E68C5F3417586F89350DB
S31500003A1015899CE71446AAE75C0B002000E00140EC
S31500003A20D34D62100040084000300F4043444152DD
S31500003A3083DE1B4310B400F1604C134C0901134B99
S31500003A40C9B20CF5614C8CF8001300F1C00144F8C2
S31500003A50202053F8212022F4803243F8212053F805
S31500003A602130BFF35F8F012243099B0000F01F0046
S31500003A7003F1604303F561438240C3F880211A6075
S31500003A805DF8044B704700BF1C0B0020006000402F
S31500003A9000222DE9F8434E694160CB6804468361F4
S31500003AA00B690D46C0E907230B885B0203F18043CF
S31500003AB003F5B813036048698B7882785B03002AA4
S31500003AC06BD143F450710379002B6CD189B2A1827A
S31500003AD08278C77812022B7907F03F0702F47C52EE
S31500003AE03A43EF78DB0343EA4703477890F800E070
S31500003AF043EA4713EFF310894FF0010C8CF310885B
S31500003B00B5F800802D4FC8F110080CFA08FCD7F85C
S31500003B100C8028EA0C0CC7F80CC0FF6889F31088E3
S31500003B2047F6FF573940276892B2398021689BB221
S31500003B300A822268D381236883F80CE0837922689D
S31500003B40A3F10103B3FA83F35B0982F8D03095F948
S31500003B500600002803DB2246697AFFF76BFF95F91A
S31500003B600700002803DB2246A97AFFF763FF96F9D0
S31500003B700700002803DB2246717AFFF75BFF96F900
S31500003B800800002803DB2246B17AFFF753FF002026
S31500003B900B4B2061A360BDE8F8833F2A077943F405
S31500003BA0107108D117B141F080018FE743F402414B
S31500003BB041F040018AE7002F88D0F4E70040084032
S31500003BC0434441520020FFF707BE00BF064B07499A
S31500003BD093F826001A6A51F82030C2F302620449AB
S31500003BE0D3400B60704700BF00E00140A0030020F7
S31500003BF05C0B0020704700BFF8B54AF20350012362
S31500003C003F49404AA1F8FE03A2F80431B2F8043154
S31500003C109BB2002BFAD14FF0010C4FF40041202546
S31500003C200920394C394F3A4E67603A4F344BE760BA
S31500003C30A2F800C1384A2660A1602161626193F84A
S31500003C402620196A54F82220344EC1F30261CA4074
S31500003C50326083F8135483F8A20093F880241AB9CB
S31500003C6093F88134990746D0254D95F88034002B7A
S31500003C7036D00022224B83F8812483F88024002347
S31500003C801F4981F8323091F83C301A07FBD543F6CC
S31500003C90013000231A4A088581F82A3092F83C3010
S31500003CA09B06FBD5012005231649F12581F81C0149
S31500003CB01B49116282F8263092F82630106A54F8B1
S31500003CC02310C0F30260C14031600024F0204FF49D
S31500003CD02541144B1D731C721873A2F8FE13F8BD10
S31500003CE00121C82085F8801400F080F895F880340A
S31500003CF0012BFBD1BDE74FF47A70FFF77BFFBEE7E0
S31500003D0000E0014000C00140A003002000127A003C
S31500003D10002D3101001BB7000095BA0A5C0B00208C
S31500003D20211202210020004038B50025284C01212F
S31500003D30C82084F8285000F059F884F8245094F8E4
S31500003D402430002BFBD194F82430214943F00203A0
S31500003D5084F8243091F82430C3F340009B07F9D44B
S31500003D601B4A81F8220092F8223003F0FF00002B54
S31500003D70F9D192F84030164960F3C71382F8403003
S31500003D8091F84030DB09FBD191F84200104A63F309
S31500003D90C71081F8420092F84230DB09FBD192F855
S31500003DA044000B4963F3C71082F8440091F844308D
S31500003DB0C3F3C014DB09F9D1012000F0DBF8054B91
S31500003DC0012083F8BB44BDE8384000F0A3B800BF2B
S31500003DD00030084000E00140704700BF00BEFEE72B
S31500003DE0A0F101000028FBD1704700BF4FF47A73A1
S31500003DF010B400FB01F1114C114A2468B2FBF4F235
S31500003E00A1FB03043CB9B0FBF2F0800860B15DF899
S31500003E10044BFFF7E5BF9200B1FBF2F1A1FB0313E0
S31500003E202BB908460028F2D15DF8044B70474FF0D5
S31500003E30FF3C5DF8044B6046FFF7D2BF5C0B0020E9
S31500003E4000CA9A3B70B500240B4B0C4EB3F82021E8
S31500003E50B3F84051ADB2154025FA04F3DB0704D59B
S31500003E6056F82430E0B203B1984701340E2CF3D152
S31500003E70014BA3F8305170BD00600040E00A0020FD
S31500003E8030B5032085B000F075F800256FF0FF010E
S31500003E904FF0FF301B4B1C4C996422462B464FF0CB
S31500003EA0010ECDE90100039032F8021B0EFA03FC65
S31500003EB0013311B1012520EA0C000D2BF4D1F5B127
S31500003EC00190124B0F4A1067C3F880020299032033
S31500003ED05167C3F8841203999167C3F8881200F0FA
S31500003EE019F800230A4834F8022B03F1C001013304
S31500003EF00AB140F821200D2BF5D105B030BD4FF0A9
S31500003F00FF30DEE700800040D095000000E100E0D1
S31500003F1000600040EFF31081012383F31088124BF9
S31500003F2033F8102092B22AB133F81020013A92B237
S31500003F3023F8102033F810309BB293B910B40B4A13
S31500003F400B4CB2F8FE3334F810009BB243F4254311
S31500003F5023EA0003A2F8FE3381F310885DF8044BD0
S31500003F60704781F310887047500B002000E0014035
S31500003F70F495000030B4EFF31081012383F3108829
S31500003F800E4A32F810309BB26BB90D4C0D4DB4F899
S31500003F90FE3335F810C09BB243EA0C0343F42543C5
S31500003FA09BB2A4F8FE3332F8103001339BB222F8EC
S31500003FB0103081F3108830BC704700BF500B0020D2
S31500003FC000E00140F495000008B50C4A034610686D
S31500003FD040B103330A4923F0030303448B4205D857
S31500003FE0136008BD074908461160F2E701F0AEFB11
S31500003FF00C2203461A604FF0FF3008BD580B002014
S31500004000B02C0020B00C002000BE704708B500F0B0
S3150000401003F8FEF76FFCFEE74FF4700270B52B4B0A
S315000040202B4CC3F8882000209C60FDF75FFAFFF751
S31500004030E3FD0120FDF75AFA2368A3F5806383F3B5
S315000040400A882448244A0021121A01F02DFB23482D
S31500004050234A2449121A01F090FB234D234B5B1B84
S31500004060002B07DD00249E1055F8043B01349847C9
S31500004070A642F9DCFFF7AAFDFFF756FE0320FFF77D
S3150000408079FF4FF6FF720024194B03201A825A82D9
S315000040909A82DA821A835A839A83DA83FFF73AFF7F
S315000040A00320FFF767FF134B03205C609C60DC6016
S315000040B01C61FFF72FFF0220FDF718FAFFF7E0FE5D
S315000040C02046BDE87040FFF787BE00BF00ED00E068
S315000040D000000000C0030020AC0C002000000020FF
S315000040E0A003002060990000980300209C03002094
S315000040F0000D084000000E4081F0004102E000BFC4
S3150000410083F0004330B54FEA41044FEA430594EA91
S31500004110050F08BF90EA020F1FBF54EA000C55EACC
S31500004120020C7FEA645C7FEA655C00F0E2804FEA9D
S315000041305454D4EB5555B8BF6D420CDD2C4480EA7F
S31500004140020281EA030382EA000083EA010180EAAF
S31500004150020281EA0303362D88BF30BD11F0004FFD
S315000041604FEA01314FF4801C4CEA113102D0404233
S3150000417061EB410113F0004F4FEA03334CEA13336E
S3150000418002D0524263EB430394EA050F00F0A78086
S31500004190A4F10104D5F1200E0DDB02FA0EFC22FA81
S315000041A005F2801841F1000103FA0EF2801843FA75
S315000041B005F359410EE0A5F120050EF1200E012A66
S315000041C003FA0EFC28BF4CF0020C43FA05F3C018A4
S315000041D051EBE37101F0004507D54FF0000EDCF11D
S315000041E0000C7EEB00006EEB0101B1F5801F1BD3C6
S315000041F0B1F5001F0CD349085FEA30004FEA3C0CCA
S3150000420004F101044FEA445212F5800F80F09A80BF
S31500004210BCF1004F08BF5FEA500C50F1000041EBC3
S31500004220045141EA050130BD5FEA4C0C404141EBC7
S315000042300101013C28BFB1F5801FE9D291F0000FC2
S3150000424004BF01460020B1FA81F308BF2033A3F171
S315000042500B03B3F120020CDA0C3208DD02F1140C68
S31500004260C2F10C0201FA0CF021FA02F10CE002F1A3
S315000042701402D8BFC2F1200C01FA02F120FA0CFC9C
S31500004280DCBF41EA0C019040E41AA2BF01EB0451E5
S31500004290294330BD6FEA04041F3C1CDA0C340EDCE3
S315000042A004F11404C4F1200220FA04F001FA02F326
S315000042B040EA030021FA04F345EA030130BDC4F1E4
S315000042C00C04C4F1200220FA02F001FA04F340EAD9
S315000042D00300294630BD21FA04F0294630BD94F08A
S315000042E0000F83F4801306BF81F480110134013D71
S315000042F04EE77FEA645C18BF7FEA655C29D094EAE2
S31500004300050F08BF90EA020F05D054EA000C04BF5F
S315000043101946104630BD91EA030F1EBF002100204A
S3150000432030BD5FEA545C05D14000494128BF41F0E9
S31500004330004130BD14F580043CBF01F5801130BD4D
S3150000434001F0004545F0FE4141F470014FF00000D8
S3150000435030BD7FEA645C1ABF194610467FEA655C89
S315000043601CBF0B46024650EA013406BF52EA03352B
S3150000437091EA030F41F4002130BD00BF90F0000F19
S3150000438004BF0021704730B54FF4806404F1320455
S315000043904FF000054FF0000150E700BF90F0000F0E
S315000043A004BF0021704730B54FF4806404F1320435
S315000043B010F0004548BF40424FF000013EE700BF05
S315000043C042004FEAE2014FEA31014FEA02701FBF95
S315000043D012F07F4393F07F4F81F06051704732F0C7
S315000043E07F4208BF704793F07F4F04BF41F400211E
S315000043F0704730B54FF4607401F0004521F000417C
S315000044001CE700BF50EA010208BF704730B54FF005
S3150000441000050AE050EA010208BF704730B511F006
S31500004420004502D5404261EB41014FF4806404F13E
S3150000443032045FEA915C3FF4D8AE4FF003025FEAC4
S31500004440DC0C18BF03325FEADC0C18BF033202EB48
S31500004450DC02C2F1200300FA03FC20FA02F001FAA2
S3150000446003FE40EA0E0021FA02F11444BDE600BF45
S3150000447070B54FF0FF0C4CF4E06C1CEA11541DBFF4
S315000044801CEA135594EA0C0F95EA0C0F00F0DEF8BF
S315000044902C4481EA030621EA4C5123EA4C5350EAA4
S315000044A0013518BF52EA033541F4801143F48013F5
S315000044B038D0A0FB02CE4FF00005E1FB02E506F086
S315000044C00042E0FB03E54FF00006E1FB03569CF0DB
S315000044D0000F18BF4EF0010EA4F1FF04B6F5007FE1
S315000044E064F5407404D25FEA4E0E6D4146EB060653
S315000044F042EAC62141EA55514FEAC52040EA5E50DC
S315000045004FEACE2EB4F1FD0C88BFBCF5E06F1ED885
S31500004510BEF1004F08BF5FEA500E50F1000041EBBC
S31500004520045170BD06F0004646EA010140EA020069
S3150000453081EA0301B4EB5C04C2BFD4EB0C0541EA8B
S31500004540045170BD41F480114FF0000E013C00F3A0
S31500004550AB8014F1360FDEBF002001F0004170BDC4
S31500004560C4F10004203C35DA0C341BDC04F11404DD
S31500004570C4F1200500FA05F320FA04F001FA05F269
S3150000458040EA020001F0004221F0004110EBD37036
S3150000459021FA04F642EB06015EEA430E08BF20EA62
S315000045A0D37070BDC4F10C04C4F1200500FA04F305
S315000045B020FA05F001FA04F240EA020001F0004197
S315000045C010EBD37041F100015EEA430E08BF20EA0A
S315000045D0D37070BDC4F1200500FA05F24EEA020E52
S315000045E020FA04F301FA05F243EA020321FA04F081
S315000045F001F0004121FA04F220EA020000EBD37038
S315000046005EEA430E08BF20EAD37070BD94F0000F37
S315000046100FD101F00046400041EB010111F4801F6B
S3150000462008BF013CF7D041EA060195F0000F18BF1C
S31500004630704703F00046520043EB030313F4801F58
S3150000464008BF013DF7D043EA0603704794EA0C0F12
S315000046500CEA135518BF95EA0C0F0CD050EA410628
S3150000466018BF52EA4306D1D181EA030101F00041A5
S315000046704FF0000070BD50EA410606BF10461946CD
S3150000468052EA430619D094EA0C0F02D150EA0136D9
S3150000469013D195EA0C0F05D152EA03361CBF10461A
S315000046A019460AD181EA030101F0004141F0FE41B9
S315000046B041F470014FF0000070BD41F0FE4141F43D
S315000046C0780170BD70B54FF0FF0C4CF4E06C1CEA3D
S315000046D011541DBF1CEA135594EA0C0F95EA0C0FF2
S315000046E000F0A7F8A4EB050481EA030E52EA0335AD
S315000046F04FEA013100F088804FEA03334FF08055CE
S3150000470045EA131343EA12634FEA022245EA1115FA
S3150000471045EA10654FEA00260EF000419D4208BFAB
S31500004720964244F1FD0404F5407402D25B084FEA58
S315000047303202B61A65EB03055B084FEA32024FF404
S3150000474080104FF4002CB6EB020E75EB030E22BF61
S31500004750B61A754640EA0C005B084FEA3202B6EB21
S31500004760020E75EB030E22BFB61A754640EA5C00D0
S315000047705B084FEA3202B6EB020E75EB030E22BF60
S31500004780B61A754640EA9C005B084FEA3202B6EB61
S31500004790020E75EB030E22BFB61A754640EADC0020
S315000047A055EA060E18D04FEA051545EA16754FEA82
S315000047B006164FEAC30343EA52734FEAC2025FEAA0
S315000047C01C1CC0D111F4801F0BD141EA00014FF02F
S315000047D000004FF0004CB6E711F4801F04BF014300
S315000047E00020B4F1FD0C88BFBCF5E06F3FF6AFAE1C
S315000047F0B5EB030C04BFB6EB020C5FEA500C50F1AC
S31500004800000041EB045170BD0EF0004E4EEA11312E
S3150000481014EB5C04C2BFD4EB0C0541EA045170BD35
S3150000482041F480114FF0000E013C90E645EA060E79
S315000048308DE60CEA135594EA0C0F08BF95EA0C0FA7
S315000048403FF43BAF94EA0C0F0AD150EA01347FF4EF
S3150000485034AF95EA0C0F7FF425AF104619462CE7C6
S3150000486095EA0C0F06D152EA03353FF4FDAE104629
S31500004870194622E750EA410618BF52EA43067FF47A
S31500004880C5AE50EA41047FF40DAF52EA43057FF40A
S31500004890EBAE12E74FF0FF3C06E000BF4FF0010C15
S315000048A002E000BF4FF0010C4DF804CD4FEA410C79
S315000048B07FEA6C5C4FEA430C18BF7FEA6C5C1BD046
S315000048C001B050EA410C0CBF52EA430C91EA030FC7
S315000048D002BF90EA020F0020704710F1000F91EA24
S315000048E0030F58BF994208BF90422CBFD8176FEAF2
S315000048F0E37040F0010070474FEA410C7FEA6C5CC0
S3150000490002D150EA013C07D14FEA430C7FEA6C5CC6
S31500004910D6D152EA033CD3D05DF8040B704700BFF2
S315000049208446104662468C461946634600E000BF40
S3150000493001B5FFF7B7FF002848BF10F1000F01BD12
S315000049404DF808EDFFF7F4FF0CBF012000205DF8DD
S3150000495008FB00BF4DF808EDFFF7EAFF34BF012062
S3150000496000205DF808FB00BF4DF808EDFFF7E0FFFB
S3150000497094BF012000205DF808FB00BF4DF808ED4C
S31500004980FFF7CEFF94BF012000205DF808FB00BFB3
S315000049904DF808EDFFF7C4FF34BF012000205DF895
S315000049A008FB00BF4A0011D212F5001211D20DD534
S315000049B06FF47873B3EB62520ED44FEAC12343F01F
S315000049C0004343EA505323FA02F070474FF00000C9
S315000049D0704750EA013002D14FF0FF3070474FF078
S315000049E0000070472DE9FF4757EC106B002F0C466F
S315000049F019463B46B4BF07F1004300239146BFBFAB
S31500004A0032461F462D231646DDF830A00B700D9B4F
S31500004A1023F02008B8F1460F05D0B8F1450F00D1B4
S31500004A200134022100E0032103AB2246019302ABCD
S31500004A3047EC106B0093534600F042FFB8F1470F66
S31500004A40054619D119F0010F0ED000EB040900221A
S31500004A50002330463946FFF773FF08B1CDF80C90B6
S31500004A603022039B4B451ED3039B28460E9A5B1BA5
S31500004A70136004B0BDE8F087B8F1460F00EB0409F7
S31500004A80E5D10378302B0AD100220023304639467F
S31500004A90FFF756FF18B9C4F10104CAF80040DAF866
S31500004AA000309944D3E7591C03911A70D9E7F7B53A
S31500004AB000290270BABF49422D232B2309294370CE
S31500004AC028DD0DF107030A271D461A46013BB1FBF7
S31500004AD0F7F607FB1614303402F8014C0C46314643
S31500004AE0632CF2DC3031941E03F8011C411C234672
S31500004AF0AB420AD30DF109039B1AAC4288BF0023CF
S31500004B0002330344181A03B0F0BD13F8016B01F821
S31500004B10016FEDE7302330318370031DC170F1E77B
S31500004B202DE9F04F8DB00C4616461F46DDF858802D
S31500004B30054600F0C1FD03681846049300F02AFEFE
S31500004B40002305900A93D8F8003094F818A007338C
S31500004B50D4F800B023F0070303F10802C8F80020D8
S31500004B604FF0FF32D3E9008929F00043CDF81880D1
S31500004B7007939D4BDDE90601C4E9128902F096FB15
S31500004B8070BB4FF0FF32984BDDE90601FFF7ECFEF4
S31500004B9030BB0022002340464946FFF7DBFE10B13A
S31500004BA02D2384F84330914A914BBAF1470F8CBFBD
S31500004BB09046984603234FF0000923612BF0040327
S31500004BC0236033460BAA21462846009700F0D2F907
S31500004BD0013040F08D804FF0FF300DB0BDE8F08F12
S31500004BE042464B464046494602F060FB40B14B46C2
S31500004BF0804A002BBCBF2D2384F843307E4BD4E77C
S31500004C000AF0DF02636806925A1C3BD106236360F2
S31500004C104BF4806200232846226003930AABCDE959
S31500004C2001A309AB49EC108B00930DF123036168D6
S31500004C30FFF7D8FE069B80460999472B29D1C81C49
S31500004C4002DB6368994241DDAAF1020A5FFA8AFA39
S31500004C500139524604F150000991FFF728FF0A9ADC
S31500004C6081461318012A236102DC2268D20701D586
S31500004C70013323619DF82330002BA2D02D2384F825
S31500004C8043309EE7069A472AC2D1002BC0D10123A2
S31500004C90BDE7BAF1650FDBD9BAF1660F18D1002965
S31500004CA063680BDD216113B92268D00702D5013391
S31500004CB00B4423614FF00009A165DBE713B92268B5
S31500004CC0D20701D50233F4E70123F2E74FF0670A72
S31500004CD00A9B994205DB23682161D807EAD54B1C5C
S31500004CE0E7E70029D4BFC1F1020201221344E0E73D
S31500004CF023685A0507D42369424631462846B847F1
S31500004D0001302BD167E7BAF1650F40F2DD80002252
S31500004D100023D4E91201FFF713FE002833D0012344
S31500004D20364A31462846B84701303FF454AFDDE9EC
S31500004D300938434502DB2368D8070FD53146284694
S31500004D40DDE90423B84701303FF445AF4FF00009D1
S31500004D5008F1FF3804F11A0AC84509DC23689B07E5
S31500004D6000F10381E0680B9B9842B8BF184634E710
S31500004D700123524631462846B84701303FF42BAF4F
S31500004D8009F10109E8E7099B002B39DC01231B4ADD
S31500004D9031462846B84701303FF41DAFDDE90939F1
S31500004DA059EA030302D12368D907D7D531462846E5
S31500004DB0DDE90423B84701303FF40DAF4FF0000A98
S31500004DC004F11A0B099B5B42534501DC4B4693E702
S31500004DD001235A4631462846B84701303FF4FBAE18
S31500004DE00AF1010AEEE700BFFFFFEF7F0096000021
S31500004DF0FC95000008960000049600000C96000042
S31500004E00A36DDDF828A05345A8BF5346002B99464D
S31500004E1036DC4FF0000B29EAE97904F11A02A36D9A
S31500004E200693A3EB09035B4531DC099B9A453ADC03
S31500004E302368DA0737D4099BAAEB0309069BAAEB7A
S31500004E4003039945A8BF9946B9F1000F33DC4FF02B
S31500004E50000829EAE97904F11A0B099BAAEB030376
S31500004E60A3EB090343457FF779AF01235A46314641
S31500004E702846B84701303FF4AEAE08F10108ECE72A
S31500004E80424631462846B8470130C2D1A3E601233F
S31500004E90314628460692B84701303FF49CAE0BF1E6
S31500004EA0010B069ABBE7DDE9042331462846B847DD
S31500004EB00130C0D18FE6069A4B4631462846424419
S31500004EC0B8470130C3D186E6DDF828A0BAF1010F54
S31500004ED001DCDB0736D50123424631462846B84772
S31500004EE001303FF478AE31462846DDE90423B84761
S31500004EF001303FF470AE002200230AF1FF3AD4E9F4
S31500004F001201FFF71DFDC0B9534608F101023146F3
S31500004F102846B84701300CD15DE601235A46314692
S31500004F202846B84701303FF456AE08F10108D0458F
S31500004F30F3DB4B4604F15002DFE64FF0000804F1C4
S31500004F401A0BF4E701234246E1E701234A463146BC
S31500004F502846B84701303FF43EAE08F10108E36841
S31500004F600B995B1A4345F0DCFCE64FF0000804F1B0
S31500004F701909F4E72DE9F047164698468A68074668
S31500004F800B690C46DDF820909342B8BF1346336098
S31500004F9091F843200AB1013333602368990642BF72
S31500004FA0336802333360256815F0060506D104F12F
S31500004FB0190AE36832689B1AAB422BDC94F843303B
S31500004FC02268003B18BF0123920630D404F1430245
S31500004FD041463846C847013023D023681A3454F86E
S31500004FE00A2C03F00603042B0ABF54F80E5C0025B6
S31500004FF033684FF0000608BFED1A54F8123C08BF9C
S3150000500025EAE5759342C4BF9B1AED18B5421AD13D
S31500005010002008E00123524641463846C847013081
S3150000502003D14FF0FF30BDE8F0870135C1E7E11845
S315000050305A1C30200233224481F8430094F845106C
S3150000504082F84310C2E70123224641463846C84744
S315000050500130E6D00136D9E72DE9FF470F7E9146AC
S3150000506080460C46782F9A460C9E01F1430207D8DB
S31500005070622F0AD8002F00F0D180582F00F0B88098
S3150000508004F1420684F842703AE0A7F16303152B57
S31500005090F6D801A151F823F0F150000005510000A7
S315000050A081500000815000008150000081500000B6
S315000050B00551000081500000815000008150000021
S315000050C081500000035200002F510000BD51000026
S315000050D081500000815000002552000081500000E0
S315000050E02F5100008150000081500000C551000082
S315000050F033681A1D1B68326004F1420684F8423098
S3150000510001239CE033682068191D3160060601D52D
S315000051101D6803E04506FBD5B3F90050002D03DA00
S315000051202D236D4284F8433058480A2311E0216844
S315000051303368080653F8045B02D4490648BFADB28B
S315000051406F2F3360514814BF0A230823002184F8C7
S3150000515043106668002EA66005DB21682E4321F009
S31500005160040121604BD01646B5FBF3F103FB115742
S31500005170C75D06F8017D2F460D46BB42F4D9082BC4
S315000051800BD12368DF0708D5236961689942DEBF22
S31500005190302306F8013C06F1FF36921B22614B468E
S315000051A003AA21464046CDF800A0FFF7E3FE0130F2
S315000051B04AD14FF0FF3004B0BDE8F087236843F0D2
S315000051C02003236078273248236884F845701F0639
S315000051D0316851F8045B02D45F0648BFADB2316056
S315000051E0D90744BF43F0200323601DB11023ADE768
S315000051F02648E9E7236823F020032360F6E71646EE
S31500005200BDE733682568181D616930602E061B6886
S3150000521001D5196002E06806FBD519800023164601
S315000052202361BCE7336800211A1D32601E6862687C
S31500005230304600F094FA08B1801B60606368236111
S31500005240002384F84330AAE723693246494640469C
S31500005250D0470130ADD023689B0713D4E068039B89
S315000052609842B8BF1846A6E701233246494640464B
S31500005270D04701309DD00135E36803995B1AAB42F4
S31500005280F2DCEBE7002504F11906F5E70E960000BF
S315000052901F960000002310B50446836081811946DD
S315000052A04366C28108228361C0E90033C0E9043342
S315000052B05C3000F0F9F90D4B246263620C4BA3627B
S315000052C00C4BE3620C4B23630C4B9C4206D003F160
S315000052D06802944202D0D0339C4205D104F15800B2
S315000052E0BDE8104000F038BA10BD00BFF954000008
S315000052F01B5500005355000077550000600B002039
S31500005300024A0349034800F069B800BFD0010020F3
S31500005310CD700000E001002041680C4B994210B5A9
S31500005320044601D001F0D2FEA168094B994202D091
S31500005330204601F0CBFEE168064B994204D0204698
S31500005340BDE8104001F0C2BE10BD00BF600B0020DA
S31500005350C80B0020300C002010B50B4B04210B4C61
S315000053600B4A20461A600022FFF794FF04F16800FA
S3150000537001220921FFF78EFF04F1D000022212213B
S31500005380BDE81040FFF786BF980C0020600B002098
S3150000539001530000014800F0E0B900BFA10C002055
S315000053A0014800F0DBB900BFA10C002010B504468F
S315000053B0FFF7F0FF236A1BB1BDE81040FFF7F0BF0F
S315000053C0044B2362044B1B68002BF5D1FFF7C4FF87
S315000053D0F2E700BF19530000980C00202DE9F843AE
S315000053E00746884614460026D4E90195B9F1010915
S315000053F005D52468002CF7D13046BDE8F883AB8983
S31500005400012B07D9B5F90E30013303D029463846AA
S31500005410C04706436835E9E70FB407B5064904AB4C
S31500005420086853F8042B8168019301F0B3FC03B0BC
S315000054305DF804EB04B07047DC010020036A70B528
S3150000544005460E4684680BB9FFF7B0FF636EDB07AF
S3150000545005D4A389980502D4A06D00F07EF9A3892E
S31500005460190702D52369002B35D12146284600F0BD
S31500005470C5F880B34FF0FF35636EDA0705D4A3890C
S315000054809B0502D4A06D00F069F9284670BD002B7B
S3150000549004DAA2699A4217DC0A2915D023685A1C35
S315000054A022601970A36816F8011F013BA36000294A
S315000054B0EDD1002B11DA22460A21284600F05FF8CA
S315000054C00130D7D00A25D7E72246284600F057F8FC
S315000054D00130E7D1CEE7013EE4E723685A1C22609B
S315000054E00A221A70EEE7FFFF024B01461868FFF723
S315000054F0A5BF00BFDC01002010B50C46B1F90E10A7
S3150000550000F000F90028ABBF636DA3891B1823F4D4
S315000055108053ACBF6365A38110BD2DE9F0411F46E2
S315000055208B8905460C46DB05164605D50223002267
S31500005530B1F90E1000F0D4F8A3893246B4F90E1072
S31500005540284623F48053A3813B46BDE8F04100F092
S31500005550EBB810B50C46B1F90E1000F0C1F8431CBB
S31500005560A38915BF606523F4805343F48053A38158
S3150000557018BFA38110BDB1F90E1000F0A1B8F8B59F
S315000055800E461446054618B1036A0BB9FFF70EFF1F
S31500005590A369A360A3891A0701D5236943B92146E4
S315000055A0284600F02BF818B14FF0FF373846F8BD03
S315000055B02368F6B222693746981A6369834205DC86
S315000055C02146284601F082FD0028EDD1A368013B63
S315000055D0A36023685A1C22601E70431C62699A42AB
S315000055E004D0A389DB07E1D50A2EDFD12146284660
S315000055F001F06CFD0028D9D0D6E7FFFF38B5294B5E
S3150000560005460C46186818B1036A0BB9FFF7CEFEBB
S31500005610B4F90C30190722D4DA0607D409222A6015
S3150000562043F040034FF0FF30A38133E0580712D513
S31500005630616B41B104F14403994202D0284600F05F
S31500005640FDFE00236363A38923F02403A3810023C3
S31500005650636023692360A38943F00803A381236958
S315000056604BB9A38903F42073B3F5007F03D0214619
S31500005670284601F078FDB4F90C3013F001020AD087
S315000056800022A26062695242A261226942B913F005
S315000056908000C5D138BD990758BF6269A260F4E79A
S315000056A00020F7E7DC01002002440346934200D1C4
S315000056B0704703F8011BF9E7004870471C030020F8
S315000056C038B50023054D044608462B6001F02CFE34
S315000056D0431C02D12B6803B1236038BD9C0C00200B
S315000056E038B50446064D0846114600222A601A4679
S315000056F001F032FE431C02D12B6803B1236038BD92
S315000057009C0C002038B50446064D0846114600227A
S315000057102A601A4601F028FE431C02D12B6803B109
S31500005720236038BD9C0C002038B50446064D08465B
S31500005730114600222A601A46FAF710FF431C02D1CE
S315000057402B6803B1236038BD9C0C0020014B186800
S31500005750704700BFDC010020704770477047C9B230
S315000057600346024410B59342184601D1002003E0D7
S31500005770047801338C42F6D110BD0A44431E91428F
S3150000578000D1704710B511F8014B914203F8014F53
S31500005790F9D110BD034613F8012B002AFBD1181AC4
S315000057A0013870472DE9F74F036907460C69A34294
S315000057B0C0F28380013C00F1140501F11408A30036
S315000057C055F8242008EB8409009305EB8403019324
S315000057D058F8243001339A42B2FBF3F631D34FF036
S315000057E0000AC446AE46D3465CF8043B98B2E1458F
S315000057F04FEA134306FB00A04FEA104280B206FBB5
S315000058000323DEF8002092B24FEA134AA2EB00020D
S315000058109BB2DEF800005A44C3EB224392B203EB7C
S31500005820104342EA03424FEA234B4EF8042BDBD2E5
S31500005830009BEB582BB9019B043B9D421A4630D383
S315000058403C61384601F070F9002826DB2946002025
S3150000585058F8042BD1F800C01FFA82FEC1451FFA82
S315000058608CF34FEA1242A3EB0E030344C2EB23422E
S315000058709BB202EB1C4243EA02434FEA224041F844
S31500005880043BE5D255F8242005EB840322B9043BFA
S315000058909D421A460BD33C610136304603B0BDE843
S315000058A0F08F1268043B002ACAD1013CC5E7126892
S315000058B0043B002AEFD1013CEAE70020EEE7FFFFB8
S315000058C02DE9F04FC76999B08346229E09910E9241
S315000058D0139355EC104B8DED040B7FB9102000F09F
S315000058E0F7FD0246CBF81C0020B9A74BEF21A748CD
S315000058F0FEF774FAC0E901770760C760DBF81C3071
S31500005900196859B15A680123584693404A608B601A
S3150000591000F0D4FEDBF81C3000221A602B1EB7BF45
S3150000592023F00043002301220593A8BF3360059F9F
S31500005930974BB8BF3260BB4312D142F20F73139A32
S315000059401360C7F31303234300F04685239BDFF858
S3150000595054A2002B00F048850AF1030300F042BD73
S315000059609DED047B0022002351EC170B8DED0C7B83
S31500005970FEF7E6FF804658B10123139A1360239B76
S3150000598013B1844B239A1360DFF81CA200F02CBDE0
S31500005990C7F30A5616AA17A958469DED0C0B01F037
S315000059A077F98146002E75D00D9BA6F2FF36CDF80D
S315000059B05080C3F3130343F07F53DDE90C0143F436
S315000059C0401319460022744BFEF79AFB68A3D3E9ED
S315000059D00023FEF74DFD68A3D3E90023FEF792FBF3
S315000059E004460D463046FEF7D9FC65A3D3E90023ED
S315000059F0FEF73EFD02460B4620462946FEF782FB91
S31500005A0004460D4601F068FC0022074600232046A6
S31500005A102946FEF79FFF40B13846FEF7BFFC2246F7
S31500005A202B46FEF78DFF00B9013F162F51D85B4B71
S31500005A3003EBC703DDE90C01D3E90023FEF78AFF78
S31500005A40002848D0013F00231293169B9B1B5A1E29
S31500005A5046BFC3F1010800234FF00008089248BF73
S31500005A600893002F39DB089B0F973B4408930023CC
S31500005A700A93099B092B61D8052BC5BF043B00245B
S31500005A8001240993099B023B032B63D8DFE803F04B
S31500005A905254372CDDE916631E4406F23243202B9E
S31500005AA0C9BFC3F14003C3F120039F4006F212436E
S31500005AB0D8BF04FA03F006F1FF36C4BF24FA03F395
S31500005AC047EA0300FEF75AFC0122A1F1F87314928B
S31500005AD077E70123B8E71290B7E77B42A8EB070800
S31500005AE00A9300230F93C4E701230B930E9BFB1825
S31500005AF000930133012B0393B8BF012306E0012372
S31500005B000B930E9B002B28DD00930393DBF81C0000
S31500005B100021042202F114059D4223D94160584612
S31500005B2000F08CFD8246002840D11D4B024640F213
S31500005B30AF11DCE60023E3E70023D6E701240023C8
S31500005B400B9409934FF0FF33002200930393122323
S31500005B500E92DBE701230B93F4E701231A46009329
S31500005B600393F5E701315200D4E700BFAFF300809D
S31500005B7061436F63A787D23FB3C8608B288AC63F4D
S31500005B80FB799F501344D33F3D9600005496000086
S31500005B900000F07F0D9600000000F83F68970000B7
S31500005BA0AD960000399600000C960000DBF81C301C
S31500005BB01860039B0E2B00F2A180002C00F09E8043
S31500005BC0002F33DD07F00F029B4BF8054FEA271431
S31500005BD003EBC20393ED007B8DED067B16D5974B49
S31500005BE004F00F040326D3E90823DDE90C01FEF7D0
S31500005BF069FDCDE90401914D54B9DDE90623DDE9DE
S31500005C000401FEF75FFDCDE9040128E00226F2E774
S31500005C10E10708D50136DDE90601D5E90023FEF7DF
S31500005C2027FCCDE9060164100835E5E700F0AF80F2
S31500005C307C42814B814D022604F00F02241103EBB6
S31500005C40C203DDE90C01D3E90023FEF711FC0023B2
S31500005C50CDE90401002C40F08F80002BD3D1129B9C
S31500005C60DDE90445002B00F094800022744B2046A9
S31500005C702946FEF76FFE002800F08B80039B002B61
S31500005C8000F08780009B002B34DD7B1E204600221F
S31500005C902946069301366B4BFEF7EAFB009CCDE9DD
S31500005CA004013046FEF77AFBDDE90423FEF7E0FB4C
S31500005CB00022654BFEF726FA0546A1F15076002C28
S31500005CC06AD10022614BDDE90401FEF719FA0246AA
S31500005CD00B46CDE904232A463346FEF759FE002833
S31500005CE040F087822A4606F10043DDE90401FEF70B
S31500005CF031FE38BBDDE90C34CDE90434179B002BAB
S31500005D00C0F258810E2F00F355814B4B03EBC703AE
S31500005D1093ED007B0E9B002B8DED007B80F2E580E2
S31500005D20039B002B00F3E1800CD10022474B51EC82
S31500005D30170BFEF79DFBDDE90423FEF71FFE002887
S31500005D4000F05582002425460E9B5646DB430693FB
S31500005D5000272146584600F0B1FC002D00F0BD801A
S31500005D602FB1AF4203D03946584600F0A7FC29466A
S31500005D70584600F0A3FCB0E0E20705D50136D5E9A8
S31500005D800023FEF775FB01236410083562E702263F
S31500005D9065E7039C069784E7274B0B9903EBC4033F
S31500005DA0544453E90223002954D000202849FEF721
S31500005DB089FC334656462A46FEF7A2F9CDE910017C
S31500005DC0DDE9040101F088FA0546FEF7E7FA024626
S31500005DD00B463035DDE90401FEF792F902460B4623
S31500005DE006F8015BCDE90423DDE91023FEF7B2FDD9
S31500005DF0002872D100201249DDE90423FEF780F95C
S31500005E00DDE91023FEF7A6FD002840F0B480A64287
S31500005E103FF470AF00220B4BDDE91001FEF728FBC3
S31500005E200022084BCDE91001DDE90401FEF720FB55
S31500005E30CDE90401C4E700BF689700004097000061
S31500005E400000F03F0000244000001C400000144009
S31500005E500000E03F314656462846FEF709FB1594FA
S31500005E60CDE91001DDE9040101F036FA0546FEF739
S31500005E7095FA024630350B46DDE90401FEF740F996
S31500005E8006F8015B02460B46A642CDE904234FF015
S31500005E90000224D1AB4BDDE91001FEF733F90246CF
S31500005EA00B46DDE90401FEF773FD002863D10020EF
S31500005EB0A449DDE91023FEF723F902460B46DDE986
S31500005EC00401FEF747FD00283FF414AF159E731E2C
S31500005ED0159316F8013C302BF8D0069F3BE09A4B01
S31500005EE0FEF7C6FACDE90401BCE7DDE904455646EE
S31500005EF020462946DDE90023FEF7E4FB01F0ECF934
S31500005F008046FEF74BFADDE90023FEF7B1FA0246BA
S31500005F10204608F130040B462946FEF7F1F8039DAA
S31500005F2006F8014BA6EB0A0402460B46A54234D1FD
S31500005F30FEF7E8F804460D46DDE90023FEF728FDE6
S31500005F40C0B920462946DDE90023FEF7F9FC10B169
S31500005F5018F0010F0ED14946584600F0AFFB00235A
S31500005F6001373370139B1F60239B002B00F03C828C
S31500005F701E6039E2069733461E4613F8012D392A6C
S31500005F8007D19A45F8D1069A0132069230228AF84C
S31500005F9000201A7801321A709FE700226A4BFEF73A
S31500005FA067FA0022002304460D46FEF7C9FC0028C6
S31500005FB09ED0D0E70B9A002A00F0E180099A012AC8
S31500005FC000F3C480149A002A00F0B78003F233432A
S31500005FD00A9C4646089A0121584698441A44089253
S31500005FE000F022FC05465EB1089B002B08DDB3429B
S31500005FF0089AA8BF3346A8EB0308F61AD31A0893E3
S315000060000A9BF3B10B9B002B00F0BD808CB1294697
S315000060102246584600F0C2FC4A4601460546584606
S3150000602000F018FC49460690584600F047FB069BD0
S3150000603099460A9B1A1B04D04946584600F0AEFC06
S3150000604081460121584600F0EFFB0F9B0446002BCA
S3150000605000F0CE811A460146584600F09FFC099B87
S315000060600446012B00F39580049B002B40F08D80A5
S31500006070059BC3F31303002B40F08980059B23F097
S3150000608000431B0D1B052BB1089B08F101080133CA
S31500006090089301230A930F9B002B00F0AF8123691D
S315000060A004EB8303186900F073FBC0F12000089B22
S315000060B0184410F01F0077D0C0F12003042B6BDDCD
S315000060C0C0F11C00089B8044034406440893B8F1C1
S315000060D0000F05DD49464246584600F0B9FC8146A8
S315000060E0089B002B05DD21461A46584600F0B0FCF9
S315000060F00446129B002B59D02146484600F014FD59
S31500006100002853DA7B1E49460A2258460693002386
S3150000611000F0F6FA0B9B8146002B00F071810023FC
S3150000612029460A22584600F0EBFA009B0546002B4A
S3150000613067DC099B022B41DC63E0169BC3F1360347
S3150000614046E700BF0000E03F00002440039B5C1EC2
S315000061500A9BA34209DB1C1B039B002BBFF639AF2E
S31500006160039BA8EB0306002334E70A9B46460F9AD7
S31500006170E31A0A9400241A44039B0F922AE70A9C06
S3150000618046460B9D2FE70A9A56E7002382E7049BB3
S3150000619080E700230A9382E799D01C33089A1A44B1
S315000061A098441E44089292E70346F6E7039B069737
S315000061B0002B20DC0093099B022B1EDD009B002B8D
S315000061C07FF4C2AD21460522584600F099FA0146F1
S315000061D00446484600F0A8FC00287FF7B5AD3123F9
S315000061E0564606F8013B069B01330693B0E5039C31
S315000061F006972546F3E7039B00930B9B002B00F0C5
S315000062000381002E05DD29463246584600F020FC63
S3150000621005460A9B002B5AD06968584600F00EFACC
S31500006220064628B9834B024640F2EF21FFF75FBBD3
S315000062302A6905F10C010C3002329200FFF79DFA33
S3150000624001223146584600F003FC0AF101032F46AD
S3150000625005460393009B53440B93049B03F00103F1
S315000062600A93039B21464846013B0093FFF79AFA9F
S315000062703946049000F13008484600F055FC2A469D
S3150000628008902146584600F06BFCC268064602BBE1
S315000062900146484600F048FC0246314658460E92F2
S315000062A000F00CFA099B0E9A039E42EA03010A9B30
S315000062B0194310D1B8F1390F29D0089B002B02DD04
S315000062C0049B03F13108009B83F8008041E52846D2
S315000062D0BBE70122E1E7089B002B04DB09990B438E
S315000062E00A990B4320D1002AEDDD49460122584682
S315000062F000F0AEFB2146814600F016FC002803DCC8
S31500006300E1D118F0010FDED0B8F1390FD8D1392319
S31500006310009A137033461E46013B16F8012C392AA3
S3150000632051D001321A7014E5002A07DDB8F1390F91
S31500006330EDD008F10103009A13700AE5039B0B9A4E
S3150000634003F8018C934228D0494600230A22584676
S3150000635000F0D6F9AF4281464FF000034FF00A0233
S315000063603946584607D100F0CBF907460546039B48
S315000063700133039375E700F0C3F929460746002366
S315000063800A22584600F0BCF90546F0E7009B0027B4
S31500006390002BCCBF1E4601265644494601225846CC
S315000063A000F056FB2146814600F0BEFB0028B1DC1A
S315000063B002D118F0010FADD133461E4613F8012D58
S315000063C0302AFAD0C5E49A45A5D1069B0133069337
S315000063D031238AF80030BCE4239BDFF85CA01BB1B4
S315000063E00AF10803239A1360504619B0BDE8F08FEE
S315000063F0099B012B7FF738AE0F9B0A93012056E6C7
S31500006400009B002B7FF7D7AE564621464846FFF73E
S31500006410C9F900F13008009B06F8018BA6EB0A02C9
S315000064209342B3DD494600230A22584600F068F934
S315000064308146EAE7AD9600003096000038B505467D
S31500006440002941D051F8043C0C1F002BB8BFE418BA
S3150000645000F0E8F81D4A136833B9636014602846F3
S31500006460BDE8384000F0E4B8A34208D920682118F6
S315000064708B4201BF19685B6809182160EDE71A466F
S315000064805B680BB1A342FAD911685018A0420BD130
S3150000649020680144501811608342E0D118685B6897
S315000064A0084453601060DAE702D90C232B60D6E764
S315000064B0206821188B4202BF19685B68091863605F
S315000064C008BF21605460CAE738BD00BFA80C002091
S315000064D0024B0146186800F025B800BFDC01002019
S315000064E070B50F4E0C460546316811B900F09AFE9C
S315000064F030602146284600F095FE431C03D14FF03C
S31500006500FF34204670BDC41C24F00304A042F8D01A
S31500006510211A284600F086FE0130F2D1EFE700BFCF
S31500006520A40C00202DE9F843CD1C064625F00305F2
S3150000653008350C2D38BF0C25002D01DBA94204D9E6
S315000065400C2333600020BDE8F883DFF8D48000F028
S3150000655069F8D8F800301C4644BB29463046FFF798
S31500006560BFFF431C044658D1D8F800402746002FE9
S3150000657043D1002C4BD023683946304604EB03093F
S3150000658000F050FE814542D1216830466D1A2946F9
S31500006590FFF7A6FF01303AD023682B442360D8F8D2
S315000065A000305A6862BBC8F800700FE02268521BC0
S315000065B020D40B2A17D96119A342256018BF596048
S315000065C0636808BFC8F8001062514B60304600F09F
S315000065D02FF804F10B00231D20F00700C21A1CBF80
S315000065E01B1AA350AFE76268A3420CBFC8F800208D
S315000065F05A60EBE723466468AEE73C467F68B6E739
S315000066001A465B68A342FBD100235360DEE70C23E6
S315000066103046336000F00CF894E70560D6E700BF1B
S31500006620A80C00200148FFF798B800BFA00C002076
S315000066300148FFF793B800BFA00C002070B5C669EB
S3150000664004460D4676B91020FFF742FF0246E06188
S3150000665020B9184B6B211848FDF7C0FBC0E901664D
S315000066600660C660E669F36883B1E369DB6853F8E0
S315000066702500B8B90121204601FA05F6721D9200DF
S3150000668000F0E0FD60B1C0E901560EE021220421D0
S31500006690204600F0D7FDE369F060DB68002BE4D10B
S315000066A0002070BD026843F825200023C0E90333AB
S315000066B0F7E700BF3D960000BE96000070B5C669BC
S315000066C005460C4676B91020FFF702FF0246E86140
S315000066D020B9094B8F210948FDF780FBC0E9016607
S315000066E00660C6603CB1EB696268DB6853F822104D
S315000066F0216043F8224070BD3D960000BE96000022
S315000067002DE9F04101F1140C07460C461E460D69B1
S315000067100020DCF80030013099B2854202FB0161AD
S315000067204FEA13464FEA114389B202FB063301EBE7
S3150000673003414FEA13464CF8041BEADC0EB3A36888
S31500006740AB4219DC616838460131FFF777FF8046B6
S3150000675028B902460C4BBA210C48FDF73FFB2269CB
S3150000676004F10C010C3002329200FFF706F82146C4
S3150000677044463846FFF7A2FF04EB850301355E6108
S3150000678025612046BDE8F081AD960000BE9600006A
S31500006790B0F5803F034636BF030400201020B3F156
S315000067A0807F3CBF1B020830B3F1805F3CBF1B01FA
S315000067B00430B3F1804F3CBF9B000230002B05DB59
S315000067C013F0804F00F1010008BF202070470368D6
S315000067D0024613F007000BD0D90721D4980747BF0C
S315000067E05B0801209B0802204CBF136013607047B2
S315000067F099B209B91B0C1020D9B209B908301B0A85
S31500006800190704BF1B090430990704BF9B0802300F
S31500006810D90703D45B0800F1010003D01360704769
S31500006820002070472020704710B50C460121FFF765
S3150000683005FF024628B9054B40F245110448FDF70D
S31500006840CDFA01234461036110BD00BFAD9600007F
S31500006850BE9600002DE9F04F17460A69894685B0B5
S315000068603B699A42A2BF3B460F4699463D69BB68C3
S31500006870D9F810A0796805EB0A06B342B8BF013112
S31500006880FFF7DCFE30B90246424B4FF4B171424885
S31500006890FDF7A4FA00F11404002204EB860E234649
S315000068A0734520D307F1140809F1140108EB850597
S315000068B001EB8A030293EB1B1537153B23F0030309
S315000068C00433BD4238BF04230193029B03918B42DC
S315000068D00CD8002E03DD5EF8043D002B57D0066170
S315000068E005B0BDE8F08F43F8042BD9E7B1F800A056
S315000068F0BAF1000F21D0C446A14600275CF8042B4C
S31500006900D9F800301FFA82FB65459BB24FEA124266
S315000069100AFB0B333B44D9F800704FEA17470AFBD2
S31500006920027202EB13429BB24FEA124743EA02435A
S3150000693049F8043BE2D8019BE750039B0431B3F8C6
S315000069400290B9F1000F20D023684746A4464FF0C5
S31500006950000AB7F800B09BB2BCF8022009FB0B2274
S31500006960524443EA02434CF8043B57F8043B4FEACF
S31500006970134ABCF80030BD4209FB0A3303EB12434D
S315000069804FEA134AE5D8019AA35004349DE7013E25
S315000069909FE700BFAD960000BE9600002DE9F843C4
S315000069A0154612F0030207460E4607D0013A254C5B
S315000069B0002354F82220FFF7A3FE0646AD103DD073
S315000069C0FC697CB91020FFF783FD0246F86128B9FF
S315000069D01D4B40F2B3111D48FDF700FAC0E9014412
S315000069E00460C460D7F81C80D8F808404CB940F25F
S315000069F071213846FFF718FF00230446C8F808003F
S31500006A0003604FF00009EB070AD5314622463846A7
S31500006A10FFF720FF8046314638464646FFF74EFED2
S31500006A206D100BD0206838B9224621463846FFF74C
S31500006A3011FF2060C0F800900446E4E73046BDE848
S31500006A40F88300BF349700003D960000BE96000014
S31500006A502DE9F0470C46074691464FEA621A23692C
S31500006A60496803EB6218A36808F10106B3420BDB21
S31500006A703846FFF7E3FD054648B90246284B4FF472
S31500006A80EF712848FDF7AAF901315B00EEE7002314
S31500006A9000F1140100F110021846534533DB2AEACF
S31500006AA0EA7A04F11403206919F01F0901EB8A013F
S31500006AB003EB800C2BD0C9F1200E8A460022186801
S31500006AC000FA09F010434AF8040B53F8042B9C45CE
S31500006AD022FA0EF2F3D8ACEB040304F11500153BD1
S31500006AE023F003030433604588BF0423CA500AB168
S31500006AF008F10206013E384621462E61FFF7DEFD0B
S31500006B002846BDE8F087013342F8040FC5E704398B
S31500006B1053F8042B9C4541F8042FF9D8EAE700BF47
S31500006B20AD960000BE96000003460A690069801A09
S31500006B3030B50ED11433143103EB820401EB82011C
S31500006B4054F8045D51F8042D954203D005D24FF058
S31500006B50FF3030BDA342F3D3FBE70120F9E7FFFF87
S31500006B602DE9F74F89460646114614464846FFF773
S31500006B70DBFF051E12D129463046FFF75FFD0246B0
S31500006B8028B9414B40F237214048FDF727F9012348
S31500006B90C0E90435104603B0BDE8F08FBCBF4B46D4
S31500006BA0A1463046B8BF0125D9F80410B4BF1C462B
S31500006BB00025FFF743FD024618B9334B40F2452145
S31500006BC0E2E7D9F8107004F1140E266900F1140BEF
S31500006BD0C56009F1140509F110030EEB860605EBF5
S31500006BE08708D9464FF0000C0193019B5EF8040B11
S31500006BF053F804AF764501931FFA8AF3194683B218
S31500006C004FEA1040A1EB0303C0EB1A40634400EBCC
S31500006C1023409BB24FEA204C43EA004349F8043B29
S31500006C20E3D8331B1534153B23F003030433A64284
S31500006C3038BF04231D445B442C461E4644450ED3F0
S31500006C4008F10301491B033D21F00301A84538BFA4
S31500006C5000210B4453F8041D99B117619AE754F8C3
S31500006C60041BE6461FFA81FC080C7144F44489B201
S31500006C7000EB2C4041EA00414FEA204C46F8041B49
S31500006C80DCE7013FE6E700BFAD960000BE960000D8
S31500006C902DE9F7430F460121164659EC108BFFF7F5
S31500006CA0CDFC044630B90246234B40F20F3123484F
S31500006CB0FDF794F8C9F30A55C9F313030DB143F46C
S31500006CC080130193B8F1000323D068460093FFF7C1
S31500006CD07EFDDDE90012D0B1C0F1200302FA03F314
S31500006CE0C2400B4301926361019B002BA3610CBF61
S31500006CF0012202222261A5B1A5F233450544C0F165
S31500006D0035003D603060204603B0BDE8F083616128
S31500006D10EAE701A8FFF75BFD019B203001226361D2
S31500006D20E8E7A0F2324004EB820338601869FFF707
S31500006D302FFDC0EB4210E5E7AD960000BE960000C1
S31500006D409368013B002B936010B408DA9469A34260
S31500006D5001DB0A2903D15DF8044BFEF710BC13686A
S31500006D60581C1060084619705DF8044B7047F8B55A
S31500006D7006460F461446D518AC4201D1002007E05E
S31500006D803A4614F8011B3046FFF7DAFF431CF3D1ED
S31500006D90F8BDFFFF2DE9F04F0D469DB0144698460D
S31500006DA0064618B1036A0BB9FEF700FB6B6ED907EE
S31500006DB005D4AB899A0502D4A86DFEF7CEFCAB8943
S31500006DC01B0701D52B699BB929463046FEF716FCF1
S31500006DD070B16B6EDC0704D54FF0FF301DB0BDE817
S31500006DE0F08FAB899805F7D4A86DFEF7B7FCF3E7EB
S31500006DF00023CDF80C804FF00109DFF8B481099328
S31500006E0020238DF8293030238DF82A3023469A46E0
S31500006E1013F8012B0AB1252AF9D1BAEB040B0BD0D2
S31500006E205B46224629463046FFF7A1FF013000F0B7
S31500006E30A780099A5A4409929AF80030002B00F06C
S31500006E409F8000234FF0FF320AF1010A0493079353
S31500006E508DF853301A93CDE905235446052254483C
S31500006E6014F8011BFEF77BFC049AD8B9D10644BF7F
S31500006E7020238DF85330130744BF2B238DF853304E
S31500006E809AF800302A2B15D0079A544600204FF066
S31500006E900A0C214611F8013B303B092B4BD9B0B106
S31500006EA0079214E0A0EB0803A24609FA03F3134382
S31500006EB00493D2E7039B191D1B68002B0391BBBFEC
S31500006EC05B4242F0020207930793B8BF049223780D
S31500006ED02E2B0AD163782A2B32D1039B02341A1D3A
S31500006EE01B6843EAE37303920593DFF8D4A00322F9
S31500006EF021785046FEF733FC38B1A0EB0A00402259
S31500006F00049B013482401343049314F8011B0622A8
S31500006F1028488DF82810FEF722FC00283FD0264B83
S31500006F201BBB039B073323F0070308330393099B1B
S31500006F303B4409936AE70CFB02320C460120A8E7A2
S31500006F40002301344FF00A0C19460593204610F829
S31500006F50012B303A092A03D9002BC6D00591C4E784
S31500006F600CFB012104460123F0E703AB2A4604A9E2
S31500006F7030460093114BFDF7D3FD0746781CD6D15A
S31500006F806B6ED90705D4AB899A0502D4A86DFEF7B6
S31500006F90E5FBAB895B063FF51FAF09981EE703AB20
S31500006FA02A4604A930460093044BFEF755F8E4E759
S31500006FB01897000022970000214B00006F6D00001B
S31500006FC01E970000B1F90C202DE9F0411607054681
S31500006FD00C4654D44B68002B02DC0B6C002B48DDAE
S31500006FE0E66A002E45D0002312F480522F68216AEB
S31500006FF02B6030D0626DA389590705D56368D21A14
S31500007000636B0BB1236CD21A0023E66A216A284609
S31500007010B047431CA38906D129681D292BD82A4AC3
S31500007020CA40D60727D50022D904626022692260A9
S3150000703004D5421C01D12B6803B96065616B2F60D2
S31500007040B9B104F14403994202D02846FFF7F6F994
S31500007050002363630DE001232846B0470246501C17
S31500007060C9D12B68002BC6D01D2B01D0162B1DD1E4
S315000070702F60002021E043F040031BB21AE00F69A5
S31500007080002FF6D093070E680F600CBF4B690023E4
S31500007090A6EB07088B60B8F1000FEADD43463A46D7
S315000070A0216A2846A66AB047002808DCB4F90C30E5
S315000070B043F040034FF0FF30A381BDE8F081074461
S315000070C0A8EB0008E7E700BF0100402038B50B69D0
S315000070D005460C4613B90025284638BD18B1036A83
S315000070E00BB9FEF763F9B4F90C30002BF3D0626EDE
S315000070F0D00704D4990502D4A06DFEF72EFB2846CE
S315000071002146FFF75FFF636E0546DA07E4D4A389DD
S315000071109B05E1D4A06DFEF721FBDDE770B50C46BB
S31500007120B1F90E1096B0154600291E460CDAA38951
S31500007130002113F0800F14BF40234FF4806300201A
S3150000714031602B6016B070BD6A4600F049F8002821
S31500007150EDDB019901F47041A1F500535942594103
S315000071604FF48063EBE78B89F7B59D0706460C461F
S3150000717007D504F14703236023610123636103B04C
S31500007180F0BD01AB6A46FFF7C9FF009F05463046D2
S315000071903946FFF7C7F948B9B4F90C309A05EED469
S315000071A023F0030343F00203A381E2E7A3892060EF
S315000071B043F08003A381019BC4E904075BB1B4F9E2
S315000071C00E10304600F01EF828B1A38923F0030301
S315000071D043F00103A381A3891D43A581CFE7FFFFE8
S315000071E038B50023064D0446084611462B6000F0CC
S315000071F0A3F8431C02D12B6803B1236038BD00BF3E
S315000072009C0C002038B50023054D044608462B602B
S3150000721000F09AF8431C02D12B6803B1236038BDF5
S315000072209C0C002038B50023054D044608462B600B
S31500007230FCF7CAFE431C02D12B6803B1236038BD9C
S315000072409C0C002070B5A1FB025434B92946FFF707
S3150000725069F9064628B9304670BD0C220026026040
S31500007260F9E72A462146FEF71FFAF4E782B001B98C
S3150000727001A942B14BB113780B601278101E18BFEA
S31500007280012002B070471046FBE76FF00100F8E7F7
S315000072900346084641B1FF2A04D98A224FF0FF303F
S315000072A01A60704701200A707047FFFF4FEA410CD1
S315000072B07FEA6C5C02D150EA013C0AD14FEA430CEA
S315000072C07FEA6C5C02D152EA033C02D14FF0000027
S315000072D070474FF0010070474FEA410212F5001265
S315000072E015D211D56FF47873B3EB625212D94FEA07
S315000072F0C12343F0004343EA505311F0004F23FAF1
S3150000730002F018BF404270474FF00000704750EA45
S31500007310013005D111F0004008BF6FF00040704702
S315000073204FF00000704700BF024B58224FF0FF306D
S315000073301A6070479C0C0020024B58224FF0FF3019
S315000073401A6070479C0C0020024B582200201A60DD
S31500007350704700BF9C0C0020024B58224FF0FF30B4
S315000073601A6070479C0C0020024B58224FF0FF30E9
S315000073701A6070479C0C00204275696C742077690E
S3150000738074682052656E6573617320416476616E20
S3150000739063656420466C657869626C6520536F6628
S315000073A07477617265205061636B616765207665ED
S315000073B07273696F6E20352E392E3000352E392EB8
S315000073C03000000000000905F8B500BFF8BC08BC95
S315000073D09E467047F8B500BFF8BC08BC9E4670478D
S315000073E04653505F53554343455353203D3D206517
S315000073F072720000000000002E2E2F7372632F6839
S31500007400616C5F656E7472792E630000524120458F
S315000074103253545544494F000A68656C6C6F2077A7
S315000074206F726C64210D00004C534D364453563137
S3150000743036585F49443D307825782C2077686F614F
S315000074406D493D307825780A000000005241344DE0
S31500007450320000004C5053323244465F49443D30BE
S315000074607825782C2077686F616D493D30782578CE
S315000074700D0A00005455594100000000574946497D
S31500007480204D4F44453A00004150204D4F44453A67
S31500007490000000004D454D535F4C534D3644535646
S315000074A0313658005441503A0000000054454D50C2
S315000074B03A00000058286D67293A000059286D6780
S315000074C0293A00005A286D67293A00004D454D5368
S315000074D05F4C5053323244460000000050726573D0
S315000074E0737572653A00000054656D703A000000CD
S315000074F041502020202000006E6F726D616C0000EC
S315000075004144433A00000000564F4C3A0000000048
S315000075104E6F726D616C000053696E676C6500009A
S31500007520446F75626C65000053696E676C65205424
S3150000753041500D00446F75626C65205441500D003A
S31500007540776966695F557064617465005B42544E85
S315000075505D20776966695F61705F6D6F64650D00B8
S315000075605B545559415D203C686561727462656182
S3150000757074285345513D2575290D0A005B5455590C
S31500007580415D203C51756572792050726F64756358
S315000075907420496E666F726D6174696F6E0D0000BE
S315000075A05B545559415D203C517565727920576F82
S315000075B0726B204D6F64650D000000005B545559D9
S315000075C0415D203C574946495F4D4F44453D253076
S315000075D032580D0A000000005B4D43555D202D3EDC
S315000075E020545559412044505F424154203D2025A6
S315000075F0640D0A005B4D43555D202D3E20545559C0
S31500007600412044505F74454D50203D2025362E3292
S31500007610660D0A002E2E2F7372632F6F6C65642E13
S315000076206300FFFF4F4C45445F44726177506167CA
S31500007630655F5455594100FF706C6174666F726DD9
S315000076405F77726974655F6C70733232646600FFCF
S31500007650706C6174666F726D5F726561645F6C7089
S31500007660733232646600FFFF706C6174666F726D10
S315000076705F777269746500FF706C6174666F726D16
S315000076805F7265616400FFFF6170705F70657269AB
S3150000769070686572616C5F696E69740055AA030350
S315000076A00000050055AA03020000040055AA0305C0
S315000076B00001010955AA03000001010455AA0300AF
S315000076C0000100034F4C45445F526566726573685E
S315000076D000FFFFFF4F4C45445F57525F4279746588
S315000076E000FFFFFF00000000000000000000000097
S315000076F00000000000000000000000000000000084
S3150000770000F8F8F0F0702000000000000000000013
S315000077100000000000000000000000000000000063
S3150000772000000000000000000000000080000000D3
S315000077300000000000000000000000000000000043
S3150000774000FFFFFFFF000000000000000000000037
S315000077500000000000000000808000000000000023
S3150000776000000000000000000000000000FFFFFE17
S3150000777006060606060606060606060606060606A3
S3150000778006FFFFFFFF0606060606060606060606AF
S3150000779006060606060606FFFFFFFF0702000000B4
S315000077A000000000000000000000000000FFFFFFD6
S315000077B000000000000000000000000000000000C3
S315000077C000FFFFFFFF0000000000000000000000B7
S315000077D000000000000000FFFFFFFF0000000000A7
S315000077E000000000000000000000000000FFFFFF96
S315000077F01818181818181818181818181818181803
S3150000780018FFFFFFFF181818181818181818181856
S3150000781018181818181818FFFFFFFF0000000000BE
S31500007820000000000000000000000000020101004E
S315000078300000000000000000000000000000000042
S3150000784000FFFFFFFF000000000000000000000036
S315000078500000000000000001010000000000000020
S315000078600000000000000000000000000000000012
S315000078700000000000000000000000000000000002
S3150000788000FFFFFFFF0000000000000000000000F6
S3150000789000000000000000000000000000000000E2
S315000078A000000000000000000000000000000000D2
S315000078B000000000000000000000000000000000C2
S315000078C0001F1F0F0F000000000000000000000056
S315000078D000000000000000000000000000000000A2
S315000078E00000000000000000000000000000000092
S315000078F0000000FCF800000000000000000000008E
S315000079000000000000000000FFFE02020202020268
S31500007910020202FFFF020202020202020202FF0349
S3150000792000000000000000001F1F040404040404FB
S31500007930040404FFFF0404040404040404041F00F4
S315000079400000000000000000000000000000000031
S315000079500000007F3F000000000000000000000063
S3150000796000000000000000C080808080808080FCD5
S3150000797084808080808080C0C0000000000000FFFE
S315000079807F404040404040FF40404040404040FF34
S315000079907F00000000000000000000000000007FE3
S315000079A07000000000000000000000008484FC84D9
S315000079B084405E505050DF5050505E0010301F081B
S315000079C00800FE02027F027E0282FE0004E42424F6
S315000079D0A46F042464AF34A46424040000FF0011DF
S315000079E0229C403F01010101010101000000F8490C
S315000079F04A4C48F8484C4A49F80000001010131247
S31500007A00121212FF1212121213101000000000FEC2
S31500007A1020202020203F2020202000000080601F02
S31500007A20020202020202FE00000000001010D0FF57
S31500007A30901000FE020202FE00000000040300FF98
S31500007A400083601F0000003F4040780000000000F7
S31500007A500000000000000000000000000000000020
S31500007A600000000000000000000000000000000010
S31500007A700000000000F0F0F0000000000000000030
S31500007A8000017F010000000000000000001C1C1C1B
S31500007A900000000000008060301C8C60301C0C0070
S31500007AA000000000000000000000000000000000D0
S31500007AB00000000000000000000000E000000000E0
S31500007AC000E000000086E69F86868686E69F8600A2
S31500007AD000011F01010101011F010100000080C01A
S31500007AE06020F820E0C00000000003070C18FF70BB
S31500007AF0E18100000000070F10107F100F07000043
S31500007B008060206080000000E02000000F30203000
S31500007B109F70DC371030C0000000100E03000718FD
S31500007B20101807000000C02020E0C0000000000080
S31500007B3080E01F38E88703C43C040000070F1810D4
S31500007B40100B070D1010080000808C4C3800000048
S31500007B50000000000000000000000000000000001F
S31500007B60000000000000000000000000000000000F
S31500007B70000080E0300804000000000000FEFF0165
S31500007B8000000000000000000000030F1820400065
S31500007B9000040830E0800000000000000000000043
S31500007BA001FFFE0000000000004020180F03000047
S31500007BB000000000000000000000C00000000000FF
S31500007BC0004266663C18FF183C66664200000000EC
S31500007BD0000003000000000000000000000080001C
S31500007BE000000000001010101010FF1010101010F0
S31500007BF0000000000000030000000000000000007C
S31500007C00000000000000000000000000000000006E
S31500007C100000000000808C4C3800000000000000CE
S31500007C20000000000000000000000000001010101E
S31500007C3010101010101010000000000000000000CE
S31500007C40000000000000000000000000000000002E
S31500007C5000000000000000000000000000001C1CE6
S31500007C601C000000000000000000000000000000F2
S31500007C70E0380C000000000080701C0300000000CB
S31500007C800060380E0100000000000000000080C007
S31500007C9060202060C080000000FEFF0100000000A0
S31500007CA001FFFE000001070E181010180E07010054
S31500007CB00000808080C0E00000000000000000009E
S31500007CC000FFFF000000000000001010101F1F1032
S31500007CD0101000000080402020202060C08000009E
S31500007CE000030300804020381F070000001C1A19FB
S31500007CF018181818181F00000080C020202060C027
S31500007D0080000000000303001010182FE780000019
S31500007D1000070F10101010180F07000000000000D9
S31500007D200000C0E0F000000000C0B088868180FF3F
S31500007D30FF808000000000000010101F1F101000C0
S31500007D400000E060606060606060000000003F105E
S31500007D5008080818F0E0000000070B101010101CAF
S31500007D600F030000000080C040202020E0C000007B
S31500007D7000FCFF211008080818F0E0000001070CBD
S31500007D8018101010080F03000000C0E0606060606B
S31500007D9060E06000000003000000E018070000003B
S31500007DA000000000001F1F00000000000080C060EF
S31500007DB02020202060C080000087EF2C181830306B
S31500007DC068CF830000070F0810101010180F070067
S31500007DD00000C0C020202020C0800000001F3F609F
S31500007DE04040402010FFFE0000000C1C1010100840
S31500007DF00F0300000000000000000000000000006B
S31500007E0000000000000E0E0E000000000000000042
S31500007E10001C1C1C00000000000000000000000008
S31500007E200000000000000000000C0C000000000034
S31500007E3000000000005838000000000000000000AC
S31500007E40000000804020100000001028448201003D
S31500007E5000000000000000000000010204081000FD
S31500007E600000000000000000000000000084848480
S31500007E708484848484848400000000000000000060
S31500007E8000000000000010204080000000000000FC
S31500007E9000000000000001824428100000001008C5
S31500007EA0040201000000000000C020201010101085
S31500007EB030E0C0000003030000F010080C070300C8
S31500007EC0000000001C1C1C0000000000000000C098
S31500007ED0406020202040C00000FCFF01F00E03C1DE
S31500007EE0FE03807F0001070E08111110110904021C
S31500007EF00000000080E0E000000000000000807C40
S31500007F004340477FF880000010181F100000000053
S31500007F10131F1C1020E0E02020202060C0800000FD
S31500007F2000FFFF10101010182FE78000101F1F1001
S31500007F3010101010180F0700000080C040202020ED
S31500007F402060E00000FCFF010000000000000100CE
S31500007F500001070E181010100804030020E0E020AE
S31500007F6020202040C080000000FFFF00000000002D
S31500007F7001FFFE00101F1F10101018080E07010049
S31500007F8020E0E020202020202060800000FFFF105D
S31500007F901010107C00000000101F1F101010101091
S31500007FA01018060020E0E0202020202060608000DD
S31500007FB000FFFF101010107C00000100101F1F10A2
S31500007FC00000000000000000000080C060202020AB
S31500007FD040E0000000FCFF0100004040C0C14040FE
S31500007FE00001070E181010100F0F000020E0E0200F
S31500007FF00000000020E0E02000FFFF10101010102D
S3150000800010FFFF00101F1F1000000000101F1F10A0
S315000080100000202020E0E0202020000000000000DA
S3150000802000FFFF000000000000001010101F1F10CE
S315000080301010000000000000202020E0E02020209A
S3150000804000000000000000FFFF0000000060E0806C
S315000080508080C07F3F00000020E0E020000020A0DC
S315000080606020200000FFFF30187CE3C00000000005
S31500008070101F1F10000001131F1C181020E0E02025
S31500008080000000000000000000FFFF0000000000EC
S3150000809000000000101F1F1010101010101806000E
S315000080A020E0E0E000000000E0E0E02000FF013F0B
S315000080B0FEC0E01E01FFFF00101F1000031F03009B
S315000080C0101F1F1020E0E0C0000000000020E0208C
S315000080D000FF0003071C78E08000FF00101F10005F
S315000080E000000000030F1F00000080C06020206019
S315000080F0C080000000FEFF010000000000FFFE003F
S315000081000001070E181010180C07010020E0E020EF
S315000081102020202060C0800000FFFF20202020209B
S31500008120301F0F00101F1F1000000000000000008D
S31500008130000080C060202060C080000000FEFF01BB
S315000081400000000000FFFE000001070E1111133CA5
S315000081507C67210020E0E0202020202060C08000F5
S3150000816000FFFF101030F0D0080F0700101F1F107F
S31500008170000000030F1C10100080C060202020208B
S315000081804040E00000070F0C1818303060E0810016
S31500008190001F0C0810101010180F07008060202018
S315000081A020E0E020202060800100000000FFFF00AA
S315000081B00000000100000000101F1F10000000005A
S315000081C020E0E020000000000020E02000FFFF008B
S315000081D0000000000000FF0000070F18101010102C
S315000081E0100807002060E0E02000000020E060208A
S315000081F00000077FF88000807C030000000000007C
S31500008200071F1C070000000020E0E02000E0E0203F
S315000082100020E0200007FFF8E01FFFFCE01F000041
S315000082200000031F0300011F03000000002060E0A0
S31500008230A0000020E0602000000000038F7CF8C64C
S31500008240010000000010181E130001171F1810006F
S315000082502060E0E02000000020E060200000010730
S315000082603EF8E0180700000000000010101F1F1065
S315000082701000000000806020202020A0E0E0200008
S3150000828000000000C0F03E0F0300000000101C1F9D
S3150000829017101010101806000000000000FC04045F
S315000082A0040404000000000000FF000000000000BD
S315000082B000000000007F404040404000000010E009
S315000082C0000000000000000000000000031C6080A9
S315000082D00000000000000000000000030C70800099
S315000082E000000404040404FC000000000000000078
S315000082F0000000FF00000000000040404040407FBA
S315000083000000000000000010080C040C081000001B
S315000083100000000000000000000000000000000057
S315000083200000000000000000000000000000000047
S315000083300000000000000000000000000000000037
S315000083408080808080808080808080800000000423
S315000083500408080000000000000000000000000003
S315000083600000000000000000000000000000000007
S31500008370000000000000000000000000000098D887
S3150000838044642424FCF80000000F1F181010100885
S315000083901F1F10180020E0F0000000000000000081
S315000083A00000FFFF180804040CF8F00000001F0F7F
S315000083B018101010180F0300000000000000000045
S315000083C00000000000E0F8180404043C3800000037
S315000083D000030F0C1010101008060000000000002B
S315000083E000000020E0F0000000E0F81C040404088F
S315000083F0FFFF000000030F18101010081F0F0800E1
S315000084000000000000000000000000000000E0F88E
S31500008410484444444C7870000000030F0C181010B8
S31500008420100804000000000080C0602020E0C000AA
S3150000843000040404FFFF04040404000000001010FC
S315000084401F1F1010100000000000000000000000B8
S3150000845000000000000070F88C04048CF874040C12
S31500008460007076CF8D8D8D89C87870000020E0F081
S3150000847000000000000000000000FFFF08040404E4
S31500008480FCF8000000101F1F100000101F1F100036
S31500008490000000000060600000000000000004040E
S315000084A004FCFC000000000000001010101F1F104C
S315000084B010100000000000000000006060000000D6
S315000084C000000000040404FCFC0000000000C0C022
S315000084D08080C07F3F0000000020E0F00000000028
S315000084E0000000000000FFFF80C0F41C0404000030
S315000084F000101F1F1100031F1C1010000000202079
S3150000850020E0F000000000000000000000FFFF0077
S315000085100000000000001010101F1F1010100000B7
S3150000852000000000000000000000000004FCFC0841
S3150000853004FCFC0804FCFC00101F1F10001F1F1089
S31500008540001F1F10000000000000000000000000D7
S315000085500004FCFC08080404FCF8000000101F1FBF
S31500008560100000101F1F1000000000000000000097
S315000085700000000000E0F0180C04040C18F0E00005
S3150000858000030F0C101010100C0F03000000000069
S3150000859000000000000000000004FCFC08040404C5
S315000085A00CF8F0000080FFFF889010101C0F0300ED
S315000085B000000000000000000000000000E0F81CC1
S315000085C004040408F8FC000000030F18101090883B
S315000085D0FFFF800000000000000000000000000017
S315000085E0040404FCFC100804040C0C001010101FFA
S315000085F01F10101000000000000000000000000026
S315000086000000000000003078CCC48484840C1C0078
S3150000861000001E1810101011190F060000000000AF
S3150000862000C000000000000000040404FFFF040472
S3150000863004000000000000000F1F1010100C0000C6
S315000086400000000000000000000000000004FCFE26
S3150000865000000004FCFE000000000F1F18101008A8
S315000086601F0F0800000000000000000000000000CE
S3150000867000040C3CFCC40000C43C0C0400000000D8
S31500008680010F1E0E010000000000000000000000A7
S3150000869000000000043CFCC400E47CFC84807C04F4
S315000086A00000071F070000071F070000000000006A
S315000086B000000000000000000004041C7CE4C0343C
S315000086C01C0404000010101C1601131F1C181000B7
S315000086D000000000000000000000000000040C3C48
S315000086E0FCC400C43C0404000000C080C1370E0175
S315000086F00000000000000000000000000000000074
S3150000870000001C0404C4F47C1C0400000000101CBF
S315000087101F17111010180E0000000000000000F8CE
S315000087200C04000000000000001028EF000000000C
S31500008730000000000000003F604000000000000054
S315000087400000FF0000000000000000000000FF0025
S3150000875000000000000000000000FF000000000014
S315000087600000040CF80000000000000000000000FB
S31500008770EF28100000000000000040603F000000ED
S31500008780000000000018060202040810202030082D
S3150000879000000000000000000000000000000000D3
S315000087A000000000000000000000000000000000C3
S315000087B00000000000000000000000F800000000BB
S315000087C0000000333000000000100C06100C0600FC
S315000087D0000000000000000040C07840C078400063
S315000087E0043F04043F040400007088FC08300000C5
S315000087F0001820FF211E0000F008F000E01800001D
S3150000880000211C031E211E0000F0088870000000D5
S315000088101E2123241927211010160E000000000027
S315000088200000000000000000000000E01804020044
S31500008830000000071820400000020418E0000000B5
S315000088400040201807000000404080F080404000B3
S315000088500202010F01020200000000F00000000009
S315000088600101011F010101000000000000000000DD
S3150000887080B0700000000000000000000000000052
S3150000888000010101010101010000000000000000DB
S315000088900030300000000000000000008060180476
S315000088A0006018060100000000E010080810E00053
S315000088B0000F102020100F00001010F8000000001C
S315000088C00020203F20200000007008080888700063
S315000088D000302824222130000030088888483000E3
S315000088E00018202020110E000000C02010F8000003
S315000088F000070424243F240000F80888880808009C
S315000089000019212020110E0000E0108888180000B0
S31500008910000F112020110E0000380808C838080082
S315000089200000003F00000000007088080888700002
S31500008930001C222121221C0000E010080810E00083
S315000089400000312222110F00000000C0C00000000C
S315000089500000003030000000000000800000000031
S315000089600000806000000000000080402010080029
S3150000897000010204081020004040404040404000F2
S3150000898004040404040404000008102040800000CD
S315000089900020100804020100007048080808F000D2
S315000089A00000003036010000C030C828E810E000A2
S315000089B00718272423140B000000C038E00000002D
S315000089C0203C23020227382008F888888870000097
S315000089D0203F202020110E00C0300808080838006B
S315000089E0071820202010080008F808080810E000E2
S315000089F0203F202020100F0008F88888E808100083
S31500008A00203F20202320180008F88888E808100056
S31500008A10203F200003000000C0300808083800008E
S31500008A2007182020221E020008F808000008F8088F
S31500008A30203F210101213F20000808F80808000016
S31500008A400020203F2020000000000808F808080049
S31500008A50C08080807F00000008F888C028180800C1
S31500008A60203F20012638200008F8080000000000FA
S31500008A70203F20202020300008F8F800F8F80800F1
S31500008A80203F003F003F200008F830C00008F808EB
S31500008A90203F200007183F00E01008080810E000FB
S31500008AA00F10202020100F0008F808080808F00012
S31500008AB0203F210101010000E01008080810E00035
S31500008AC00F18242438504F0008F8888888887000CA
S31500008AD0203F2000030C302000708808080838006A
S31500008AE00038202121221C00180808F80808180060
S31500008AF00000203F2000000008F808000008F808E1
S31500008B00001F202020201F000878880000C8380891
S31500008B10000007380E010000F80800F80008F80009
S31500008B20033C0700073C03000818688080681808A3
S31500008B3020302C03032C30200838C800C838080021
S31500008B400000203F2000000010080808C838080070
S31500008B502038262120201800000000FE0202020014
S31500008B600000007F40404000000C30C000000000C4
S31500008B70000000010638C00000020202FE000000EC
S31500008B80004040407F000000000004020202040092
S31500008B9000000000000000000000000000000000CF
S31500008BA080808080808080800002020400000000B7
S31500008BB000000000000000000000808080800000AF
S31500008BC00019242222223F2008F80080800000009D
S31500008BD0003F112020110E00000000808080000060
S31500008BE0000E112020201100000000808088F8006F
S31500008BF0000E112020103F200000808080800000A1
S31500008C00001F222222221300008080F08888881804
S31500008C100020203F2020000000008080808080000F
S31500008C20006B94949493600008F8008080800000A4
S31500008C30203F210000203F2000809898000000007F
S31500008C400020203F202000000000008098980000AF
S31500008C5000C08080807F000008F8000080808000CF
S31500008C60203F24022D302000000808F800000000F4
S31500008C700020203F202000008080808080808000AF
S31500008C80203F20003F20003F808000808080000041
S31500008C90203F210000203F200000808080800000CF
S31500008CA0001F202020201F00808000808000000000
S31500008CB080FFA12020110E0000000080808080002F
S31500008CC0000E112020A0FF80808080008080800020
S31500008CD020203F212000010000008080808080004D
S31500008CE00033242424241900008080E080800000C2
S31500008CF00000001F2020000080800000008080000F
S31500008D00001F202020103F2080808000008080806F
S31500008D1000010E30080601008080008000808080FF
S31500008D200F300C030C300F00008080008080800024
S31500008D300020312E0E31200080808000008080804F
S31500008D4080818E70180601000080808080808000FF
S31500008D500021302C2221300000000000807C02021D
S31500008D6000000000003F404000000000FF0000003F
S31500008D7000000000FF0000000002027C80000000EE
S31500008D800040403F0000000000060101020204040A
S31500008D9000000000000000000000000000000000CD
S31500008DA0000000000000FC000000000002000000BF
S31500008DB0000C020C020000000000000090D0BCD0A5
S31500008DC0BC900003000300001824FE448C0003023C
S31500008DD0070201001824D8B04C80000300010201EC
S31500008DE0C038E438E0000102020102020806000071
S31500008DF00000000000000000000000F8040200006F
S31500008E0000010204000204F8000000040201000050
S31500008E109060F86090000000010000002020FC2017
S31500008E20200000000100000000000000000008060D
S31500008E30000000002020202020000000000000008C
S31500008E400000000000000002000000000080601C1E
S31500008E500200040300000000F8040404F800010204
S31500008E60020201000008FC000000000203020000EC
S31500008E701884442418000302020202000804242471
S31500008E80D80001020202010040B088FC8000000008
S31500008E90000302003C242424C40001020202010053
S31500008EA0F824242CC0000102020201000C04E41C78
S31500008EB00400000003000000D8242424D800010286
S31500008EC00202010038444444F80000030202010093
S31500008ED0000010000000000002000000000020005A
S31500008EE00000000006000000002050880402000078
S31500008EF00000010290909090900000000000000099
S31500008F000002048850200002010000001804C42456
S31500008F101800000002000000F804E494F8000102C2
S31500008F200202020000E09CF080000203000003023F
S31500008F3004FC2424D800020302020100F8040404FD
S31500008F400C0001020202010004FC0404F800020302
S31500008F500202010004FC24740C0002030202030056
S31500008F6004FC24740C00020302000000F008044410
S31500008F70CC4000010202010004FC2020FC04020394
S31500008F80000003020404FC040400020203020200BF
S31500008F90000404FC040406040403000004FC24D0BA
S31500008FA00C0402030200030204FC04000000020396
S31500008FB002020203FC3CC03CFC0003000300030069
S31500008FC004FC30C4FC04020302000300F804040499
S31500008FD0F80001020202010004FC24241800020326
S31500008FE002000000F8848404F8000102020705006C
S31500008FF004FC24649800020302000302182424449B
S315000090008C000302020201000C04FC040C000002A6
S315000090100302000004FC0000FC040001020201003F
S31500009020047C80E01C040000030000001CE03CE01F
S315000090301C00000300030000049C609C0400020363
S3150000904000030200041CE01C0400000203020000EE
S315000090500C84641C04000203020203000000FE02EA
S315000090600200000007040400000E30C000000000EB
S3150000907000010200000202FE0000000404070000D6
S3150000908000040204000000000000000000000000D0
S315000090900000080808080808000002000000000098
S315000090A0000000000040A0A0C00000010202030270
S315000090B004FC2020C00000030202010000C02020A2
S315000090C0600000010202020000C02024FC00000132
S315000090D00202030200C0A0A0C000000102020200BA
S315000090E00020F82424040002030202000040A0A08D
S315000090F0602000070A0A0A0404FC2020C0000203BC
S31500009100020003020020E400000000020302000047
S31500009110000020E4000008080807000004FC80E0C6
S3150000912020200203020003020404FC0000000202E5
S3150000913003020200E020E020C00003000300030059
S3150000914020E02020C00002030200030200C020200D
S31500009150C00000010202010020E02020C000080F2C
S315000091600A02010000C02020E0000001020A0F08E8
S3150000917020E0402020000203020000000060A0A0C2
S3150000918020000002020203000020F8200000000078
S315000091900102020020E00020E000000102020302BA
S315000091A020E0208060200000030100006080E08055
S315000091B060000003000300002060806020000203BE
S315000091C00003020020E0208060200808070100005C
S315000091D00020A0602000000203020200000020DE42
S315000091E00200000000070400000000FF000000006D
S315000091F0000F00000002DE2000000004070000004F
S315000092000201020404020000000000000000000049
S3150000921000000000002F00000000070007000014F7
S315000092207F147F1400242A7F2A1200626408132305
S3150000923000364955225000000503000000001C229C
S315000092404100000041221C000014083E08140008DA
S31500009250083E0808000000A060000008080808088A
S31500009260000060600000002010080402003E514922
S31500009270453E0000427F40000042615149460021C0
S3150000928041454B31001814127F10002745454539DA
S31500009290003C4A4949300001710905030036494935
S315000092A0493600064949291E0000363600000000EE
S315000092B05636000000081422410000141414141439
S315000092C000004122140800020151090600324959E2
S315000092D0513E007C1211127C007F49494936003EFE
S315000092E041414122007F4141221C007F49494941B9
S315000092F0007F09090901003E4149497A007F0808B3
S31500009300087F0000417F4100002040413F01007F6F
S3150000931008142241007F40404040007F020C027F3B
S31500009320007F0408107F003E4141413E007F09094D
S315000093300906003E4151215E007F09192946004673
S31500009340494949310001017F0101003F4040403F4A
S31500009350001F2040201F003F4038403F0063140894
S31500009360146300070870080700615149454300006F
S315000093707F41410000552A552A55000041417F0092
S315000093800004020102040040404040400000010287
S315000093900400002054545478007F48444438003870
S315000093A04444442000384444487F003854545418F8
S315000093B000087E0901020018A4A4A47C007F08040A
S315000093C004780000447D4000004080847D00007FDA
S315000093D0102844000000417F4000007C04180478F7
S315000093E0007C0804047800384444443800FC2424F3
S315000093F024180018242418FC007C080404080048DB
S315000094005454542000043F444020003C4040207CFB
S31500009410001C2040201C003C4030403C00442810EA
S315000094202844001CA0A0A07C004464544C4414149E
S31500009430141414140602060103010000C5050000F9
S31500009440000000004894000000FFFFFF04020B012B
S3150000945003000000D1050000000000006094000039
S3150000946000FFFFFF090200000C000C010C020C03B8
S315000094700000000000000000490500000000000098
S315000094808494000000010000C80100200F00FFFFC7
S3150000949000000000FFFF000002000000801A060026
S315000094A06B000000010CDF04050000000000000056
S315000094B000000000B105000000000000C09400009C
S315000094C0010400B61B01FFFF000200000C070C0898
S315000094D00C090C0A0000000000000000B1040000A6
S315000094E000000000E894000000010000CC0100200C
S315000094F00F00FFFF00000000FFFF0000002000003B
S31500009500000000000000000000000000000000183D
S3150000951000000000000F0CDF0002FF00A5040000A1
S31500009520000000002895000000013F3F000000DF1A
S31500009530DFFFFFFF12000000409500000000000062
S3150000954000400000000000000400000002000000CF
S31500009550040000000D000000008000000F00000065
S3150000956000000104000100000000010401010000E8
S3150000957004000000020100000400000004010000D5
S3150000958000000100080100000000010509010000BB
S31500009590000001050A010000000000000B010000A8
S315000095A0100000000002000000000100000300009F
S315000095B04000010401030000400001040203000012
S315000095C00040000002040000040000000005000046
S315000095D0B601B701B801B9018D018E0107008001FE
S315000095E081018201830105006001FFFF020403047B
S315000095F00404FFFF0100020008001000494E460067
S31500009600696E66004E414E006E616E00300030316C
S3150000961032333435363738394142434445460030D3
S315000096203132333435363738396162636465660002
S31500009630496E66696E697479004E614E0052454501
S315000096404E54206D616C6C6F632073756363656542
S31500009650646564002F646174612F6A656E6B696E60
S31500009660732F776F726B73706163652F474E552D3D
S31500009670746F6F6C636861696E2F61726D2D313323
S315000096802F7372632F6E65776C69622D63796777C6
S31500009690696E2F6E65776C69622F6C6962632F73D2
S315000096A074646C69622F64746F612E630042616C2E
S315000096B06C6F6320737563636565646564002F640E
S315000096C06174612F6A656E6B696E732F776F726B4B
S315000096D073706163652F474E552D746F6F6C6368A9
S315000096E061696E2F61726D2D31332F7372632F6E28
S315000096F065776C69622D63796777696E2F6E65771A
S315000097006C69622F6C6962632F7374646C69622F73
S315000097106D707265632E6300232D302B2000686CFC
S315000097204C00656667454647004300504F5349580D
S31500009730002E00FF05000000190000007D0000005B
S315000097400080E03779C34143176E05B5B5B8934637
S31500009750F5F93FE9034F384D321D30F94877825A03
S315000097603CBF737FDD4F1575000000000000F03F21
S3150000977000000000000024400000000000005940E6
S315000097800000000000408F40000000000088C34039
S3150000979000000000006AF8400000000080842E41AE
S315000097A000000000D01263410000000084D79741FA
S315000097B00000000065CDCD41000000205FA0024200
S315000097C0000000E876483742000000A2941A6D4275
S315000097D0000040E59C30A2420000901EC4BCD64268
S315000097E000003426F56B0C430080E03779C3414313
S315000097F000A0D8855734764300C84E676DC1AB4389
S31500009800003D9160E458E143408CB5781DAF1544A6
S3150000981050EFE2D6E41A4B4492D54D06CFF0804481
S31500009820F64AE1C7022DB544B49DD9794378EA4496
S31500009830002020202020202020202828282828201A
S315000098402020202020202020202020202020202012
S31500009850208810101010101010101010101010107A
S31500009860100404040404040404040410101010106A
S315000098701010414141414141010101010101010134
S315000098800101010101010101010101011010101086
S315000098901010424242424242020202020202020206
S315000098A0020202020202020202020202101010105A
S315000098B02000000000000000000000000000000082
S315000098C00000000000000000000000000000000092
S315000098D00000000000000000000000000000000082
S315000098E00000000000000000000000000000000072
S315000098F00000000000000000000000000000000062
S315000099000000000000000000000000000000000051
S315000099100000000000000000000000000000000041
S315000099200000000000000000000000000000000031
S3150000993000FFFFFF1000000000000000017A520047
S31500009940027C0E011B0C0D00100000001800000028
S3150000995044BEFFFF100000000000000000000000F1
S31500009960A08601000100000055AA030700080802AE
S315000099700004000000001F0055AA030700050A04A2
S315000099800001001D55AA0307000803020004000099
S3150000999000001A0055AA0301002A7B2270223A22EF
S315000099A03633706E6669726D72736C787475723860
S315000099B0222C2276223A22312E302E30222C226D73
S315000099C0223A307D400100001E0E070707070303F9
S315000099D08383C7C7FFFFFFFFFF7E3CE0F0F8F8F880
S315000099E0F8BCBCBCBCBCBCBCBCBC1CFCFCFCFCF8D9
S315000099F0F8F8F8E0C0800000FCFCFCFC00E0F0F8A1
S31500009A00F8F8F8BCBCBCBCBCBCBCBC9CE0F0F8F82C
S31500009A10F8F8FCFCFCBCBCBC3C3C3C3C1C0000809C
S31500009A20C0F0F0F8F8FCFCFCF8F8C08000F0F0F8A4
S31500009A30F8F8F8FCFCBCBCBCBC3C3C3C1CFFFFFF83
S31500009A40FFFFFFFF0003070F1F3F7FFFFDF8F0E05A
S31500009A50FFBF7FFFFFFFF7E7E7E7E7E7E7E7E3E0BB
S31500009A60FFFFFFFFFF03070F3F3F7FFFFEFFFFFFE5
S31500009A70FF003F7FFFFFFFFFF7E7E7E7E7E7E7E3E3
S31500009A80E3E0E0E1E3E3E7E7EFEFEFFFFFFFFFFEF1
S31500009A907EFCFCFEFFFF7F1FEFE1E1E3EFFFFFFF30
S31500009AA0FFFEFDF1E3E3E7E7E7EFEFEFFFFFFFFF81
S31500009AB0FE7E000000000000000000000000000024
S31500009AC00000010103030707070604000000000069
S31500009AD00000000000000000000000000000000080
S31500009AE00000000000000000000000000000000070
S31500009AF00000000000000000000000000000000060
S31500009B00000000000000000000000000000000004F
S31500009B10000000000000000000000000000000003F
S31500009B200000000000000000440020AD440020AD0D
S31500009B300000000003000000600B0020E001002090
S31500009B4000000000600B0020C80B0020300C002035
S31500009B5000000000000000000000000000000000FF
S31500009B6000000000000000000000000000000000EF
S31500009B7000000000000000000000000000000000DF
S31500009B80000000000000000000000000430000008C
S31500009B9000000000000000000000000000000000BF
S31500009BA0000000000000000000000000430000006C
S31500009BB0000000000000000000000000000000009F
S31500009BC0000000000000000000000000430000004C
S31500009BD0000000000000000000000000000000007F
S31500009BE0000000000000000000000000430000002C
S31500009BF0000000000000000000000000000000005F
S31500009C00000000000000000000000000430000000B
S31500009C10000000000000000000000000000000003E
S31500009C2000000000000000000000000043000000EB
S31500009C30000000000000000000000000000000001E
S31500009C4000000000000000000000000043000000CB
S31500009C5000000000000000000000000000000000FE
S31500009C6000000000000000000000000091720000EB
S31500009C706D7200000000000030980000319700006F
S31500009C801D9700001D9700001D9700001D970000FE
S31500009C901D9700001D9700001D9700001D970000EE
S31500009CA01D970000FFFFFFFFFFFFFFFFFFFFFFFF06
S31500009CB0FFFF000001004153434949000000000036
S31500009CC0000000000000000000000000000000008E
S31500009CD00000000000004153434949000000000015
S31500009CE0000000000000000000000000000000006E
S31500009CF00000000000000000E1000000B9000000C4
S3150100A100FFFFFFFFFFFFFFFFFFFFFFFFFFFFFFFF58
S3090100A134FFFFFFFF24
S3150100A200FFFDFFFFFFFFFFFFFFFFFFFFFFFFFFFF59
S3150100A210FFFFFFFFFFFFFFFFFFFFFFFFFFFFFFFF47
S3150100A220FFFFFFFFFFFFFFFFFFFFFFFFFFFFFFFF37
S3150100A230FFFFFFFFFFFFFFFFFFFFFFFFFFFFFFFF27
S3150100A240FFFFFFFFFFFFFFFFFFFFFFFFFFFFFFFF17
S3150100A250FFFFFFFFFFFFFFFFFFFFFFFFFFFFFFFF07
S3150100A260FFFFFFFFFFFFFFFFFFFFFFFFFFFFFFFFF7
S3150100A270FFFFFFFFFFFFFFFFFFFFFFFFFFFFFFFFE7
S3150100A280F8F8FFFFFFFFFFFFFFFFFFFFFFFFFFFFE5
S3150100A290FFFFFFFFFFFFFFFFFFFFFFFFFFFFFFFFC7
S3150100A2A0FFFFFFFFFFFFFFFFFFFFFFFFFFFFFFFFB7
S3150100A2B0FFFFFFFFFFFFFFFFFFFFFFFFFFFFFFFFA7
S3150100A2C0FFFFFFFFFFFFFFFFFFFFFFFFFFFFFFFF97
S7050000400DAD
