S01A00005241344D325F494F545F50726F6A656374382E737265630B
S3150000000038300020192D0000512B0000152D00005E
S31500000010152D0000152D0000152D0000152D0000D2
S31500000020000000000000000000000000152D000088
S31500000030152D000000000000152D0000152D0000F4
S31500000040451F0000B91E0000D51F00001D2000003E
S3150000005089230000D524000065280000451F000004
S31500000060B91E0000D51F00001D2000000348044BE8
S31500000070834202D0034B03B118477047A003002008
S31500000080A003002000000000064B0749C91A89108A
S3150000009048BF0131491003D0044B0BB10148184742
S315000000A0704700BFA0030020A0030020000000004E
S315000000B010B5064C237843B9FFF7D8FF044B13B1AC
S315000000C00448AFF300800123237010BDC003002055
S315000000D000000000B484000008B5054B1BB10549BB
S315000000E00548AFF30080BDE80840FFF7CDBF00BF6D
S315000000F000000000C4030020B48400004FF47A71AD
S3150000010002F0FABC2DE9F0410C46374E82B0174694
S315000001106B210122354898468DF8074001F0BAFF59
S315000001203368002B59D1012330481A460DF10701D7
S3150000013002F006F83060002848D12D4D2D4C95F878
S3150000014000C0BCF1030F0DD0206878B3012108462A
S3150000015002F0D2FC206895F800C00138BCF1030F0C
S315000001602060F2D101232B70234B4246236039468F
S3150000017000231E4801F094FF306000BB2A78022A53
S315000001800CD02368BBB14FF47A71012002F0B4FCA5
S3150000019023682A78013B022A2360F3D10123002039
S315000001A0154A2B70226002B0BDE8F081BCF1010F48
S315000001B0D8D100BED6E7012AF0D100BEEEE740F264
S315000001C086210E4B0E4A0F4802F08EFC4FF41D712D
S315000001D00A4B0B4A0B4802F087FC40F27221074B90
S315000001E0074A084802F080FC10040020000A00209C
S315000001F00400002000000020A0860100EC60000042
S315000002006C620000046100002DE9F041274E0D46A6
S3150000021090466B210122264800AF1C4601F03AFFAA
S315000002203368002B3AD16A4604F10803DB08A2EBD7
S31500000230C3039D46684622464146013400F8015BE9
S3150000024003F087FE012322466946194801F078FF2C
S315000002503060E0B9174D184C2A78032A0BD0236872
S315000002608BB10121084602F047FC23682A78013B3E
S31500000270032A2360F4D101230020104A2B70226048
S31500000280BD46BDE8F081012AF5D100BEF3E740F294
S3150000029052210B4B0B4A0C4802F026FC40F24B2134
S315000002A0074B084A084802F01FFC00BF1004002054
S315000002B0000A00200400002000000020A0860100A3
S315000002C0EC6000005C620000046100000379012B11
S315000002D008D0022B02D0042B07D0704701221B4BFB
S315000002E01A7070471A4A137070471A4A1368FE2B21
S315000002F0F3D819494978022917D810B417498468E0
S31500000300581CCC5403461060087855281CBF03F1CE
S31500000310FF331360062B05D9CB78062B02D00122BA
S315000003200F4B1A605DF8044B70470C490878552846
S315000003301CBF03F1FF331360062BCED9CB78062BF7
S31500000340CBD00122064B1A60704700BF3305002050
S315000003503405002030040020A4800000340400206E
S315000003602C0400200379022B02D10122014B1A70C2
S31500000370704700BF0E0400202DE9F047B2F10009D6
S3150000038082B019DD8A460025DFF83C800C4C0D4F03
S3150000039001EB09061AF9013B0122384601A901932E
S315000003A001F066FBC8F8000000B100BE2378002B00
S315000003B0FCD056452570EDD1484602B0BDE8F08721
S315000003C00E040020D0090020100400200122034B57
S315000003D01A7008B102791A70704700BF0400002035
S315000003E00122014B1A707047DC0300202DE980487A
S315000003F0012289B04FF48271BA4802F0EDF8012269
S315000004000221B84802F0E8F801224FF48171B5489C
S3150000041002F0E2F8B449B54801F074FBB44B186039
S31500000420002840F038830B22B249B04801F020FB87
S31500000430AF4B1860002847D1AF4A1378002BFCD089
S315000004400023AE4DAE48137003F03AFC2846AD4982
S3150000045001F0C4FEA64B1860002840F03883AA4974
S31500000460AA4802F09DF9A24B1860002840F02883A4
S31500000470A64802F0D5F99E4B1860002840F0198373
S31500000480A349A44801F03EFB994B1860002840F0B0
S315000004900983A14AA14CA24B4FF47A71C4E9002307
S315000004A0A04B0A20C4E902359F4D02F025FB2946E0
S315000004B0204600F0ADFB70219C482A7803F098FB9B
S315000004C02B78702B02D0FEE700BEB5E7042120464C
S315000004D000F03CFB964E3146204600F06BFB35782B
S315000004E0002DF8D1032401218C4800F0CBFB914963
S315000004F08A484B78DFF884B263F03F034B7000F014
S3150000050025FC8D4A85481378DFF8748223F00303AF
S3150000051043F001031946137000F0CEFB874A7F486B
S315000005201378DFF8609243F004031946137000F065
S3150000053027FE834B79489A7864F304029A70196807
S3150000054000F046FE7F217F4B7448197000F090FE44
S315000005500121724800F0A2FE0821704800F060FBFD
S3150000056002216E4800F0D8FB01F0F6F900F09AFF80
S31500000570284600F003FF284600F00CFF00F092FF2B
S31500000580012229462846102300922A4601F0DCF86B
S315000005901023012229461846009201F0D5F8294673
S315000005A0102302222020009501F0CEF8224629468B
S315000005B010233020009501F0C7F8294610230422A5
S315000005C04020009501F0C0F8102400F0FDFE012146
S315000005D02846CDE90041082321465B4A01F066F82A
S315000005E02346214601245420584A009401F038F845
S315000005F000F0EAFE28460125554C132375222021DA
S31500000600CDE9004501F028F900F0DEFE4FF47A71DD
S31500000610C82002F071FA4F4BDFF86CE103F10D0AC6
S315000006204D4B4E4D0EF10B0603F10D07CDF80CE0C8
S315000006300FE000234A4A1360D9F80030012B34D06A
S31500000640484B1B78042B44D04FF47A71012002F0FA
S3150000065053FA454B1B78002B40F0D080434B1B7858
S31500000660002B40F0E28098F80030002B40F0BC8070
S31500000670DBF80030002B40F0898040F20B1119485E
S315000006800DF11E0201F096FF9DF81E30002BD0D111
S3150000069040F6B73232490B68934200F2D1800133FB
S315000006A00B60D9F80030012BCAD10023C9F80030FD
S315000006B02F4B1B78552B00F03E81FF2200212C4842
S315000006C003F0DEFB00232B4A1360264B1B78042B1A
S315000006D0BAD1294A1368B3F5FA6F80F0CA8001339C
S315000006E01360B1E7B809002040800000D00900205F
S315000006F010040020186100000E040020000A0020EB
S31500000700246100007480000028800000C0090020D9
S31500000710A4800000400A002009020000E003002037
S3150000072005010000FD0000000D04002034610000FA
S31500000730F0030020F40300200C040020080400202D
S315000007400404002000040020F7FF34015861000073
S315000007506800002024000020080000203305002047
S315000007602404002018040020DC030020DE030020FF
S3150000077034040020300400201C0400202004002043
S31500000780DD0300202C04002018000020984803F008
S3150000079097FA984A0399127800238A72964ACBF8F8
S315000007A000301146039211F8012B13448E42DBB23E
S315000007B0F9D1039A9049D37290480C2201F058F966
S315000007C08F4B186000B100BE2B78002BFCD00023A5
S315000007D02B7052E78B4A5B0612787FF53FAF4FF0DE
S315000007E0010388F8003002BB002388F8003002239A
S315000007F0804A8548137003F063FA39E70123CBF882
S3150000080000304FF4FA63814A81498248136000F050
S3150000081009FB0023804A13707D4B5B789906D9D576
S315000008205A0644BF012388F800304FF00102714B8D
S315000008307A481A700023734A137003F041FA12E7DC
S3150000084040F6B83293427FF4F7AE40F6B933744AB5
S315000008507448136003F034FA08227349674801F0BC
S3150000086007F900B100BE2B78002BFCD000232B70BB
S31500000870E2E60023572265486C4903606C488A7398
S31500000880027011F8012F13448A45DBB2F9D1694A87
S3150000089057216948937303F0ABF90F22654957480E
S315000008A001F0E6F8564B186000B100BE2B78002B1D
S315000008B0FCD000240DF11E0156482C70ADF81E40E8
S315000008C000F04CFCBDF91E0000F036F910EE100ADF
S315000008D002F0FCFB02460B46CDE904230022574BEF
S315000008E005F0D0F802F04AFC554B80B2A3FB00138A
S315000008F05449554ADB09088018445373907312F81B
S31500000900013F1C449742E4B2F9D1504B50489C73C6
S31500000910DDE9042303F06CF90F224C49374801F056
S31500000920A7F8374B186000B100BE2B78002BFCD01F
S3150000093000232B7088E6474B5B78AA2B7FF4BDAE6D
S31500000940444BDB78032B3FF6B8AEDFE803F02D43CC
S315000009501D02404B40489979404B197003F048F905
S3150000096008223F49254801F083F800B100BE2B78E4
S31500000970002BFCD000232B70364B9B79042B04BF35
S315000009800123CBF8003098E6364803F099F908229F
S3150000099035491A4801F06CF800B100BE2B78002BDF
S315000009A0FCD000232B7088E6304A31481446117873
S315000009B003F01EF92378002B62D1012308222D496A
S315000009C00E48237001F054F800B100BE2B78002BBE
S315000009D0FCD0E6E7284803F073F931222749074897
S315000009E001F046F800B100BE2B78002BFCD0D8E70A
S315000009F0786100001604002018000020400A00203C
S31500000A0010040020DE0300206C6100001C0400209E
S31500000A10F8030020E0030020DC03002060610000F2
S31500000A202404002084610000A0620000230000204E
S31500000A30170400202400002010620000000024405B
S31500000A408180808014040020070000200800002018
S31500000A502C62000034040020F46100001804002019
S31500000A6090620000D861000098620000280400200F
S31500000A7098610000B0620000B461000034000020FC
S31500000A8008221649164800F0F3FF00B100BE2B7885
S31500000A90002BFCD085E74FF48371124B124A1348A2
S31500000AA002F022F840F21B110E4B0F4A0F4802F0DB
S31500000AB01BF840F217110B4B0B4A0C4802F014F8C6
S31500000AC04FF48A71074B084A084802F00DF840F2C5
S31500000AD01111044B044A054802F006F8A86200000A
S31500000AE0400A0020EC6000007C6200000461000007
S31500000AF0022800D070470249024801F047BE00BFF5
S31500000B00D8800000B809002030B110B44468C0682D
S31500000B10A4465DF8044B60474FF0FF30704700BFB6
S31500000B2030B110B40468C068A4465DF8044B604751
S31500000B304FF0FF30704700BF00EE100AF3EE097A5F
S31500000B40BAEECC0A30EE270A704700BF70B582B005
S31500000B50012301AA0D4612210646FFF7D5FF012300
S31500000B6004466A4619463046FFF7CEFF20181FD1C5
S31500000B709DF800109DF80430A80865F38201C5F3BE
S31500000B80400503F07E0345EAC01501AA8DF8001062
S31500000B901D431221012330468DF80450FFF7C0FF94
S31500000BA0012304466A4630461946FFF7B9FF20443A
S31500000BB002B070BD70B582B0012301AA0D461221A4
S31500000BC00646FFF7A1FF012304466A46304619464A
S31500000BD0FFF79AFF201813D19DF804209DF8001006
S31500000BE0D3095B0002F0010203EB8203C1F380022A
S31500000BF01344022B06D0042B04D033B101232B70EF
S31500000C0002B070BD2B7002B070BD287002B070BD0E
S31500000C1008B50A4601230F21FFF776FF08BD00BF7E
S31500000C2070B582B00C4601236A4610210646FFF7CE
S31500000C306BFF08B102B070BD9DF80010012364F38C
S31500000C4003018DF800106A4610213046FFF768FF51
S31500000C500028EFD12509EDD001AA012362213046F3
S31500000C60FFF752FF9DF80420044665F301028DF854
S31500000C70042001236221304601AAFFF751FF2044D8
S31500000C8002B070BD30B583B00D460123122101AA12
S31500000C900446FFF739FF08B103B030BD9DF80410D4
S31500000CA0012365F386118DF804102046122101AA4E
S31500000CB0FFF736FF03B030BD70B582B00D46012395
S31500000CC0502101AA0646FFF71FFF9DF804400123A5
S31500000CD065F3C7148DF804405021044601AA304636
S31500000CE0FFF71EFF201815D101236A46562130460C
S31500000CF0FFF70AFF9DF80020C5F3400565F30002E3
S31500000D0004468DF80020012356216A463046FFF737
S31500000D1007FF204402B070BD30B583B00D460123F5
S31500000D20172101AA0446FFF7EFFE08B103B030BD54
S31500000D309DF80410012365F301018DF80410204687
S31500000D40172101AAFFF7ECFE03B030BD0B781B0795
S31500000D5065D430B583B00C4601236A460D2105469D
S31500000D60FFF7D2FE08B103B030BD23786A46C3F35D
S31500000D704001C3F3000C4CEA410CC3F34011C3F32A
S31500000D8080104CEAC10C4CEA001CC3F3C013617816
S31500000D904CEA431C9DF80030C1F300014CEA811C6B
S31500000DA023F07B034CEA030C0D21012328468DF822
S31500000DB000C0FFF7B5FE0028D5D101235E212846E5
S31500000DC001AAFFF7A1FE0028CDD16378A178C3F36D
S31500000DD0001CC3F3C00444EA4C042846C3F3401580
S31500000DE044EA8504C3F3C01544EAC504C1F34005CB
S31500000DF044EA0514C1F30005C3F3801344EA45141D
S31500000E0044EA8314C1F3800144EAC11401235E213C
S31500000E1001AA8DF80440FFF783FE03B030BD4FF002
S31500000E20FF3070472DE9F04F8BB0012305AA0C4621
S31500000E3050210546FFF768FE9DF81420064642F04D
S31500000E4008028DF8142001235021284605AAFFF731
S31500000E5067FE361803D030460BB0BDE8F08F04238A
S31500000E601B21284608AAFFF74FFE06460028F2D1A6
S31500000E709DF82330E079C3F34001C3F300029DF8E7
S31500000E8021C042EA4102C3F3800142EA810220F016
S31500000E900700C3F3C00140EA5C1042EAC102C3F393
S31500000EA0001194F800E042EA0112E071C3F3401029
S31500000EB042EA401203F080030EF0400E1343A2797B
S31500000EC043EA0E039DF822106778CCF3001C6CF3FE
S31500000ED0C7122370A37827F00307A271C1F300128B
S31500000EE001F0030162F3C3033943A3706170012368
S31500000EF0502105AA2846FFF707FE07469DF814006D
S31500000F00012366F3C3008DF814005021284605AA74
S31500000F10FFF706FE3E189ED108234421284608AA5C
S31500000F20FFF7F2FD0646002895D19DF820309DF882
S31500000F3025C0C3F3800301930123CCF300129DF86F
S31500000F4023E09DF82280CCF3401192009DF821A069
S31500000F5042EAC1024FEADC110EEA030042EA01123C
S31500000F60C8F342014FEA8A0941EA0011CEF3400074
S31500000F7041EA401109F01C0908F02000CAF3801B61
S31500000F8049EA0009CEF30110CAF3001A40EA8B00C1
S31500000F9094F803B09DF82670CCF3C00C40EACA0062
S31500000FA09DF8276040EA0C102BF01F0B029140EAD7
S31500000FB00B0007EA030194F801A042EA4112E0702F
S31500000FC006EA0301C8F30010490108EA030849EAE2
S31500000FD0801041EAD7010AF0030A40EAC8100391DB
S31500000FE040EA0A00029994F802C06070CEF38000CD
S31500000FF041EA8010CEF3C00E0CF0080C40EACE1089
S3150000100040EA0C0094F804B0A070C7F3400042EA2E
S315000010108012C7F380070BF0030B42EAC71242EABD
S315000010200B02019922712278C6F3400061F3861201
S3150000103003992270A27941EA8011C6F38000C6F3B3
S31500001040C00641EAC01166F300026171A271194639
S31500001050284607AAFFF758FD064600286DD001234B
S31500001060072104AA2846FFF74FFD01236421064401
S3150000107006AA2846FFF748FD0123064419462846D6
S3150000108007AAFFF741FD00284AD036187FF4E3AEE1
S315000010909DF818102846C1F34013C1F380051B01C3
S315000010A09DF8106043EA4513257906F0030625F0FE
S315000010B003053543E7782571C1F3C00543EA851377
S315000010C0C1F3001143EAC11307F00F073B43E37076
S315000010D04821012307AAFFF717FD064600287FF4DB
S315000010E0BAAE9DF81C20C2F30003C2F3C0015B0038
S315000010F043EA8103C2F3001143EAC103C2F340117C
S3150000110043EA0113C2F3801143EA4113A179C2F302
S31500001110C01243EA821321F07E021343A3719AE6BA
S315000011209DF81C30284603F03F038DF81C30012340
S3150000113007AA1946FFF7F4FCA7E701239DF81C2030
S31500001140284602F03F0262F07F028DF81C20194605
S3150000115007AAFFF7E5FC064681E700BF10B582B097
S315000011600C460223202101AAFFF7CEFC30B99DF8D8
S3150000117005209DF8043003EB0223238002B010BD46
S3150000118030B583B00D460123562101AA0446FFF768
S31500001190BBFC08B103B030BDC5F3800CC5F34003FA
S315000011A04FEA4C0C4CEA830C9DF80430C5F3000161
S315000011B04CEAC10C23F00E034CEA030C5621012322
S315000011C0204601AA8DF804C0FFF7AAFC03B030BD83
S315000011D030B587B00123019105AA57210546FFF7CF
S315000011E093FC01235821044604AA2846FFF78CFCE9
S315000011F0012304445921284603AAFFF785FC201839
S3150000120033D19DF804009DF814409DF80510C0F3F5
S31500001210040060F304049DF810009DF80630C1F345
S31500001220040161F304009DF80C10C3F3040363F397
S31500001230040103AA01238DF810008DF80C1028462E
S3150000124059218DF81440FFF76BFC01235821044601
S3150000125004AA2846FFF764FC844601235721284642
S3150000126005AA6444FFF75CFC204407B030BD00BF0C
S3150000127030B583B00C4601235A2101AA0546FFF773
S3150000128043FC08B103B030BD01235A21284601AA08
S315000012908DF80440FFF744FC03B030BD30B583B091
S315000012A00D4601235B2101AA0446FFF72DFC08B178
S315000012B003B030BD9DF80410012365F3C7118DF806
S315000012C0041020465B2101AAFFF72AFC03B030BDBB
S315000012D070B5224E04460D4601223C21204882B0BC
S315000012E000F0D8FE336863BBADF804302DBB012394
S315000012F002221B4801A98DF8054000F021FF30604D
S3150000130028BB184D184C2A78032A10D0236809E008
S315000013100121642001F0F0FB23682A78013B032AAF
S31500001320236004D0002BF3DC012A00D100BE012388
S315000013300E4A2B70226002B070BD40238DF8043037
S31500001340D5E767210A4B0B4A0B4801F0CDFB70210C
S31500001350074B084A084801F0C7FB00BF10040020ED
S31500001360000A00200400002000000020A0860100E2
S31500001370EC600000C86200004C62000030B1012839
S3150000138000D070470021A720FFF7A2BF0146A62084
S31500001390FFF79EBF10B5044660B1012800D010BD0E
S315000013A00021C020FFF794FFBDE810400021A020D7
S315000013B0FFF78EBF0146C820FFF78AFF2146BDE82A
S315000013C01040A120FFF784BF2DE9F0472D4E4023A2
S315000013D034464FF00108A2B02B4D08368DF8043084
S315000013E0C4F1B00738190021C0B2FFF771FF002120
S315000013F00846FFF76DFF00211020FFF769FF002365
S3150000140001AA14F833100133802B02F8011FF8D11A
S3150000141001223C21284600F03DFE01238122284678
S3150000142001A900F08DFE38BBDFF87090DFF870A0E0
S3150000143099F80020032A14D0DAF800300CE00121D4
S31500001440642001F059FBDAF8003099F80020013BDE
S31500001450032ACAF8003004D0002BF0DC012A00D1A0
S3150000146000BE0A4B0134B44289F80080CAF8003045
S31500001470B8D122B0BDE8F087BF21054B054A064822
S3150000148001F032FB38050020000A0020A08601008A
S31500001490EC600000B86200004C620000040000200E
S315000014A00000002000200A4BA3F1080203F580612A
S315000014B043F8080C08338B42FAD10021054B02F29F
S315000014C00C4243F8081C08339A42FAD1FFF77CBF56
S315000014D04005002044050020012310B50C4C01F006
S315000014E0070E04EBC00C03FA0EF3C9081CF801C082
S315000014F0C000DBB22AB143EA0C0C044404F801C074
S3150000150010BD2CEA030C044404F801C010BD00BF52
S31500001510380500202DE9F04F203A89B0082B9DF8B8
S315000015204880D4B24FEA530C00F08A8013F00702C9
S3150000153018BF012202EBD30212FB0CF212F0FF0AD3
S315000015404AD0434A434F02EB041909EB0A02DFF87B
S315000015500CE10392404A04EB440504EBC40402EB9D
S31500001560850A07EB450B0EEB840EA3F108020593E3
S3150000157076464B46D146DA468346CDE906C0049206
S31500001580049A102A28D8DFE802F05E2727274F277B
S3150000159027274A272727272727272A00059A0BF1D7
S315000015A00100082ADDE900312C465FFA80FB03F1D1
S315000015B001030AF1010A06F1010609F1010939D010
S315000015C0079A0698ABEB0205854208BF9346039A35
S315000015D008BF21469342D3D109B0BDE8F08F01F18F
S315000015E00802357802922C46CDE900310D469DF869
S315000015F008700AE0424629465846FFF76DFF691C07
S31500001600CDB2BD424FEA5404C8D0E307F2D4B8FACB
S3150000161088F2294658465209FFF75EFFEFE701F1C7
S3150000162008021D780292DEE701F1080299F80050DF
S315000016300292D8E7039A9342CED09AF80050D2E7A6
S315000016404FF0060A7DE701F108020292F5E700BFB6
S315000016509C730000007E00008C790000406600004C
S315000016602DE9F043154612789946A2F1200383B07E
S315000016705E2B9DF8287015D804460E464FEA590889
S3150000168020464B4631460097FFF744FF15F8012FD9
S31500001690B9F1080FA2F120000CBF063444445E28BD
S315000016A0E4B2EDD903B0BDE8F08300BF2DE9F04FF9
S315000016B083B09DF830709DF83490A7F10804B4FA11
S315000016C084F4640973B383460E4690466400013B76
S315000016D0DFF870A004EB5705DCB22346013CE4B208
S315000016E06BB322460123013AD2B203EB8303FF2AEE
S315000016F04FEA4303F7D1B8FBF3F3AAFB0312D20870
S3150000170002EB8202B3EB42020FD13B463022314656
S315000017105846CDF80090FFF7FDFEAB44FF2C5FFA6C
S315000017208BFBDAD103B0BDE8F08F30323B46314651
S315000017305846CDF80090D2B2FFF7ECFEEDE74346EF
S31500001740DBE700BFCDCCCCCC2DE9F04F994613F0AA
S31500001750070318BF012303EBD9038B4603FB09F1EB
S3150000176087B09DF8408000295FD0374B374C03EB9C
S315000017704213591805913649064601EB422C354964
S3150000178001EBC21102EBC20204EBC20A5246CA4680
S315000017908946BAF1200F53D04AD8BAF1100F4DD06E
S315000017A0BAF1180F41D115780BF108072C46CDE98F
S315000017B0032ACDF804908246E1465D46FFB20293C5
S315000017C00AE0294642463046FFF786FE691CCDB23E
S315000017D0BD424FEA54040ED0E307F2D4B8FA88F2B9
S315000017E0294630465209FFF777FE691CCDB2BD4245
S315000017F04FEA5404F0D150462C46CC46DDE901931D
S315000018000136F6B2DDF810A0351A05995545039A4A
S3150000181003F1010304BFA34606468B4202F101020F
S315000018200CF1010C09F10109B3D107B0BDE8F08F45
S31500001830BAF1400FF9D19CF80050B5E71D78B3E72F
S3150000184099F80050B0E700BFA06500005865000099
S31500001850D8620000D86400002DE9F04F8E4613F0E0
S31500001860070118BF012189B011EBD3069DF84C90F2
S315000018706AD0002483462546A0461046DC460796D5
S3150000188000285DD0012700EB0804A3B20493059558
S3150000189003900694129A08F1010312F808501FFAF1
S315000018A083F82C4B0EF1080A03EBCB06CDE9018E2B
S315000018B07446B0465FFA8AFA4E46E14610E018F8DA
S315000018C000C0D2B24CEA020E2CEA020C002E3ED028
S315000018D008F800E0611CCCB2A2454FEA550515D0C8
S315000018E004F0070215F0010FC4F3C70007FA02F26D
S315000018F0E5D1B6FA86F2214658465209FFF7ECFDC5
S31500001900611CCCB2A2454FEA5505E9D1CC460BF194
S31500001910010B5FFA8BFB039AABEB0C039342DDF8EA
S315000019200480049B08BFE346DDF808E008BFD646FE
S315000019309845B146AED11046069C059D1FFA84F81F
S31500001940079B0135AB429BD109B0BDE8F08F08F883
S3150000195000C0BFE73805002008B50021AE20FFF71C
S31500001960B7FC00210846FFF7B3FC00211020FFF763
S31500001970AFFC00214020FFF7ABFC00218120FFF7E0
S31500001980A7FC0021CF20FFF7A3FC0021A120FFF731
S315000019909FFC0021C820FFF79BFC0021A620FFF733
S315000019A097FC0021A820FFF793FC00213F20FFF7BA
S315000019B08FFC0021D320FFF78BFC00210846FFF7A0
S315000019C087FC0021D520FFF783FC00218020FFF74C
S315000019D07FFC0021D920FFF77BFC0021F120FFF7D7
S315000019E077FC0021DA20FFF773FC00211220FFF7B5
S315000019F06FFC0021DB20FFF76BFC00213020FFF796
S31500001A0067FC00212020FFF763FC00210220FFF77E
S31500001A105FFC00218D20FFF75BFC00211420FFF7FF
S31500001A2057FC00200D4BA3F1080203F5806143F833
S31500001A30080C08338B42FAD10021094B02F20C4202
S31500001A4043F8081C08339A42FAD1FFF7BDFCBDE8FB
S31500001A5008400021AF20FFF73BBC00BF4005002037
S31500001A604405002008B5FEF7C1FC002008BD00BFF4
S31500001A7010B4046AA37803F07B03A3708378046A26
S31500001A8003F00303D21A0B44C0E90332A37843F0F0
S31500001A908003A370837803F00303022B06D0036A46
S31500001AA00A780020DA705DF8044B70470B88026AEA
S31500001AB043F47E43D38100205DF8044B704700BF9A
S31500001AC0F0B5846A85B005460F4694466E46B4B1B5
S31500001AD094E80F0086E80F00EB6920461B78A760A4
S31500001AE0236084F804C0EB6AE3606B6A9847AC6ACB
S31500001AF01CB196E80F0084E80F0005B0F0BD34462F
S31500001B00EAE700BF012203460878824012F0060F7A
S31500001B1005D0CA6952681278120700F1CB810022FB
S31500001B204FF0010C00F580002DE9F04100F58C50D6
S31500001B300002C3E907101A704D6998785D628D69D5
S31500001B406CF30100C3E90A2598704878D44C90429A
S31500001B5014BF65460225987865F30100987091F9DF
S31500001B600B5091F80AE0680905F01F0620300CFAC0
S31500001B7006F644F82060BFF34F8FBFF36F8FC94856
S31500001B8005F1C00650F8267062F3104740F826703B
S31500001B9050F82660C44E4FEA0E1E67195FFA8EFE95
S31500001BA087F800E346F8253091F9055091F804E0EE
S31500001BB06F0905F01F0820370CFA08F844F827804B
S31500001BC0BFF34F8FBFF36F8F05F1C00750F8278023
S31500001BD062F3104840F8278050F827704FEA0E1E2F
S31500001BE067195FFA8EFE87F800E346F8253091F90B
S31500001BF0075091F806E06F0905F01F0820370CFA28
S31500001C0008F844F82780BFF34F8FBFF36F8F05F1B5
S31500001C10C00750F8278062F3104840F8278050F834
S31500001C2027704FEA0E1E67195FFA8EFE87F800E3EB
S31500001C3046F8253091F9095091F808E06F0905F04A
S31500001C401F0820370CFA08F844F82780BFF34F8F97
S31500001C50BFF36F8F05F1C00750F8278062F3104875
S31500001C6040F8278050F827004FEA0E10C0B22C44E7
S31500001C7084F8000346F82530EFF310868CF31088BD
S31500001C804FF000450C788948E540446824EA05048D
S31500001C904460406886F31088186A8270186A027178
S31500001CA0186A4272186A8272186AC272186A428385
S31500001CB040F2192208780CFA00FC1CEA020F02D046
S31500001CC040201A6AD0740625012240F219201C6AA7
S31500001CD025770C78A240024240F0CA80CA7848783C
S31500001CE08C78D200032842EA041200F0D58000283E
S31500001CF00CBFE220F2201C6AD2B222701A6A9071DE
S31500001D00CC69227B082A00F0C380186A520002F0D0
S31500001D100202427300256278A078D201400100F0E9
S31500001D202000D2B20243186A0572207802380128D0
S31500001D30186A40F2A280D2B2C27160681A6A8478C8
S31500001D4054704578147865F301041470C47894745B
S31500001D50D479007804F0A30400F05C002043D0712D
S31500001D600020C3E90300C3E90500DC694D4A94F984
S31500001D700540CD6904F1C00152F8216095F800C014
S31500001D8060F3104642F821600CF0030C52F8211063
S31500001D90BFF35F8F4FF0010E6109890004F01F0445
S31500001DA001F1604101F561410EFA04F4C1F8804188
S31500001DB00C60D96991F90B4004F1C00152F8216019
S31500001DC060F3104642F8216052F82110BFF35F8F8E
S31500001DD06109890004F01F0401F160410EFA04F460
S31500001DE001F56141C1F880410C60D96991F907405C
S31500001DF004F1C00152F8216060F3104642F82160F8
S31500001E0052F82110BFF35F8F6109890004F01F04A7
S31500001E1001F160410EFA04F401F56141C1F8804117
S31500001E200C60D96991F9091001F1C00452F82460D7
S31500001E3060F3104642F8246052F82420BFF35F8F07
S31500001E404A09920001F01F0102F160420EFA01F107
S31500001E5002F56142C2F8801111601A6A4CF0700CEA
S31500001E6082F802C06989124A19815A60BDE8F08178
S31500001E704FF478401A6A908230E7FF254570207843
S31500001E80022808BF42F01002186AD2B2C27167E790
S31500001E900A201A6A50733DE7F22042F040022AE710
S31500001EA000E100E000600040AC0A0020004008406D
S31500001EB05549435303207047EFF30383103B1F4AF2
S31500001EC05BB203F1C00152F8210020F4803042F8E1
S31500001ED0210052F821201A4A52F82300C3691B69CF
S31500001EE083B1036903B17047026A0021937803F056
S31500001EF07F0343F004039370436AC160C3B1802239
S31500001F00FFF7DEBD0369026A002BEED08378C16855
S31500001F1003F00303022B0CD00B78D3708278D0E940
S31500001F20031302F003029B1A1144C0E90313D9E715
S31500001F3070470B8843F47E43D381EFE7006000408F
S31500001F40AC0A002010B582B0EFF30383103B1F4AA2
S31500001F505BB203F1C00152F8210020F4803042F850
S31500001F60210052F821201A4A52F82340A27802F0A2
S31500001F700303022B236A0CBF198A5979A3690CBF84
S31500001F80C1F30801C9B2019143B9636AB3B104222E
S31500001F90204602B0BDE81040FFF792BD02F00302F2
S31500001FA001A9606901F0D5FFD4E90521A37803F002
S31500001FB003031A44C91AC4E9052109B102B010BDC8
S31500001FC0636A002BFAD00122E2E700BF00600040FE
S31500001FD0AC0A002010B5EFF303830E4A103B5CB247
S31500001FE052F82400026A937803F07B039370436AE5
S31500001FF01BB102220021FFF763FD074A04F1C0036B
S3150000200052F8231021F4803142F8231052F823307D
S3150000201010BD00BFAC0A00200060004010B5EFF311
S3150000202003831A4A103B5CB252F82400837803F00B
S315000020300303022B036A0CBF198A597993F804C06B
S315000020400CBFC1F30801C9B21CF0100F0CF0380226
S3150000205006D093F81CC01CF0010F08BF42F04002E6
S3150000206093F804C00CF0C70C83F804C0436A0BB1A4
S31500002070FFF726FD064A04F1C00352F8231021F4A7
S31500002080803142F8231052F8233010BDAC0A0020EC
S31500002090006000400346002059601A72704700BF76
S315000020A090F808C08161BCF1010F80F82E30C26142
S315000020B03AD090F82AC00023012180F82D1080F82C
S315000020C02F3080F8313080F83330026290F82D20BE
S315000020D080F82BC080F82C3043620AB180F83110AA
S315000020E0B42203699A7090F8303023B951220369FB
S315000020F00020DA727047002290F82A3080F83020EB
S31500002100012B0CBF90F8282090F829200369DA707B
S3150000211090F82B2090F82C30013A013380F82B20D0
S3150000212080F82C30002070470021436880F82AC0D0
S315000021305B0043F0010380F8283080F82910BAE7E5
S3150000214090F808C08161BCF1010F80F82E30C261A1
S315000021503AD090F82AC0002380F82D3080F82F302E
S3150000216080F8313080F83330026290F82D2080F804
S315000021702BC080F82C30436212B1012380F8313035
S31500002180B42203699A7090F8303023B9512203695A
S315000021900020DA727047002290F82A3080F830204A
S315000021A0012B0CBF90F8282090F829200369DA70DB
S315000021B090F82B2090F82C30013A013380F82B2030
S315000021C080F82C30002070470021436880F82AC030
S315000021D05B0080F8283080F82910BCE7034600220F
S315000021E0F0B50878196000F5800000F58C50000203
S315000021F0186188685860087B1872C8695863086A4D
S31500002200C3E90E20EFF310864FF0010E8EF310880F
S315000022104FF000450C784948E540446824EA050437
S315000022204460406886F31088F025FA271868446AE7
S31500002230186982701869C5722325A0781E6900F096
S3150000224003003070186987711869667846702078BF
S315000022501E69800040F02000C0B2F07118696679EE
S3150000226006721869E678867420791C69C00040EA0F
S315000022700E00C0B260721869314E85721869314D10
S31500002280427391F80DC091F90F004FEA0C1C2E4CC9
S315000022902F185FFA8CFC87F800C346F8203000F14F
S315000022A0C00C54F82C7062F3104744F82C7054F8A4
S315000022B02C70BFF35F8F4FEA501C4FEA8C0C00F076
S315000022C01F000CF1604C0EFA00F00CF5614CCCF8D6
S315000022D08001CCF80000487B91F9101000010D44F4
S315000022E0C0B285F8000346F8213001F1C00054F869
S315000022F0205062F3104544F8205054F82000BFF3F4
S315000023005F8F01F01F004909890001F160410EFA53
S3150000231000F001F56141C1F8800108600B49C3E98D
S31500002320082283F82D209A6183F82E20DA6183F83B
S315000023302F20D96083F830201046F0BD00400840B9
S31500002340AC0A002000E100E000600040433249533F
S3150000235030B5836B83B004460A466D468BB193E86D
S31500002360030085E80300E16B1A7119601846636B78
S315000023709847A36B1BB195E8030083E8030003B0FD
S3150000238030BD2B46EFE700BF10B4EFF30383103BDD
S315000023904E4A5BB2C03352F8231021F4803142F822
S315000023A0231052F82330EFF30383494A103B5BB204
S315000023B052F823301A69117BC1F3000CC9072CD4DB
S315000023C093F82C1093F82A00884214D093F82D0025
S315000023D008B102294FD093F82810D17093F82B102A
S315000023E093F82C200139013283F82B1083F82C2026
S315000023F05DF8044B7047196A002933D093F82D0015
S3150000240000283ED1586A9C690139245C0130C3E931
S315000024100810D4705DF8044B704793F82D10B9B1CD
S3150000242093F83110A1B9507999695A6A885493F88A
S315000024302E00D3E9081201390132C3E90812002837
S315000024403AD0522001221969C87283F83020CFE7AA
S315000024500024012054211C6283F82F00D1725DF8FC
S31500002460044B704793F82E1041B152200121D072CF
S3150000247083F83010BCE75223D372B9E75423D372E2
S31500002480B6E793F8310078B9507999695A6A885451
S31500002490D3E9081201390132C3E9081201291A6980
S315000024A00ED0FF24D470B5E7012983F831C007D0D8
S315000024B082F80AC0196AF1E754221B69DA7297E7B3
S315000024C02021FF2491721A69D470A3E700600040AE
S315000024D0AC0A002010B5EFF30383344A103B5BB21D
S315000024E052F823000269D37A23F00803D37290F8D6
S315000024F02F30002B3DD190F82A2003F0FF0190F8F1
S315000025002C309A421CD1036A5BB990F82D1090F8D2
S315000025103020C1F103010469C9B2C2B3E372FFF707
S3150000252017FFEFF30383103B214A5BB2C03352F827
S31500002530231021F4803142F8231052F8233010BDC5
S31500002540F3B190F82D4004F0FF0244B3022B28D0DB
S315000025500B4600210269D1720269D37090F82B20D4
S3150000256090F82C30013A013380F82B2080F82C307B
S31500002570D7E7F02203690121DA72FFF7E9FED0E717
S31500002580012A0CBF90F8283090F82930E1E7F023B3
S31500002590E3720269937803F0CF039370BFE71346A3
S315000025A0D7E790F8293043F00103D2E7AC0A0020C0
S315000025B00060004010B40B0A064C1B0153FA81F16F
S315000025C054F821300020C3F340035DF8044B137028
S315000025D0704700BF000808400120CBB2984080B287
S315000025E002B900040B0A5B0103F1804303F50023E3
S315000025F098600020704700BF2DE9F84F0388DBB1D3
S3150000260082464FF0000B4FF00109DFF8D08000241E
S31500002610304D4FEACB07DAF8043035F8022BD919DA
S31500002620898891420AD00134032CF4D1BAF80030DB
S315000026300BF1010B5B45EAD8BDE8F88FDB5909FAC7
S3150000264004F603F0B853B3F1807FF6B298F8BB34C2
S3150000265013D0334231D1204A04F1200612F8163045
S31500002660DB09E0D012F81630012123F08003C820E0
S3150000267002F8163000F040FAD5E7334211D0164A78
S3150000268004F1200112F81130DB09CCD112F8113017
S31500002690C82043F0800302F81130012100F02CFA23
S315000026A0C1E7012000F0ECFA98F8BB34012033436F
S315000026B088F8BB3400F0B4FAE1E7012000F0E0FA54
S315000026C098F8BB34012023EA060388F8BB3400F0EF
S315000026D0A7FAC0E76C8100000030084000E0014026
S315000026E0F8B50646FFF788FFEFF31082012383F360
S315000026F01088234F3B681BB92249CB704023CB700F
S315000027003B6801333B6082F31088338823B3002192
S315000027101D4D08E01B01134445F823403288013162
S315000027208BB29A4218D9736853F8314003EBC10251
S315000027309288E0034FEA1223D2B2EBD502EB0310E4
S3150000274055F820E024F4803C2EF4803E45F820E045
S315000027501B0145F820C0DEE7EFF31082012383F367
S3150000276010883B6813B13B68013B3B603B681BB973
S3150000277080200449CB70C87082F31088F8BD00BF72
S31500002780A80A0020000D08400008084008B5034BC1
S3150000279003600846FFF7A4FF002008BD54524F50BF
S315000027A070B40025034691F902201A4C027192007A
S315000027B002F1804202F5C042D2F80063C2F800532B
S315000027C08A688260CA68C2600878587125540D7993
S315000027D0CA7842EA05124D7942EAC512D2B22254AB
S315000027E093F90420C03244F8226093F904000028CB
S315000027F00BDB4A78084C120100F16041D2B201F5B8
S31500002800614181F8002344F82030044A00201A6010
S3150000281070BC704700600040AC0A00205543490078
S3150000282090F904200E4B02F1C00153F8210020F468
S31500002830803043F8210053F82130BFF35F8F012128
S3150000284053099B0002F01F0203F1604303F5614345
S3150000285001FA02F2C3F880211A600020704700BF17
S315000028600060004010B582B0EFF30384184B103CB3
S3150000287064B253F82410174A4879135C03F0030333
S31500002880032B12D0C03452F8243023F4803342F89C
S31500002890243052F824308B682BB14879CA68CDE9C8
S315000028A000206846984702B010BD8B6823B1CA68FD
S315000028B0CDE9002068469847064BC03453F82420DB
S315000028C022F4803243F8242053F8243002B010BD9D
S315000028D0AC0A002000600040064B074993F826002A
S315000028E01A6A51F82030C2F302620449D3400B60E1
S315000028F0704700BF00E00140A0030020E40A00206A
S31500002900704700BFF8B54AF2035001233F49404AD9
S31500002910A1F8FE03A2F80431B2F804319BB2002BF1
S31500002920FAD14FF0010C4FF4004120250920394C13
S31500002930394F3A4E67603A4F344BE760A2F800C110
S31500002940384A2660A1602161626193F82620196ADF
S3150000295054F82220344EC1F30261CA40326083F833
S31500002960135483F8A20093F880241AB993F881349B
S31500002970990746D0254D95F88034002B36D0002295
S31500002980224B83F8812483F8802400231F4981F891
S31500002990323091F83C301A07FBD543F6013000235C
S315000029A01A4A088581F82A3092F83C309B06FBD5F6
S315000029B0012005231649F12581F81C011B491162E6
S315000029C082F8263092F82630106A54F82310C0F3A5
S315000029D00260C14031600024F0204FF42541144BC1
S315000029E01D731C721873A2F8FE13F8BD0121C820CE
S315000029F085F8801400F080F895F88034012BFBD11F
S31500002A00BDE74FF47A70FFF77BFFBEE700E00140B9
S31500002A1000C00140A003002000127A00002D310101
S31500002A20001BB7000095BA0AE40A00202112022111
S31500002A300020004038B50025284C0121C82084F824
S31500002A40285000F059F884F8245094F82430002BCC
S31500002A50FBD194F82430214943F0020384F8243052
S31500002A6091F82430C3F340009B07F9D41B4A81F840
S31500002A70220092F8223003F0FF00002BF9D192F8E1
S31500002A804030164960F3C71382F8403091F8403061
S31500002A90DB09FBD191F84200104A63F3C71081F8B5
S31500002AA0420092F84230DB09FBD192F844000B4910
S31500002AB063F3C71082F8440091F84430C3F3C0149E
S31500002AC0DB09F9D1012000F0DBF8054B012083F882
S31500002AD0BB44BDE8384000F0A3B800BF0030084052
S31500002AE000E00140704700BF00BEFEE7A0F1010014
S31500002AF00028FBD1704700BF4FF47A7310B400FB77
S31500002B0001F1114C114A2468B2FBF4F2A1FB030453
S31500002B103CB9B0FBF2F0800860B15DF8044BFFF7FA
S31500002B20E5BF9200B1FBF2F1A1FB03132BB90846F6
S31500002B300028F2D15DF8044B70474FF0FF3C5DF87A
S31500002B40044B6046FFF7D2BFE40A002000CA9A3B56
S31500002B5070B500240B4B0C4EB3F82021B3F840514E
S31500002B60ADB2154025FA04F3DB0704D556F8243038
S31500002B70E0B203B1984701340E2CF3D1014BA3F810
S31500002B80305170BD00600040700A002030B503204F
S31500002B9085B000F075F800256FF0FF014FF0FF30AB
S31500002BA01B4B1C4C996422462B464FF0010ECDE977
S31500002BB00100039032F8021B0EFA03FC013311B137
S31500002BC0012520EA0C000B2BF4D1F5B10190124B34
S31500002BD00F4A1067C3F88002029903205167C3F8B1
S31500002BE0841203999167C3F8881200F019F800233C
S31500002BF00A4834F8022B03F1C00101330AB140F848
S31500002C0021200B2BF5D105B030BD4FF0FF30DEE7AC
S31500002C10008000405481000000E100E000600040B8
S31500002C20EFF31081012383F31088124B33F8102041
S31500002C3092B22AB133F81020013A92B223F810204A
S31500002C4033F810309BB293B910B40B4A0B4CB2F860
S31500002C50FE3334F810009BB243F4254323EA000305
S31500002C60A2F8FE3381F310885DF8044B704781F3B8
S31500002C7010887047D80A002000E0014074810000E7
S31500002C8030B4EFF31081012383F310880E4A32F833
S31500002C9010309BB26BB90D4C0D4DB4F8FE3335F8C0
S31500002CA010C09BB243EA0C0343F425439BB2A4F83D
S31500002CB0FE3332F8103001339BB222F8103081F324
S31500002CC0108830BC704700BFD80A002000E00140E1
S31500002CD07481000008B50C4A0346106840B10333FE
S31500002CE00A4923F0030303448B4205D8136008BD49
S31500002CF0074908461160F2E701F014F90C22034671
S31500002D001A604FF0FF3008BDE00A0020382C002082
S31500002D10380C002000BE704708B500F003F8FEF737
S31500002D20A1FEFEE74FF4700270B52B4B2B4CC3F897
S31500002D30882000209C60FDF7DBFEFFF7E3FD012005
S31500002D40FDF7D6FE2368A3F5806383F30A8824483B
S31500002D50244A0021121A01F093F82348234A2449F1
S31500002D60121A01F0F6F8234D234B5B1B002B07DDEF
S31500002D7000249E1055F8043B01349847A642F9DC1E
S31500002D80FFF7AAFDFFF756FE0320FFF779FF4FF680
S31500002D90FF720024194B03201A825A829A82DA8221
S31500002DA01A835A839A83DA83FFF73AFF0320FFF7E1
S31500002DB067FF134B03205C609C60DC601C61FFF7BF
S31500002DC02FFF0220FDF794FEFFF7E0FE2046BDE848
S31500002DD07040FFF787BE00BF00ED00E00000000076
S31500002DE0C0030020340C002000000020A0030020B7
S31500002DF0E0840000980300209C030020000D08409A
S31500002E0000000E4081F0004102E000BF83F0004365
S31500002E1030B54FEA41044FEA430594EA050F08BF6F
S31500002E2090EA020F1FBF54EA000C55EA020C7FEA33
S31500002E30645C7FEA655C00F0E2804FEA5454D4EBB0
S31500002E405555B8BF6D420CDD2C4480EA020281EA7A
S31500002E50030382EA000083EA010180EA020281EAB2
S31500002E600303362D88BF30BD11F0004F4FEA013104
S31500002E704FF4801C4CEA113102D0404261EB410113
S31500002E8013F0004F4FEA03334CEA133302D0524299
S31500002E9063EB430394EA050F00F0A780A4F1010455
S31500002EA0D5F1200E0DDB02FA0EFC22FA05F280188F
S31500002EB041F1000103FA0EF2801843FA05F3594175
S31500002EC00EE0A5F120050EF1200E012A03FA0EFCF4
S31500002ED028BF4CF0020C43FA05F3C01851EBE3711E
S31500002EE001F0004507D54FF0000EDCF1000C7EEB3B
S31500002EF000006EEB0101B1F5801F1BD3B1F5001F79
S31500002F000CD349085FEA30004FEA3C0C04F1010497
S31500002F104FEA445212F5800F80F09A80BCF1004FC0
S31500002F2008BF5FEA500C50F1000041EB045141EA42
S31500002F30050130BD5FEA4C0C404141EB0101013C0B
S31500002F4028BFB1F5801FE9D291F0000F04BF0146FA
S31500002F500020B1FA81F308BF2033A3F10B03B3F1CC
S31500002F6020020CDA0C3208DD02F1140CC2F10C025C
S31500002F7001FA0CF021FA02F10CE002F11402D8BFBA
S31500002F80C2F1200C01FA02F120FA0CFCDCBF41EA86
S31500002F900C019040E41AA2BF01EB0451294330BD55
S31500002FA06FEA04041F3C1CDA0C340EDC04F1140432
S31500002FB0C4F1200220FA04F001FA02F340EA030009
S31500002FC021FA04F345EA030130BDC4F10C04C4F14F
S31500002FD0200220FA02F001FA04F340EA030029462F
S31500002FE030BD21FA04F0294630BD94F0000F83F479
S31500002FF0801306BF81F480110134013D4EE77FEA5C
S31500003000645C18BF7FEA655C29D094EA050F08BFA7
S3150000301090EA020F05D054EA000C04BF1946104688
S3150000302030BD91EA030F1EBF0021002030BD5FEACC
S31500003030545C05D14000494128BF41F0004130BDF4
S3150000304014F580043CBF01F5801130BD01F0004548
S3150000305045F0FE4141F470014FF0000030BD7FEABB
S31500003060645C1ABF194610467FEA655C1CBF0B46B6
S31500003070024650EA013406BF52EA033591EA030FCD
S3150000308041F4002130BD00BF90F0000F04BF0021C5
S31500003090704730B54FF4806404F132044FF00005F8
S315000030A04FF0000150E700BF90F0000F04BF002171
S315000030B0704730B54FF4806404F1320410F00045D7
S315000030C048BF40424FF000013EE700BF42004FEAD2
S315000030D0E2014FEA31014FEA02701FBF12F07F434F
S315000030E093F07F4F81F06051704732F07F4208BF06
S315000030F0704793F07F4F04BF41F40021704730B50D
S315000031004FF4607401F0004521F000411CE700BF58
S3150000311050EA010208BF704730B54FF000050AE0DB
S3150000312050EA010208BF704730B511F0004502D5DC
S31500003130404261EB41014FF4806404F132045FEADE
S31500003140915C3FF4D8AE4FF003025FEADC0C18BF87
S3150000315003325FEADC0C18BF033202EBDC02C2F179
S31500003160200300FA03FC20FA02F001FA03FE40EA0B
S315000031700E0021FA02F11444BDE600BF4A0011D246
S3150000318012F5001211D20DD56FF47873B3EB6252BB
S315000031900ED44FEAC12343F0004343EA505323FAC7
S315000031A002F070474FF00000704750EA013002D13C
S315000031B04FF0FF3070474FF0000070472DE9FF4792
S315000031C057EC106B002F0C4619463B46B4BF07F16F
S315000031D0004300239146BFBF32461F462D231646A5
S315000031E0DDF830A00B700D9B23F02008B8F1460FD8
S315000031F005D0B8F1450F00D10134022100E00321CA
S3150000320003AB2246019302AB47EC106B0093534687
S3150000321000F042FFB8F1470F054619D119F0010F2A
S315000032200ED000EB0409002200233046394602F096
S3150000323091FE08B1CDF80C903022039B4B451ED36E
S31500003240039B28460E9A5B1B136004B0BDE8F0870B
S31500003250B8F1460F00EB0409E5D10378302B0AD10B
S31500003260002200233046394602F074FE18B9C4F134
S315000032700104CAF80040DAF800309944D3E7591C33
S3150000328003911A70D9E7F7B500290270BABF49420F
S315000032902D232B230929437028DD0DF107030A2767
S315000032A01D461A46013BB1FBF7F607FB16143034F0
S315000032B002F8014C0C463146632CF2DC3031941E88
S315000032C003F8011C411C2346AB420AD30DF1090346
S315000032D09B1AAC4288BF002302330344181A03B07A
S315000032E0F0BD13F8016B01F8016FEDE730233031C3
S315000032F08370031DC170F1E72DE9F04F8DB00C46C8
S3150000330016461F46DDF85880054600F0C1FD0368E5
S315000033101846049300F02AFE002305900A93D8F875
S31500003320003094F818A00733D4F800B023F0070350
S3150000333003F10802C8F800204FF0FF32D3E90089F4
S3150000334029F00043CDF8188007939D4BDDE906016F
S31500003350C4E9128902F030FE70BB4FF0FF32984B81
S31500003360DDE9060102F00AFE30BB002200234046DA
S31500003370494602F0F9FD10B12D2384F84330914AF5
S31500003380914BBAF1470F8CBF9046984603234FF0F6
S31500003390000923612BF00403236033460BAA214660
S315000033A02846009700F0D2F9013040F08D804FF0AA
S315000033B0FF300DB0BDE8F08F42464B4640464946C9
S315000033C002F0FAFD40B14B46804A002BBCBF2D23CC
S315000033D084F843307E4BD4E70AF0DF026368069236
S315000033E05A1C3BD1062363604BF4806200232846B7
S315000033F0226003930AABCDE901A309AB49EC108B1C
S3150000340000930DF123036168FFF7D8FE069B804603
S315000034100999472B29D1C81C02DB6368994241DD13
S31500003420AAF1020A5FFA8AFA0139524604F15000FB
S315000034300991FFF728FF0A9A81461318012A23618A
S3150000344002DC2268D20701D5013323619DF82330BF
S31500003450002BA2D02D2384F843309EE7069A472AF4
S31500003460C2D1002BC0D10123BDE7BAF1650FDBD96C
S31500003470BAF1660F18D1002963680BDD216113B913
S315000034802268D00702D501330B4423614FF00009AF
S31500003490A165DBE713B92268D20701D50233F4E749
S315000034A00123F2E74FF0670A0A9B994205DB23687E
S315000034B02161D807EAD54B1CE7E70029D4BFC1F143
S315000034C0020201221344E0E723685A0507D4236960
S315000034D0424631462846B84701302BD167E7BAF154
S315000034E0650F40F2DD8000220023D4E9120102F0CC
S315000034F031FD002833D00123364A31462846B847E5
S3150000350001303FF454AFDDE90938434502DB236857
S31500003510D8070FD531462846DDE90423B8470130E0
S315000035203FF445AF4FF0000908F1FF3804F11A0ADD
S31500003530C84509DC23689B0700F10381E0680B9B03
S315000035409842B8BF184634E701235246314628460A
S31500003550B84701303FF42BAF09F10109E8E7099BB1
S31500003560002B39DC01231B4A31462846B847013077
S315000035703FF41DAFDDE9093959EA030302D1236897
S31500003580D907D7D531462846DDE90423B8470130A7
S315000035903FF40DAF4FF0000A04F11A0B099B5B4292
S315000035A0534501DC4B4693E701235A4631462846EC
S315000035B0B84701303FF4FBAE0AF1010AEEE700BF5F
S315000035C0FFFFEF7F808100007C8100008881000082
S315000035D0848100008C810000A36DDDF828A053458E
S315000035E0A8BF5346002B994636DC4FF0000B29EA5C
S315000035F0E97904F11A02A36D0693A3EB09035B456F
S3150000360031DC099B9A453ADC2368DA0737D4099BF3
S31500003610AAEB0309069BAAEB03039945A8BF9946A3
S31500003620B9F1000F33DC4FF0000829EAE97904F11B
S315000036301A0B099BAAEB0303A3EB090343457FF788
S3150000364079AF01235A4631462846B84701303FF440
S31500003650AEAE08F10108ECE7424631462846B847C7
S315000036600130C2D1A3E60123314628460692B84767
S3150000367001303FF49CAE0BF1010B069ABBE7DDE986
S31500003680042331462846B8470130C0D18FE6069A52
S315000036904B46314628464244B8470130C3D186E6F8
S315000036A0DDF828A0BAF1010F01DCDB0736D50123CE
S315000036B0424631462846B84701303FF478AE314697
S315000036C02846DDE90423B84701303FF470AE0022F6
S315000036D000230AF1FF3AD4E9120102F03BFCC0B91B
S315000036E0534608F1010231462846B84701300CD14D
S315000036F05DE601235A4631462846B84701303FF475
S3150000370056AE08F10108D045F3DB4B4604F15002F2
S31500003710DFE64FF0000804F11A0BF4E701234246F6
S31500003720E1E701234A4631462846B84701303FF4CF
S315000037303EAE08F10108E3680B995B1A4345F0DCDD
S31500003740FCE64FF0000804F11909F4E72DE9F0470B
S31500003750164698468A6807460B690C46DDF820909F
S315000037609342B8BF1346336091F843200AB1013340
S3150000377033602368990642BF336802333360256895
S3150000378015F0060506D104F1190AE36832689B1A9A
S31500003790AB422BDC94F843302268003B18BF012370
S315000037A0920630D404F1430241463846C8470130F8
S315000037B023D023681A3454F80A2C03F00603042B8A
S315000037C00ABF54F80E5C002533684FF0000608BFA8
S315000037D0ED1A54F8123C08BF25EAE5759342C4BFBA
S315000037E09B1AED18B5421AD1002008E00123524673
S315000037F041463846C847013003D14FF0FF30BDE897
S31500003800F0870135C1E7E1185A1C30200233224403
S3150000381081F8430094F8451082F84310C2E701236B
S31500003820224641463846C8470130E6D00136D9E738
S315000038302DE9FF470F7E914680460C46782F9A4623
S315000038400C9E01F1430207D8622F0AD8002F00F020
S31500003850D180582F00F0B88004F1420684F84270F7
S315000038603AE0A7F16303152BF6D801A151F823F02E
S31500003870C9380000DD38000059380000593800000A
S315000038805938000059380000DD380000593800006A
S31500003890593800005938000059380000DB3900005B
S315000038A007390000953900005938000059380000E2
S315000038B0FD3900005938000007390000593800006A
S315000038C0593800009D39000033681A1D1B683260A4
S315000038D004F1420684F8423001239CE033682068F4
S315000038E0191D3160060601D51D6803E04506FBD5A6
S315000038F0B3F90050002D03DA2D236D4284F84330CE
S3150000390058480A2311E021683368080653F8045B17
S3150000391002D4490648BFADB26F2F3360514814BF79
S315000039200A230823002184F843106668002EA66047
S3150000393005DB21682E4321F0040121604BD0164699
S31500003940B5FBF3F103FB1157C75D06F8017D2F4662
S315000039500D46BB42F4D9082B0BD12368DF0708D5E7
S31500003960236961689942DEBF302306F8013C06F1FF
S31500003970FF36921B22614B4603AA21464046CDF8EC
S3150000398000A0FFF7E3FE01304AD14FF0FF3004B04C
S31500003990BDE8F087236843F0200323607827324888
S315000039A0236884F845701F06316851F8045B02D419
S315000039B05F0648BFADB23160D90744BF43F020036C
S315000039C023601DB11023ADE72648E9E7236823F0FD
S315000039D020032360F6E71646BDE733682568181D01
S315000039E0616930602E061B6801D5196002E0680621
S315000039F0FBD51980002316462361BCE733680021F6
S31500003A001A1D32601E686268304600F094FA08B1EA
S31500003A10801B606063682361002384F84330AAE753
S31500003A202369324649464046D0470130ADD0236827
S31500003A309B0713D4E068039B9842B8BF1846A6E7D5
S31500003A400123324649464046D04701309DD00135D4
S31500003A50E36803995B1AAB42F2DCEBE7002504F15D
S31500003A601906F5E78E8100009F810000002310B53E
S31500003A7004468360818119464366C28108228361B8
S31500003A80C0E90033C0E904335C3000F0F9F90D4BAE
S31500003A90246263620C4BA3620C4BE3620C4B236300
S31500003AA00C4B9C4206D003F16802944202D0D033FC
S31500003AB09C4205D104F15800BDE8104000F038BA28
S31500003AC010BD00BFD13C0000F33C00002B3D0000C0
S31500003AD04F3D0000E80A0020024A0349034800F06F
S31500003AE069B800BFD0010020A5580000E001002001
S31500003AF041680C4B994210B5044601D001F0D2FE44
S31500003B00A168094B994202D0204601F0CBFEE1683C
S31500003B10064B994204D02046BDE8104001F0C2BED3
S31500003B2010BD00BFE80A0020500B0020B80B002093
S31500003B3010B50B4B04210B4C0B4A20461A60002291
S31500003B40FFF794FF04F1680001220921FFF78EFFB9
S31500003B5004F1D00002221221BDE81040FFF786BF13
S31500003B60200C0020E80A0020D93A0000014800F0A5
S31500003B70E0B900BF290C0020014800F0DBB900BF06
S31500003B80290C002010B50446FFF7F0FF236A1BB18D
S31500003B90BDE81040FFF7F0BF044B2362044B1B68DF
S31500003BA0002BF5D1FFF7C4FFF2E700BFF13A0000A2
S31500003BB0200C00202DE9F8430746884614460026C7
S31500003BC0D4E90195B9F1010905D52468002CF7D18E
S31500003BD03046BDE8F883AB89012B07D9B5F90E301D
S31500003BE0013303D029463846C04706436835E9E71E
S31500003BF00FB407B5064904AB086853F8042B81686F
S31500003C00019301F0B3FC03B05DF804EB04B0704718
S31500003C10DC010020036A70B505460E4684680BB9C0
S31500003C20FFF7B0FF636EDB0705D4A389980502D4BE
S31500003C30A06D00F07EF9A389190702D52369002B30
S31500003C4035D12146284600F0C5F880B34FF0FF3540
S31500003C50636EDA0705D4A3899B0502D4A06D00F034
S31500003C6069F9284670BD002B04DAA2699A4217DC6E
S31500003C700A2915D023685A1C22601970A36816F801
S31500003C80011F013BA3600029EDD1002B11DA22466A
S31500003C900A21284600F05FF80130D7D00A25D7E779
S31500003CA02246284600F057F80130E7D1CEE7013E1C
S31500003CB0E4E723685A1C22600A221A70EEE7FFFF27
S31500003CC0024B01461868FFF7A5BF00BFDC010020C4
S31500003CD010B50C46B1F90E1000F000F90028ABBF84
S31500003CE0636DA3891B1823F48053ACBF6365A3815E
S31500003CF010BD2DE9F0411F468B8905460C46DB05B4
S31500003D00164605D502230022B1F90E1000F0D4F8AC
S31500003D10A3893246B4F90E10284623F48053A381B2
S31500003D203B46BDE8F04100F0EBB810B50C46B1F9E2
S31500003D300E1000F0C1F8431CA38915BF606523F47B
S31500003D40805343F48053A38118BFA38110BDB1F9FA
S31500003D500E1000F0A1B8F8B50E461446054618B187
S31500003D60036A0BB9FFF70EFFA369A360A3891A07BD
S31500003D7001D5236943B92146284600F02BF818B12E
S31500003D804FF0FF373846F8BD2368F6B2226937464A
S31500003D90981A6369834205DC2146284601F082FDB4
S31500003DA00028EDD1A368013BA36023685A1C22605A
S31500003DB01E70431C62699A4204D0A389DB07E1D5D1
S31500003DC00A2EDFD12146284601F06CFD0028D9D005
S31500003DD0D6E7FFFF38B5294B05460C46186818B1DB
S31500003DE0036A0BB9FFF7CEFEB4F90C30190722D4DB
S31500003DF0DA0607D409222A6043F040034FF0FF3069
S31500003E00A38133E0580712D5616B41B104F1440335
S31500003E10994202D0284600F0FDFE00236363A38981
S31500003E2023F02403A3810023636023692360A3890D
S31500003E3043F00803A38123694BB9A38903F42073D4
S31500003E40B3F5007F03D02146284601F078FDB4F98A
S31500003E500C3013F001020AD00022A26062695242BD
S31500003E60A261226942B913F08000C5D138BD990715
S31500003E7058BF6269A260F4E70020F7E7DC01002082
S31500003E8002440346934200D1704703F8011BF9E749
S31500003E90004870471C03002038B50023054D044632
S31500003EA008462B6002F0C6F8431C02D12B6803B10A
S31500003EB0236038BD240C002038B50446064D08465C
S31500003EC0114600222A601A4602F0CCF8431C02D1A1
S31500003ED02B6803B1236038BD240C002038B5044696
S31500003EE0064D0846114600222A601A4602F0C2F81C
S31500003EF0431C02D12B6803B1236038BD240C00207B
S31500003F0038B50446064D0846114600222A601A4670
S31500003F10FCF732FA431C02D12B6803B1236038BD8B
S31500003F20240C0020014B1868704700BFDC010020FC
S31500003F30704770477047C9B20346024410B59342B2
S31500003F40184601D1002003E0047801338C42F6D1F3
S31500003F5010BD0A44431E914200D1704710B511F8B6
S31500003F60014B914203F8014FF9D110BD034613F8F6
S31500003F70012B002AFBD1181A013870472DE9F74F9B
S31500003F80036907460C69A342C0F28380013C00F135
S31500003F90140501F11408A30055F8242008EB840940
S31500003FA0009305EB8403019358F8243001339A42B9
S31500003FB0B2FBF3F631D34FF0000AC446AE46D34601
S31500003FC05CF8043B98B2E1454FEA134306FB00A0B8
S31500003FD04FEA104280B206FB0323DEF8002092B2BD
S31500003FE04FEA134AA2EB00029BB2DEF800005A44E5
S31500003FF0C3EB224392B203EB104342EA03424FEA79
S31500004000234B4EF8042BDBD2009BEB582BB9019BBC
S31500004010043B9D421A4630D33C61384601F070F9A4
S31500004020002826DB2946002058F8042BD1F800C0CA
S315000040301FFA82FEC1451FFA8CF34FEA1242A3EB28
S315000040400E030344C2EB23429BB202EB1C4243EA3B
S3150000405002434FEA224041F8043BE5D255F82420BA
S3150000406005EB840322B9043B9D421A460BD33C61FF
S315000040700136304603B0BDE8F08F1268043B002AD3
S31500004080CAD1013CC5E71268043B002AEFD1013CC6
S31500004090EAE70020EEE7FFFF2DE9F04FC76999B088
S315000040A08346229E09910E92139355EC104B8DED8B
S315000040B0040B7FB9102000F0F7FD0246CBF81C0078
S315000040C020B9A74BEF21A748FEF70EFDC0E90177FF
S315000040D00760C760DBF81C30196859B15A680123BC
S315000040E0584693404A608B6000F0D4FEDBF81C30E3
S315000040F000221A602B1EB7BF23F0004300230122C3
S315000041000593A8BF3360059F974BB8BF3260BB438A
S3150000411012D142F20F73139A1360C7F313032343AA
S3150000412000F04685239BDFF854A2002B00F048855B
S315000041300AF1030300F042BD9DED047B002200233B
S3150000414051EC170B8DED0C7B01F004FF804658B146
S315000041500123139A1360239B13B1844B239A136094
S31500004160DFF81CA200F02CBDC7F30A5616AA17A941
S3150000417058469DED0C0B01F077F98146002E75D05F
S315000041800D9BA6F2FF36CDF85080C3F3130343F020
S315000041907F53DDE90C0143F4401319460022744BAA
S315000041A0FEF734FE68A3D3E9002301F06BFC68A395
S315000041B0D3E90023FEF72CFE04460D463046FEF7F3
S315000041C073FF65A3D3E9002301F05CFC02460B46AE
S315000041D020462946FEF71CFE04460D4601F002FF66
S315000041E00022074600232046294601F0BDFE40B1C5
S315000041F03846FEF759FF22462B4601F0ABFE00B9C2
S31500004200013F162F51D85B4B03EBC703DDE90C01C9
S31500004210D3E9002301F0A8FE002848D0013F00237F
S315000042201293169B9B1B5A1E46BFC3F1010800231F
S315000042304FF00008089248BF0893002F39DB089B0F
S315000042400F973B44089300230A93099B092B61D8D7
S31500004250052BC5BF043B002401240993099B023B9F
S31500004260032B63D8DFE803F05254372CDDE91663DD
S315000042701E4406F23243202BC9BFC3F14003C3F1EB
S3150000428020039F4006F21243D8BF04FA03F006F15A
S31500004290FF36C4BF24FA03F347EA0300FEF7F4FE31
S315000042A00122A1F1F873149277E70123B8E712907F
S315000042B0B7E77B42A8EB07080A9300230F93C4E7EE
S315000042C001230B930E9BFB1800930133012B0393E1
S315000042D0B8BF012306E001230B930E9B002B28DDBC
S315000042E000930393DBF81C000021042202F114055D
S315000042F09D4223D94160584600F08CFD8246002835
S3150000430040D11D4B024640F2AF11DCE60023E3E745
S315000043100023D6E7012400230B9409934FF0FF33C3
S3150000432000220093039312230E92DBE701230B93E3
S31500004330F4E701231A4600930393F5E7013152008F
S31500004340D4E700BFAFF3008061436F63A787D23F16
S31500004350B3C8608B288AC63FFB799F501344D33F6E
S31500004360BD810000D48100000000F07F8D81000037
S315000043700000F83FE88200002D820000B9810000AD
S315000043808C810000DBF81C301860039B0E2B00F2BA
S31500004390A180002C00F09E80002F33DD07F00F0275
S315000043A09B4BF8054FEA271403EBC20393ED007B02
S315000043B08DED067B16D5974B04F00F040326D3E943
S315000043C00823DDE90C0101F087FCCDE90401914DDC
S315000043D054B9DDE90623DDE9040101F07DFCCDE9F0
S315000043E0040128E00226F2E7E10708D50136DDE9F7
S315000043F00601D5E9002301F045FBCDE9060164106D
S315000044000835E5E700F0AF807C42814B814D0226FE
S3150000441004F00F02241103EBC203DDE90C01D3E91A
S31500004420002301F02FFB0023CDE90401002C40F00E
S315000044308F80002BD3D1129BDDE90445002B00F0C1
S3150000444094800022744B2046294601F08DFD0028F9
S3150000445000F08B80039B002B00F08780009B002BD5
S3150000446034DD7B1E204600222946069301366B4B1F
S3150000447001F008FB009CCDE904013046FEF714FE6E
S31500004480DDE9042301F0FEFA0022654BFEF7C0FCCD
S315000044900546A1F15076002C6AD10022614BDDE978
S315000044A00401FEF7B3FC02460B46CDE904232A4677
S315000044B0334601F077FD002840F087822A4606F150
S315000044C00043DDE9040101F04FFD38BBDDE90C34A2
S315000044D0CDE90434179B002BC0F258810E2F00F350
S315000044E055814B4B03EBC70393ED007B0E9B002BD3
S315000044F08DED007B80F2E580039B002B00F3E180CD
S315000045000CD10022474B51EC170B01F0BBFADDE949
S31500004510042301F03DFD002800F0558200242546C5
S315000045200E9B5646DB43069300272146584600F06D
S31500004530B1FC002D00F0BD802FB1AF4203D039464B
S31500004540584600F0A7FC2946584600F0A3FCB0E008
S31500004550E20705D50136D5E9002301F093FA0123D8
S315000045606410083562E7022665E7039C069784E730
S31500004570274B0B9903EBC403544453E90223002948
S3150000458054D00020284901F0A7FB334656462A4658
S31500004590FEF73CFCCDE91001DDE9040101F022FD46
S315000045A00546FEF781FD02460B463035DDE904017E
S315000045B0FEF72CFC02460B4606F8015BCDE9042308
S315000045C0DDE9102301F0D0FC002872D10020124949
S315000045D0DDE90423FEF71AFCDDE9102301F0C4FC33
S315000045E0002840F0B480A6423FF470AF00220B4B87
S315000045F0DDE9100101F046FA0022084BCDE9100171
S31500004600DDE9040101F03EFACDE90401C4E700BF8B
S31500004610E8820000C08200000000F03F0000244055
S3150000462000001C40000014400000E03F31465646A2
S31500004630284601F027FA1594CDE91001DDE90401B9
S3150000464001F0D0FC0546FEF72FFD024630350B463D
S31500004650DDE90401FEF7DAFB06F8015B02460B46CC
S31500004660A642CDE904234FF0000224D1AB4BDDE98D
S315000046701001FEF7CDFB02460B46DDE9040101F011
S3150000468091FC002863D10020A449DDE91023FEF740
S31500004690BDFB02460B46DDE9040101F065FC00287E
S315000046A03FF414AF159E731E159316F8013C302B7C
S315000046B0F8D0069F3BE09A4B01F0E4F9CDE90401FE
S315000046C0BCE7DDE90445564620462946DDE90023D8
S315000046D001F002FB01F086FC8046FEF7E5FCDDE911
S315000046E0002301F0CFF90246204608F130040B46BC
S315000046F02946FEF78BFB039D06F8014BA6EB0A0441
S3150000470002460B46A54234D1FEF782FB04460D460F
S31500004710DDE9002301F046FCC0B920462946DDE963
S31500004720002301F017FC10B118F0010F0ED1494615
S31500004730584600F0AFFB002301373370139B1F6010
S31500004740239B002B00F03C821E6039E2069733461D
S315000047501E4613F8012D392A07D19A45F8D1069A33
S315000047600132069230228AF800201A7801321A7035
S315000047709FE700226A4B01F085F9002200230446D8
S315000047800D4601F0E7FB00289ED0D0E70B9A002AE1
S3150000479000F0E180099A012A00F3C480149A002AE5
S315000047A000F0B78003F233430A9C4646089A01217B
S315000047B0584698441A44089200F022FC05465EB119
S315000047C0089B002B08DDB342089AA8BF3346A8EB26
S315000047D00308F61AD31A08930A9BF3B10B9B002B16
S315000047E000F0BD808CB129462246584600F0C2FC36
S315000047F04A4601460546584600F018FC49460690CA
S31500004800584600F047FB069B99460A9B1A1B04D0A4
S315000048104946584600F0AEFC81460121584600F054
S31500004820EFFB0F9B0446002B00F0CE811A46014693
S31500004830584600F09FFC099B0446012B00F3958027
S31500004840049B002B40F08D80059BC3F31303002BC4
S3150000485040F08980059B23F000431B0D1B052BB1FF
S31500004860089B08F101080133089301230A930F9B63
S31500004870002B00F0AF81236904EB8303186900F075
S3150000488073FBC0F12000089B184410F01F0077D07E
S31500004890C0F12003042B6BDDC0F11C00089B804493
S315000048A0034406440893B8F1000F05DD4946424625
S315000048B0584600F0B9FC8146089B002B05DD2146D1
S315000048C01A46584600F0B0FC0446129B002B59D0FD
S315000048D02146484600F014FD002853DA7B1E49465F
S315000048E00A2258460693002300F0F6FA0B9B8146EF
S315000048F0002B00F07181002329460A22584600F059
S31500004900EBFA009B0546002B67DC099B022B41DC7A
S3150000491063E0169BC3F1360346E700BF0000E03FA5
S3150000492000002440039B5C1E0A9BA34209DB1C1B60
S31500004930039B002BBFF639AF039BA8EB03060023AE
S3150000494034E70A9B46460F9AE31A0A9400241A444F
S31500004950039B0F922AE70A9C46460B9D2FE70A9A6D
S3150000496056E7002382E7049B80E700230A9382E749
S3150000497099D01C33089A1A4498441E44089292E728
S315000049800346F6E7039B0697002B20DC0093099B62
S31500004990022B1EDD009B002B7FF4C2AD21460522B3
S315000049A0584600F099FA01460446484600F0A8FC2D
S315000049B000287FF7B5AD3123564606F8013B069B26
S315000049C001330693B0E5039C06972546F3E7039B60
S315000049D000930B9B002B00F00381002E05DD29467A
S315000049E03246584600F020FC05460A9B002B5AD05A
S315000049F06968584600F00EFA064628B9834B024607
S31500004A0040F2EF21FFF75FBB2A6905F10C010C307C
S31500004A1002329200FFF79DFA01223146584600F015
S31500004A2003FC0AF101032F4605460393009B5344FA
S31500004A300B93049B03F001030A93039B214648460C
S31500004A40013B0093FFF79AFA3946049000F13008CB
S31500004A50484600F055FC2A4608902146584600F084
S31500004A606BFCC268064602BB0146484600F048FC9D
S31500004A700246314658460E9200F00CFA099B0E9AF1
S31500004A80039E42EA03010A9B194310D1B8F1390F7C
S31500004A9029D0089B002B02DD049B03F13108009B03
S31500004AA083F8008041E52846BBE70122E1E7089B41
S31500004AB0002B04DB09990B430A990B4320D1002AEA
S31500004AC0EDDD49460122584600F0AEFB21468146FF
S31500004AD000F016FC002803DCE1D118F0010FDED04F
S31500004AE0B8F1390FD8D13923009A137033461E46D0
S31500004AF0013B16F8012C392A51D001321A7014E5FF
S31500004B00002A07DDB8F1390FEDD008F10103009A4C
S31500004B1013700AE5039B0B9A03F8018C934228D085
S31500004B20494600230A22584600F0D6F9AF4281468C
S31500004B304FF000034FF00A023946584607D100F0FD
S31500004B40CBF907460546039B0133039375E700F04F
S31500004B50C3F92946074600230A22584600F0BCF945
S31500004B600546F0E7009B0027002BCCBF1E4601261A
S31500004B70564449460122584600F056FB21468146D6
S31500004B8000F0BEFB0028B1DC02D118F0010FADD158
S31500004B9033461E4613F8012D302AFAD0C5E49A454D
S31500004BA0A5D1069B0133069331238AF80030BCE475
S31500004BB0239BDFF85CA01BB10AF10803239A13605C
S31500004BC0504619B0BDE8F08F099B012B7FF738AE30
S31500004BD00F9B0A93012056E6009B002B7FF7D7AE6A
S31500004BE0564621464846FFF7C9F900F13008009BB2
S31500004BF006F8018BA6EB0A029342B3DD4946002371
S31500004C000A22584600F068F98146EAE72D8200003C
S31500004C10B081000038B50546002941D051F8043C62
S31500004C200C1F002BB8BFE41800F0E8F81D4A136803
S31500004C3033B9636014602846BDE8384000F0E4B834
S31500004C40A34208D9206821188B4201BF19685B6806
S31500004C5009182160EDE71A465B680BB1A342FAD941
S31500004C6011685018A0420BD12068014450181160F9
S31500004C708342E0D118685B68084453601060DAE745
S31500004C8002D90C232B60D6E7206821188B4202BF7D
S31500004C9019685B680918636008BF21605460CAE739
S31500004CA038BD00BF300C0020024B0146186800F0EA
S31500004CB025B800BFDC01002070B50F4E0C46054636
S31500004CC0316811B900F09AFE30602146284600F09E
S31500004CD095FE431C03D14FF0FF34204670BDC41C23
S31500004CE024F00304A042F8D0211A284600F086FEDC
S31500004CF00130F2D1EFE700BF2C0C00202DE9F8437C
S31500004D00CD1C064625F0030508350C2D38BF0C25AD
S31500004D10002D01DBA94204D90C2333600020BDE835
S31500004D20F883DFF8D48000F069F8D8F800301C4624
S31500004D3044BB29463046FFF7BFFF431C044658D103
S31500004D40D8F800402746002F43D1002C4BD02368CB
S31500004D503946304604EB030900F050FE814542D146
S31500004D60216830466D1A2946FFF7A6FF01303AD072
S31500004D7023682B442360D8F800305A6862BBC8F811
S31500004D8000700FE02268521B20D40B2A17D9611934
S31500004D90A342256018BF5960636808BFC8F80010B1
S31500004DA062514B60304600F02FF804F10B00231DD2
S31500004DB020F00700C21A1CBF1B1AA350AFE7626897
S31500004DC0A3420CBFC8F800205A60EBE7234664688C
S31500004DD0AEE73C467F68B6E71A465B68A342FBD15E
S31500004DE000235360DEE70C233046336000F00CF8F6
S31500004DF094E70560D6E700BF300C00200148FFF7B6
S31500004E0098B800BF280C00200148FFF793B800BFF0
S31500004E10280C002070B5C66904460D4676B91020E8
S31500004E20FFF742FF0246E06120B9184B6B21184894
S31500004E30FDF75AFEC0E901660660C660E669F368DA
S31500004E4083B1E369DB6853F82500B8B90121204630
S31500004E5001FA05F6721D920000F0E0FD60B1C0E9AE
S31500004E6001560EE021220421204600F0D7FDE36919
S31500004E70F060DB68002BE4D1002070BD026843F8C7
S31500004E8025200023C0E90333F7E700BFBD810000FA
S31500004E903E82000070B5C66905460C4676B91020FC
S31500004EA0FFF702FF0246E86120B9094B8F21094846
S31500004EB0FDF71AFEC0E901660660C6603CB1EB6903
S31500004EC06268DB6853F82210216043F8224070BD07
S31500004ED0BD8100003E8200002DE9F04101F1140C75
S31500004EE007460C461E460D690020DCF800300130EE
S31500004EF099B2854202FB01614FEA13464FEA11431C
S31500004F0089B202FB063301EB03414FEA13464CF824
S31500004F10041BEADC0EB3A368AB4219DC61683846B1
S31500004F200131FFF777FF804628B902460C4BBA21BC
S31500004F300C48FDF7D9FD226904F10C010C30023250
S31500004F409200FFF706F8214644463846FFF7A2FFCF
S31500004F5004EB850301355E6125612046BDE8F081DD
S31500004F602D8200003E820000B0F5803F034636BF2A
S31500004F70030400201020B3F1807F3CBF1B020830E1
S31500004F80B3F1805F3CBF1B010430B3F1804F3CBFDF
S31500004F909B000230002B05DB13F0804F00F101006F
S31500004FA008BF202070470368024613F007000BD0A5
S31500004FB0D90721D4980747BF5B0801209B08022028
S31500004FC04CBF13601360704799B209B91B0C1020CF
S31500004FD0D9B209B908301B0A190704BF1B090430E6
S31500004FE0990704BF9B080230D90703D45B0800F178
S31500004FF0010003D0136070470020704720207047DF
S3150000500010B50C460121FFF705FF024628B9054BEE
S3150000501040F245110448FDF767FD01234461036131
S3150000502010BD00BF2D8200003E8200002DE9F04F2A
S3150000503017460A69894685B03B699A42A2BF3B4634
S315000050400F4699463D69BB68D9F810A0796805EB0B
S315000050500A06B342B8BF0131FFF7DCFE30B902469B
S31500005060424B4FF4B1714248FDF73EFD00F1140486
S31500005070002204EB860E2346734520D307F114085D
S3150000508009F1140108EB850501EB8A030293EB1B7A
S315000050901537153B23F003030433BD4238BF042301
S315000050A00193029B03918B420CD8002E03DD5EF820
S315000050B0043D002B57D0066105B0BDE8F08F43F8DC
S315000050C0042BD9E7B1F800A0BAF1000F21D0C446ED
S315000050D0A14600275CF8042BD9F800301FFA82FBA2
S315000050E065459BB24FEA12420AFB0B333B44D9F8A3
S315000050F000704FEA17470AFB027202EB13429BB29B
S315000051004FEA124743EA024349F8043BE2D8019BBF
S31500005110E750039B0431B3F80290B9F1000F20D099
S3150000512023684746A4464FF0000AB7F800B09BB282
S31500005130BCF8022009FB0B22524443EA02434CF816
S31500005140043B57F8043B4FEA134ABCF80030BD4213
S3150000515009FB0A3303EB12434FEA134AE5D8019AD7
S31500005160A35004349DE7013E9FE700BF2D82000057
S315000051703E8200002DE9F843154612F00302074669
S315000051800E4607D0013A254C002354F82220FFF79B
S31500005190A3FE0646AD103DD0FC697CB91020FFF792
S315000051A083FD0246F86128B91D4B40F2B3111D4834
S315000051B0FDF79AFCC0E901440460C460D7F81C807E
S315000051C0D8F808404CB940F271213846FFF718FF6D
S315000051D000230446C8F8080003604FF00009EB07F7
S315000051E00AD5314622463846FFF720FF804631462B
S315000051F038464646FFF74EFE6D100BD0206838B98C
S31500005200224621463846FFF711FF2060C0F800907D
S315000052100446E4E73046BDE8F88300BFB4820000E8
S31500005220BD8100003E8200002DE9F0470C4607468E
S3150000523091464FEA621A2369496803EB6218A3682C
S3150000524008F10106B3420BDB3846FFF7E3FD0546DE
S3150000525048B90246284B4FF4EF712848FDF744FC45
S3150000526001315B00EEE7002300F1140100F11002AA
S315000052701846534533DB2AEAEA7A04F11403206917
S3150000528019F01F0901EB8A0103EB800C2BD0C9F141
S31500005290200E8A460022186800FA09F010434AF8E0
S315000052A0040B53F8042B9C4522FA0EF2F3D8ACEB10
S315000052B0040304F11500153B23F003030433604592
S315000052C088BF0423CA500AB108F10206013E3846D7
S315000052D021462E61FFF7DEFD2846BDE8F087013343
S315000052E042F8040FC5E7043953F8042B9C4541F8EE
S315000052F0042FF9D8EAE700BF2D8200003E820000A5
S3150000530003460A690069801A30B50ED11433143188
S3150000531003EB820401EB820154F8045D51F8042D7D
S31500005320954203D005D24FF0FF3030BDA342F3D3F0
S31500005330FBE70120F9E7FFFF2DE9F74F894606460F
S31500005340114614464846FFF7DBFF051E12D12946D3
S315000053503046FFF75FFD024628B9414B40F2372140
S315000053604048FDF7C1FB0123C0E90435104603B0F0
S31500005370BDE8F08FBCBF4B46A1463046B8BF0125FD
S31500005380D9F80410B4BF1C460025FFF743FD0246BA
S3150000539018B9334B40F24521E2E7D9F8107004F111
S315000053A0140E266900F1140BC56009F1140509F104
S315000053B010030EEB860605EB8708D9464FF0000C66
S315000053C00193019B5EF8040B53F804AF76450193F5
S315000053D01FFA8AF3194683B24FEA1040A1EB030382
S315000053E0C0EB1A40634400EB23409BB24FEA204CCB
S315000053F043EA004349F8043BE3D8331B1534153B15
S3150000540023F003030433A64238BF04231D445B4440
S315000054102C461E4644450ED308F10301491B033DA5
S3150000542021F00301A84538BF00210B4453F8041DA1
S3150000543099B117619AE754F8041BE6461FFA81FCF6
S31500005440080C7144F44489B200EB2C4041EA004157
S315000054504FEA204C46F8041BDCE7013FE6E700BFB5
S315000054602D8200003E8200002DE9F7430F46012100
S31500005470164659EC108BFFF7CDFC044630B90246B0
S31500005480234B40F20F312348FDF72EFBC9F30A5593
S31500005490C9F313030DB143F480130193B8F100036C
S315000054A023D068460093FFF77EFDDDE90012D0B1F8
S315000054B0C0F1200302FA03F3C2400B430192636179
S315000054C0019B002BA3610CBF012202222261A5B120
S315000054D0A5F233450544C0F135003D6030602046F5
S315000054E003B0BDE8F0836161EAE701A8FFF75BFD61
S315000054F0019B203001226361E8E7A0F2324004EB11
S31500005500820338601869FFF72FFDC0EB4210E5E70C
S315000055102D8200003E8200009368013B002B9360C1
S3150000552010B408DA9469A34201DB0A2903D15DF8B5
S31500005530044BFEF710BC1368581C1060084619701F
S315000055405DF8044B7047F8B506460F461446D51865
S31500005550AC4201D1002007E03A4614F8011B304660
S31500005560FFF7DAFF431CF3D1F8BDFFFF2DE9F04F3B
S315000055700D469DB014469846064618B1036A0BB907
S31500005580FEF700FB6B6ED90705D4AB899A0502D4EA
S31500005590A86DFEF7CEFCAB891B0701D52B699BB91D
S315000055A029463046FEF716FC70B16B6EDC0704D553
S315000055B04FF0FF301DB0BDE8F08FAB899805F7D4EA
S315000055C0A86DFEF7B7FCF3E70023CDF80C804FF08B
S315000055D00109DFF8B481099320238DF8293030239F
S315000055E08DF82A3023469A4613F8012B0AB1252A4C
S315000055F0F9D1BAEB040B0BD05B462246294630465E
S31500005600FFF7A1FF013000F0A780099A5A440992DA
S315000056109AF80030002B00F09F8000234FF0FF32F5
S315000056200AF1010A049307938DF853301A93CDE9D2
S31500005630052354460522544814F8011BFEF77BFC4B
S31500005640049AD8B9D10644BF20238DF853301307E6
S3150000565044BF2B238DF853309AF800302A2B15D0EF
S31500005660079A544600204FF00A0C214611F8013BD8
S31500005670303B092B4BD9B0B1079214E0A0EB0803DD
S31500005680A24609FA03F313430493D2E7039B191DB9
S315000056901B68002B0391BBBF5B4242F002020793DB
S315000056A00793B8BF049223782E2B0AD163782A2B4E
S315000056B032D1039B02341A1D1B6843EAE37303923B
S315000056C00593DFF8D4A0032221785046FEF733FC79
S315000056D038B1A0EB0A004022049B013482401343F8
S315000056E0049314F8011B062228488DF82810FEF7AB
S315000056F022FC00283FD0264B1BBB039B073323F01D
S31500005700070308330393099B3B4409936AE70CFBA1
S3150000571002320C460120A8E7002301344FF00A0CA0
S3150000572019460593204610F8012B303A092A03D969
S31500005730002BC6D00591C4E70CFB012104460123CA
S31500005740F0E703AB2A4604A930460093114BFDF758
S31500005750D3FD0746781CD6D16B6ED90705D4AB8925
S315000057609A0502D4A86DFEF7E5FBAB895B063FF50B
S315000057701FAF09981EE703AB2A4604A930460093DB
S31500005780044BFEF755F8E4E798820000A282000079
S31500005790F9320000475500009E820000B1F90C2046
S315000057A02DE9F041160705460C4654D44B68002BEC
S315000057B002DC0B6C002B48DDE66A002E45D0002388
S315000057C012F480522F68216A2B6030D0626DA38953
S315000057D0590705D56368D21A636B0BB1236CD21ACD
S315000057E00023E66A216A2846B047431CA38906D1EE
S315000057F029681D292BD82A4ACA40D60727D5002250
S31500005800D90462602269226004D5421C01D12B684A
S3150000581003B96065616B2F60B9B104F14403994225
S3150000582002D02846FFF7F6F9002363630DE0012353
S315000058302846B0470246501CC9D12B68002BC6D05B
S315000058401D2B01D0162B1DD12F60002021E043F027
S3150000585040031BB21AE00F69002FF6D093070E68BB
S315000058600F600CBF4B690023A6EB07088B60B8F1ED
S31500005870000FEADD43463A46216A2846A66AB04743
S31500005880002808DCB4F90C3043F040034FF0FF3039
S31500005890A381BDE8F0810744A8EB0008E7E700BF55
S315000058A00100402038B50B6905460C4613B90025A2
S315000058B0284638BD18B1036A0BB9FEF763F9B4F987
S315000058C00C30002BF3D0626ED00704D4990502D4B5
S315000058D0A06DFEF72EFB28462146FFF75FFF636E9D
S315000058E00546DA07E4D4A3899B05E1D4A06DFEF74B
S315000058F021FBDDE770B50C46B1F90E1096B01546E2
S3150000590000291E460CDAA389002113F0800F14BF6C
S3150000591040234FF48063002031602B6016B070BDC9
S315000059206A4600F049F80028EDDB019901F4704160
S31500005930A1F50053594259414FF48063EBE78B8937
S31500005940F7B59D0706460C4607D504F147032360C5
S3150000595023610123636103B0F0BD01AB6A46FFF723
S31500005960C9FF009F054630463946FFF7C7F948B9D3
S31500005970B4F90C309A05EED423F0030343F0020386
S31500005980A381E2E7A389206043F08003A381019B02
S31500005990C4E904075BB1B4F90E10304600F01EF8F6
S315000059A028B1A38923F0030343F00103A381A3894C
S315000059B01D43A581CFE7FFFF38B50023064D0446FA
S315000059C0084611462B6000F03DFB431C02D12B68B4
S315000059D003B1236038BD00BF240C002038B5002376
S315000059E0054D044608462B6000F034FB431C02D1EB
S315000059F02B6803B1236038BD240C002038B5002382
S31500005A00054D044608462B60FDF764F9431C02D198
S31500005A102B6803B1236038BD240C002070B5A1FBB0
S31500005A20025434B92946FFF769F9064628B93046C3
S31500005A3070BD0C2200260260F9E72A462146FEF7D1
S31500005A401FFAF4E782B001B901A942B14BB113784C
S31500005A500B601278101E18BF012002B07047104666
S31500005A60FBE76FF00100F8E70346084641B1FF2A5D
S31500005A7004D98A224FF0FF301A60704701200A705D
S31500005A807047FFFF70B54FF0FF0C4CF4E06C1CEA5A
S31500005A9011541DBF1CEA135594EA0C0F95EA0C0F1E
S31500005AA000F0DEF82C4481EA030621EA4C5123EA91
S31500005AB04C5350EA013518BF52EA033541F48011C0
S31500005AC043F4801338D0A0FB02CE4FF00005E1FB73
S31500005AD002E506F00042E0FB03E54FF00006E1FBBD
S31500005AE003569CF0000F18BF4EF0010EA4F1FF0400
S31500005AF0B6F5007F64F5407404D25FEA4E0E6D4140
S31500005B0046EB060642EAC62141EA55514FEAC52050
S31500005B1040EA5E504FEACE2EB4F1FD0C88BFBCF5CC
S31500005B20E06F1ED8BEF1004F08BF5FEA500E50F17D
S31500005B30000041EB045170BD06F0004646EA010143
S31500005B4040EA020081EA0301B4EB5C04C2BFD4EB75
S31500005B500C0541EA045170BD41F480114FF0000E6E
S31500005B60013C00F3AB8014F1360FDEBF002001F0DC
S31500005B70004170BDC4F10004203C35DA0C341BDC56
S31500005B8004F11404C4F1200500FA05F320FA04F028
S31500005B9001FA05F240EA020001F0004221F000415C
S31500005BA010EBD37021FA04F642EB06015EEA430ECF
S31500005BB008BF20EAD37070BDC4F10C04C4F12005FF
S31500005BC000FA04F320FA05F001FA04F240EA0200B2
S31500005BD001F0004110EBD37041F100015EEA430E83
S31500005BE008BF20EAD37070BDC4F1200500FA05F2A3
S31500005BF04EEA020E20FA04F301FA05F243EA020322
S31500005C0021FA04F001F0004121FA04F220EA020030
S31500005C1000EBD3705EEA430E08BF20EAD37070BD76
S31500005C2094F0000F0FD101F00046400041EB010156
S31500005C3011F4801F08BF013CF7D041EA060195F038
S31500005C40000F18BF704703F00046520043EB0303F2
S31500005C5013F4801F08BF013DF7D043EA06037047DF
S31500005C6094EA0C0F0CEA135518BF95EA0C0F0CD0EA
S31500005C7050EA410618BF52EA4306D1D181EA030130
S31500005C8001F000414FF0000070BD50EA410606BF2A
S31500005C901046194652EA430619D094EA0C0F02D16F
S31500005CA050EA013613D195EA0C0F05D152EA0336B4
S31500005CB01CBF104619460AD181EA030101F00041D2
S31500005CC041F0FE4141F470014FF0000070BD41F01B
S31500005CD0FE4141F4780170BD70B54FF0FF0C4CF4F5
S31500005CE0E06C1CEA11541DBF1CEA135594EA0C0F14
S31500005CF095EA0C0F00F0A7F8A4EB050481EA030E61
S31500005D0052EA03354FEA013100F088804FEA033347
S31500005D104FF0805545EA131343EA12634FEA022215
S31500005D2045EA111545EA10654FEA00260EF00041D6
S31500005D309D4208BF964244F1FD0404F5407402D228
S31500005D405B084FEA3202B61A65EB03055B084FEAB9
S31500005D5032024FF480104FF4002CB6EB020E75EBB6
S31500005D60030E22BFB61A754640EA0C005B084FEADE
S31500005D703202B6EB020E75EB030E22BFB61A75465B
S31500005D8040EA5C005B084FEA3202B6EB020E75EBA6
S31500005D90030E22BFB61A754640EA9C005B084FEA1E
S31500005DA03202B6EB020E75EB030E22BFB61A75462B
S31500005DB040EADC0055EA060E18D04FEA051545EA1A
S31500005DC016754FEA06164FEAC30343EA52734FEAC3
S31500005DD0C2025FEA1C1CC0D111F4801F0BD141EA3C
S31500005DE000014FF000004FF0004CB6E711F4801FA1
S31500005DF004BF01430020B4F1FD0C88BFBCF5E06F81
S31500005E003FF6AFAEB5EB030C04BFB6EB020C5FEA90
S31500005E10500C50F1000041EB045170BD0EF0004EE5
S31500005E204EEA113114EB5C04C2BFD4EB0C0541EA17
S31500005E30045170BD41F480114FF0000E013C90E614
S31500005E4045EA060E8DE60CEA135594EA0C0F08BFD8
S31500005E5095EA0C0F3FF43BAF94EA0C0F0AD150EAD7
S31500005E6001347FF434AF95EA0C0F7FF425AF10466A
S31500005E7019462CE795EA0C0F06D152EA03353FF492
S31500005E80FDAE1046194622E750EA410618BF52EA0F
S31500005E9043067FF4C5AE50EA41047FF40DAF52EAE3
S31500005EA043057FF4EBAE12E74FF0FF3C06E000BF80
S31500005EB04FF0010C02E000BF4FF0010C4DF804CD8D
S31500005EC04FEA410C7FEA6C5C4FEA430C18BF7FEA4D
S31500005ED06C5C1BD001B050EA410C0CBF52EA430C7B
S31500005EE091EA030F02BF90EA020F0020704710F1FB
S31500005EF0000F91EA030F58BF994208BF90422CBF8A
S31500005F00D8176FEAE37040F0010070474FEA410C82
S31500005F107FEA6C5C02D150EA013C07D14FEA430CA0
S31500005F207FEA6C5CD6D152EA033CD3D05DF8040B11
S31500005F30704700BF8446104662468C461946634643
S31500005F4000E000BF01B5FFF7B7FF002848BF10F11A
S31500005F50000F01BD4DF808EDFFF7F4FF0CBF01205F
S31500005F6000205DF808FB00BF4DF808EDFFF7EAFFDB
S31500005F7034BF012000205DF808FB00BF4DF808ED96
S31500005F80FFF7E0FF94BF012000205DF808FB00BF8B
S31500005F904DF808EDFFF7CEFF94BF012000205DF815
S31500005FA008FB00BF4DF808EDFFF7C4FF34BF012022
S31500005FB000205DF808FB00BF4FEA410C7FEA6C5CED
S31500005FC002D150EA013C0AD14FEA430C7FEA6C5CED
S31500005FD002D152EA033C02D14FF0000070474FF065
S31500005FE0010070474FEA410212F5001215D211D591
S31500005FF06FF47873B3EB625212D94FEAC12343F0C0
S31500006000004343EA505311F0004F23FA02F018BF41
S31500006010404270474FF00000704750EA013005D10A
S3150000602011F0004008BF6FF0004070474FF00000CD
S31500006030704700BF024B58224FF0FF301A6070477E
S31500006040240C0020024B58224FF0FF301A60704794
S31500006050240C0020024B582200201A60704700BF13
S31500006060240C0020024B58224FF0FF301A60704774
S31500006070240C0020024B58224FF0FF301A60704764
S31500006080240C00204275696C74207769746820526C
S31500006090656E6573617320416476616E6365642025
S315000060A0466C657869626C6520536F6674776172B9
S315000060B065205061636B6167652076657273696FF1
S315000060C06E20352E392E3000352E392E3000000048
S315000060D000000905F8B500BFF8BC08BC9E4670472D
S315000060E0F8B500BFF8BC08BC9E4670474653505FE3
S315000060F053554343455353203D3D2065727200007E
S31500006100000000002E2E2F7372632F68616C5F658E
S315000061106E7472792E6300005241204532535455F5
S3150000612044494F000A68656C6C6F20776F726C6427
S31500006130210D00004C534D364453563136585F49B5
S31500006140443D307825782C2077686F616D493D3065
S315000061507825780A000000005241344D32000000D4
S3150000616053696E676C65205441500D00446F75622B
S315000061706C65205441500D00776966695F557064FF
S31500006180617465005B42544E5D20776966695F61A4
S31500006190705F6D6F64650D005B545559415D203C21
S315000061A0686561727462656174285345513D257551
S315000061B0290D0A005B545559415D203C51756572A5
S315000061C0792050726F6475637420496E666F726DC4
S315000061D06174696F6E0D00005B545559415D203C3A
S315000061E0517565727920576F726B204D6F64650D1E
S315000061F0000000005B545559415D203C5749464913
S315000062005F4D4F44453D253032580D0A00000000D1
S315000062105B4D43555D202D3E205455594120445039
S315000062205F424154203D2025640D0A005B4D4355D5
S315000062305D202D3E20545559412044505F74454DF4
S3150000624050203D2025362E32660D0A002E2E2F7345
S3150000625072632F6F6C65642E6300FFFF706C617450
S31500006260666F726D5F777269746500FF706C61743A
S31500006270666F726D5F7265616400FFFF6170705FCB
S315000062807065726970686572616C5F696E697400C9
S3150000629055AA03030000050055AA030200000400E6
S315000062A055AA03050001010955AA030000010104CE
S315000062B055AA0300000100034F4C45445F52656632
S315000062C07265736800FFFFFF4F4C45445F57525F8E
S315000062D04279746500FFFFFF000000000000000027
S315000062E000000000000000000000000000000000A8
S315000062F00000000000F8F8F0F07020000000000038
S315000063000000000000000000000000000000000087
S315000063100000000000000000000000000000000077
S3150000632080000000000000000000000000000000E7
S315000063300000000000FFFFFFFF000000000000005B
S315000063400000000000000000000000008080000047
S315000063500000000000000000000000000000000037
S3150000636000FFFFFE060606060606060606060606E3
S315000063700606060606FFFFFFFF06060606060606D3
S315000063800606060606060606060606FFFFFFFF07C2
S3150000639002000000000000000000000000000000F5
S315000063A000FFFFFF000000000000000000000000EA
S315000063B00000000000FFFFFFFF00000000000000DB
S315000063C00000000000000000000000FFFFFFFF00CB
S315000063D000000000000000000000000000000000B7
S315000063E000FFFFFF1818181818181818181818188A
S315000063F01818181818FFFFFFFF181818181818187B
S315000064001818181818181818181818FFFFFFFF0082
S315000064100000000000000000000000000000000076
S315000064200201010000000000000000000000000062
S315000064300000000000FFFFFFFF000000000000005A
S315000064400000000000000000000000010100000044
S315000064500000000000000000000000000000000036
S315000064600000000000000000000000000000000026
S315000064700000000000FFFFFFFF000000000000001A
S315000064800000000000000000000000000000000006
S3150000649000000000000000000000000000000000F6
S315000064A000000000000000000000000000000000E6
S315000064B000000000001F1F0F0F000000000000007A
S315000064C000000000000000000000000000000000C6
S315000064D000000000000000000000000000000000B6
S315000064E000000000000000FCF800000000000000B2
S315000064F0000000000000000000000000FFFE020295
S3150000650002020202020202FFFF020202020202026B
S315000065100202FF0300000000000000001F1F040429
S3150000652004040404040404FFFF040404040404042F
S3150000653004041F000000000000000000000000002E
S31500006540000000000000007F3F0000000000000087
S315000065500000000000000000000000C08080808075
S31500006560808080FC84808080808080C0C0000000A5
S31500006570000000FF7F404040404040FF4040404018
S31500006580404040FF7F0000000000000000000000C7
S315000065900000007F70000000000000000000000006
S315000065A08484FC8484405E505050DF5050505E001E
S315000065B010301F080800FE02027F027E0282FE00E3
S315000065C004E42424A46F042464AF34A464240400E3
S315000065D000FF0011229C403F010101010101010061
S315000065E00000F8494A4C48F8484C4A49F80000006F
S315000065F010101312121212FF1212121213101000A0
S31500006600000000FE20202020203F20202020000027
S315000066100080601F020202020202FE00000000006B
S315000066201010D0FF901000FE020202FE00000000D3
S31500006630040300FF0083601F0000003F4040780015
S315000066400000000000000000000000000000000044
S315000066500000000000000000000000000000000034
S31500006660000000000000000000F0F0F00000000054
S315000066700000000000017F01000000000000000093
S31500006680001C1C1C0000000000008060301C8C6098
S31500006690301C0C000000000000000000000000009C
S315000066A0000000000000000000000000000000E004
S315000066B00000000000E000000086E69F86868686D1
S315000066C0E69F860000011F01010101011F01010073
S315000066D0000080C06020F820E0C000000000030732
S315000066E00C18FF70E18100000000070F10107F10EA
S315000066F00F0700008060206080000000E02000009E
S315000067000F3020309F70DC371030C0000000100EB4
S3150000671003000718101807000000C02020E0C00082
S315000067200000000080E01F38E88703C43C04000036
S31500006730070F1810100B070D1010080000808C4C66
S31500006740380000000000000000000000000000000B
S315000067500000000000000000000000000000000033
S3150000676000000000000080E0300804000000000087
S3150000677000FEFF0100000000000000000000030F03
S315000067801820400000040830E080000000000000EF
S315000067900000000001FFFE0000000000004020187D
S315000067A00F03000000000000000000000000C00011
S315000067B000000000004266663C18FF183C66664210
S315000067C000000000000003000000000000000000C0
S315000067D00000800000000000001010101010FF10D4
S315000067E01010101000000000000003000000000060
S315000067F00000000000000000000000000000000093
S31500006800000000000000000000808C4C38000000F2
S315000068100000000000000000000000000000000072
S3150000682000101010101010101010100000000000C2
S315000068300000000000000000000000000000000052
S315000068400000000000000000000000000000000042
S3150000685000001C1C1C0000000000000000000000DE
S3150000686000000000E0380C000000000080701C03EF
S31500006870000000000060380E01000000000000006B
S31500006880000080C060202060C080000000FEFF0184
S315000068900000000001FFFE000001070E181010188E
S315000068A00E0701000000808080C0E00000000000AC
S315000068B00000000000FFFF000000000000001010B4
S315000068C0101F1F10101000000080402020202060A4
S315000068D0C080000000030300804020381F0700002E
S315000068E0001C1A1918181818181F00000080C0205C
S315000068F0202060C080000000000303001010182F45
S31500006900E780000000070F10101010180F07000096
S31500006910000000000000C0E0F000000000C0B088E9
S31500006920868180FFFF808000000000000010101F9D
S315000069301F1010000000E060606060606060000092
S3150000694000003F1008080818F0E0000000070B10D0
S315000069501010101C0F030000000080C040202020F3
S31500006960E0C0000000FCFF211008080818F0E00055
S315000069700001070C18101010080F03000000C0E0FB
S315000069806060606060E06000000003000000E018E6
S315000069900700000000000000001F1F0000000000AC
S315000069A00080C0602020202060C080000087EF2C7F
S315000069B01818303068CF830000070F081010101029
S315000069C0180F07000000C0C020202020C080000053
S315000069D0001F3F604040402010FFFE0000000C1CDE
S315000069E0101010080F030000000000000000000057
S315000069F00000000000000000000E0E0E0000000067
S31500006A0000000000001C1C1C00000000000000002C
S31500006A10000000000000000000000000000C0C0058
S31500006A2000000000000000000058380000000000D0
S31500006A300000000000000080402010000000102828
S31500006A404482010000000000000000000000010276
S31500006A500408100000000000000000000000000014
S31500006A6000848484848484848484840000000000F8
S31500006A700000000000000000000010204080000020
S31500006A800000000000000000000001824428100001
S31500006A9000001008040201000000000000C02020D1
S31500006AA01010101030E0C0000003030000F01008C2
S31500006AB00C070300000000001C1C1C000000000066
S31500006AC0000000C0406020202040C00000FCFF0104
S31500006AD0F00E03C1FE03807F0001070E081111109E
S31500006AE0110904020000000080E0E0000000000040
S31500006AF00000807C4340477FF880000010181F107C
S31500006B0000000000131F1C1020E0E0202020206061
S31500006B10C080000000FFFF10101010182FE7800043
S31500006B20101F1F1010101010180F0700000080C053
S31500006B30402020202060E00000FCFF010000000053
S31500006B40000001000001070E1810101008040300D1
S31500006B5020E0E02020202040C080000000FFFF0051
S31500006B600000000001FFFE00101F1F101010180883
S31500006B700E07010020E0E020202020202060800079
S31500006B8000FFFF101010107C00000000101F1F10E7
S31500006B90101010101018060020E0E0202020202001
S31500006BA06060800000FFFF101010107C00000100E4
S31500006BB0101F1F100000000000000000000080C031
S31500006BC06020202040E0000000FCFF010000404063
S31500006BD0C0C140400001070E181010100F0F000032
S31500006BE020E0E0200000000020E0E02000FFFF1091
S31500006BF01010101010FFFF00101F1F1000000000E3
S31500006C00101F1F100000202020E0E02020200000A0
S31500006C100000000000FFFF00000000000000101050
S31500006C20101F1F101010000000000000202020E0A0
S31500006C30E020202000000000000000FFFF00000010
S31500006C400060E0808080C07F3F00000020E0E02000
S31500006C50000020A06020200000FFFF30187CE3C069
S31500006C6000000000101F1F10000001131F1C181049
S31500006C7020E0E020000000000000000000FFFF0010
S31500006C800000000000000000101F1F101010101060
S31500006C901018060020E0E0E000000000E0E0E02040
S31500006CA000FF013FFEC0E01E01FFFF00101F1000A5
S31500006CB0031F0300101F1F1020E0E0C000000000AB
S31500006CC00020E02000FF0003071C78E08000FF00A2
S31500006CD0101F100000000000030F1F00000080C0FE
S31500006CE060202060C080000000FEFF010000000060
S31500006CF000FFFE000001070E181010180C07010017
S31500006D0020E0E0202020202060C0800000FFFF203F
S31500006D1020202020301F0F00101F1F100000000031
S31500006D2000000000000080C060202060C0800000DD
S31500006D3000FEFF010000000000FFFE000001070E3C
S31500006D401111133C7C67210020E0E0202020202048
S31500006D5060C0800000FFFF101030F0D0080F070061
S31500006D60101F1F10000000030F1C10100080C060D1
S31500006D70202020204040E00000070F0C181830307B
S31500006D8060E08100001F0C0810101010180F07009B
S31500006D908060202020E0E0202020608001000000AC
S31500006DA000FFFF000000000100000000101F1F1080
S31500006DB00000000020E0E020000000000020E020AD
S31500006DC000FFFF00000000000000FF0000070F1892
S31500006DD010101010100807002060E0E020000000EE
S31500006DE020E060200000077FF88000807C03000020
S31500006DF000000000071F1C070000000020E0E02044
S31500006E0000E0E0200020E0200007FFF8E01FFFFC84
S31500006E10E01F00000000031F0300011F0300000025
S31500006E20002060E0A0000020E060200000000003D9
S31500006E308F7CF8C6010000000010181E1300011711
S31500006E401F1810002060E0E02000000020E0602015
S31500006E50000001073EF8E0180700000000000010DF
S31500006E60101F1F101000000000806020202020A0AE
S31500006E70E0E0200000000000C0F03E0F030000002C
S31500006E8000101C1F1710101010180600000000003C
S31500006E9000FC0404040404000000000000FF0000DD
S31500006EA00000000000000000007F4040404040001D
S31500006EB0000010E0000000000000000000000000DC
S31500006EC0031C6080000000000000000000000003BA
S31500006ED00C70800000000404040404FC00000000A0
S31500006EE000000000000000FF00000000000040401D
S31500006EF04040407F0000000000000010080C040C19
S31500006F000810000000000000000000000000000063
S31500006F10000000000000000000000000000000006B
S31500006F20000000000000000000000000000000005B
S31500006F30000000008080808080808080808080804B
S31500006F400000000404080800000000000000000023
S31500006F50000000000000000000000000000000002B
S31500006F60000000000000000000000000000000001B
S31500006F70000098D844642424FCF80000000F1F1871
S31500006F80101010081F1F10180020E0F0000000006D
S31500006F90000000000000FFFF180804040CF8F000D1
S31500006FA000001F0F18101010180F0300000000003B
S31500006FB0000000000000000000E0F8180404043C93
S31500006FC03800000000030F0C101010100806000017
S31500006FD00000000000000020E0F0000000E0F81CC7
S31500006FE004040408FFFF000000030F181010100827
S31500006FF01F0F080000000000000000000000000055
S315000070000000E0F8484444444C7870000000030F48
S315000070100C181010100804000000000080C060204A
S3150000702020E0C00000040404FFFF04040404000080
S31500007030000010101F1F10101000000000000000BC
S315000070400000000000000000000070F88C04048CB2
S31500007050F874040C007076CF8D8D8D89C878700019
S315000070600020E0F000000000000000000000FFFF2C
S3150000707008040404FCF8000000101F1F1000001094
S315000070801F1F1000000000000060600000000000EC
S315000070900000040404FCFC000000000000001010C6
S315000070A0101F1F10101000000000000000000060FC
S315000070B06000000000000000040404FCFC00000066
S315000070C00000C0C08080C07F3F0000000020E0F0CC
S315000070D000000000000000000000FFFF80C0F41C5C
S315000070E00404000000101F1F1100031F1C101000D5
S315000070F00000202020E0F00000000000000000005A
S3150000710000FFFF000000000000001010101F1F10FD
S315000071101010000000000000000000000000000049
S3150000712004FCFC0804FCFC0804FCFC00101F1F10F7
S31500007130001F1F10001F1F100000000000000000AD
S31500007140000000000004FCFC08080404FCF8000031
S3150000715000101F1F100000101F1F1000000000006D
S31500007160000000000000000000E0F0180C04040C11
S3150000717018F0E00000030F0C101010100C0F0300A5
S315000071800000000000000000000000000004FCFCFD
S31500007190080404040CF8F0000080FFFF889010102B
S315000071A01C0F0300000000000000000000000000AB
S315000071B000E0F81C04040408F8FC000000030F18A3
S315000071C010109088FFFF8000000000000000000003
S315000071D000000000040404FCFC100804040C0C006D
S315000071E01010101F1F1010100000000000000000FB
S315000071F0000000000000000000003078CCC4848449
S31500007200840C1C0000001E1810101011190F060027
S315000072100000000000C0000000000000000404049C
S31500007220FFFF040404000000000000000F1F101000
S31500007230100C00000000000000000000000000002C
S315000072400004FCFE00000004FCFE000000000F1F0E
S31500007250181010081F0F08000000000000000000B2
S315000072600000000000040C3CFCC40000C43C0C04FC
S3150000727000000000010F1E0E0100000000000000CB
S315000072800000000000000000043CFCC400E47CFC9C
S3150000729084807C040000071F070000071F0700000A
S315000072A00000000000000000000000000004041CB4
S315000072B07CE4C0341C0404000010101C1601131FCB
S315000072C01C18100000000000000000000000000074
S315000072D000040C3CFCC400C43C0404000000C08054
S315000072E0C1370E0100000000000000000000000091
S315000072F00000000000001C0404C4F47C1C04000010
S315000073000000101C1F17111010180E0000000000BE
S31500007310000000F80C04000000000000001028EF38
S3150000732000000000000000000000003F6040000078
S31500007330000000000000FF00000000000000000048
S315000073400000FF0000000000000000000000FF0039
S31500007350000000000000040CF8000000000000001F
S3150000736000000000EF281000000000000000406050
S315000073703F0000000000000000180602020408108A
S31500007380202030080000000000000000000000007F
S3150000739000000000000000000000000000000000E7
S315000073A0000000000000000000000000000000F8DF
S315000073B000000000000000333000000000100C0642
S315000073C0100C0600000000000000000040C07840DD
S315000073D0C0784000043F04043F040400007088FCA9
S315000073E008300000001820FF211E0000F008F00001
S315000073F0E018000000211C031E211E0000F0088872
S31500007400700000001E2123241927211010160E00DB
S31500007410000000000000000000000000000000E086
S31500007420180402000000000718204000000204189B
S31500007430E00000000040201807000000404080F0F7
S31500007440804040000202010F01020200000000F02D
S31500007450000000000101011F010101000000000001
S315000074600000000080B07000000000000000000076
S3150000747000000000000101010101010100000000FF
S315000074800000000000303000000000000000000096
S3150000749080601804006018060100000000E0100873
S315000074A00810E000000F102020100F00001010F848
S315000074B0000000000020203F202000000070080887
S315000074C00888700000302824222130000030088807
S315000074D0884830000018202020110E000000C0202F
S315000074E010F8000000070424243F240000F8088850
S315000074F0880808000019212020110E0000E01088DD
S3150000750088180000000F112020110E00003808080E
S31500007510C83808000000003F00000000007088081E
S3150000752008887000001C222121221C0000E010089F
S315000075300810E0000000312222110F00000000C0F8
S31500007540C000000000000030300000000000008095
S315000075500000000000008060000000000000804085
S31500007560201008000001020408102000404040409E
S3150000757040404000040404040404040000081020F1
S315000075804080000000201008040201000070480836
S315000075900808F0000000003036010000C030C8289E
S315000075A0E810E0000718272423140B000000C03859
S315000075B0E0000000203C23020227382008F88888D3
S315000075C088700000203F202020110E00C0300808DF
S315000075D008083800071820202010080008F80808B6
S315000075E00810E000203F202020100F0008F88888AF
S315000075F0E8081000203F20202320180008F888887B
S31500007600E8081000203F200003000000C0300808F2
S315000076100838000007182020221E020008F808007B
S315000076200008F808203F210101213F20000808F842
S31500007630080800000020203F202000000000080865
S31500007640F8080800C08080807F00000008F888C025
S3150000765028180800203F20012638200008F80800D6
S3150000766000000000203F20202020300008F8F8000D
S31500007670F8F80800203F003F003F200008F830C01F
S315000076800008F808203F200007183F00E01008080F
S315000076900810E0000F10202020100F0008F808083E
S315000076A00808F000203F210101010000E010080851
S315000076B00810E0000F18242438504F0008F8888876
S315000076C088887000203F2000030C30200070880856
S315000076D0080838000038202121221C00180808F864
S315000076E0080818000000203F2000000008F80800E5
S315000076F00008F808001F202020201F0008788800B6
S3150000770000C83808000007380E010000F80800F825
S315000077100008F800033C0700073C030008186880CF
S315000077208068180820302C03032C30200838C80045
S31500007730C83808000000203F200000001008080894
S31500007740C83808002038262120201800000000FE36
S31500007750020202000000007F40404000000C30C0E2
S3150000776000000000000000010638C000000202020E
S31500007770FE000000004040407F00000000000402C0
S3150000778002020400000000000000000000000000EB
S3150000779000000000808080808080808000020204DB
S315000077A000000000000000000000000000008080D3
S315000077B0808000000019242222223F2008F8008041
S315000077C080000000003F112020110E000000008004
S315000077D080800000000E1120202011000000008093
S315000077E08088F800000E112020103F2000008080C5
S315000077F080800000001F222222221300008080F0D9
S31500007800888888180020203F202000000000808003
S3150000781080808000006B94949493600008F8008048
S3150000782080800000203F210000203F2000809898A3
S31500007830000000000020203F202000000000008003
S315000078409898000000C08080807F000008F8000043
S3150000785080808000203F24022D302000000808F898
S31500007860000000000020203F202000008080808053
S3150000787080808000203F20003F20003F80800080E5
S3150000788080800000203F210000203F2000008080F3
S3150000789080800000001F202020201F0080800080A4
S315000078A08000000080FFA12020110E000000008053
S315000078B080808000000E112020A0FF808080800044
S315000078C08080800020203F21200001000000808071
S315000078D0808080000033242424241900008080E066
S315000078E0808000000000001F202000008080000033
S315000078F000808000001F202020103F208080800014
S315000079000080808000010E30080601008080008023
S31500007910008080800F300C030C300F000080800048
S31500007920808080000020312E0E3120008080800073
S315000079300080808080818E70180601000080808023
S31500007940808080000021302C2221300000000000C1
S31500007950807C020200000000003F40400000000062
S31500007960FF00000000000000FF0000000002027C93
S31500007970800000000040403F0000000000060101BA
S3150000798002020404000000000000000000000000E5
S3150000799000000000000000000000FC0000000000E5
S315000079A002000000000C020C0200000000000000B3
S315000079B090D0BCD0BC900003000300001824FE4405
S315000079C08C000302070201001824D8B04C80000383
S315000079D000010201C038E438E0000102020102029F
S315000079E0080600000000000000000000000000F88B
S315000079F00402000000010204000204F80000000472
S31500007A00020100009060F860900000000100000094
S31500007A102020FC20200000000100000000000000E3
S31500007A2000000806000000002020202020000000A2
S31500007A30000000000000000000000002000000003E
S31500007A400080601C0200040300000000F804040427
S31500007A50F8000102020201000008FC00000000021A
S31500007A6003020000188444241800030202020200E4
S31500007A7008042424D80001020202010040B088FC58
S31500007A8080000000000302003C242424C4000102FC
S31500007A9002020100F824242CC000010202020100A7
S31500007AA00C04E41C0400000003000000D824242475
S31500007AB0D80001020202010038444444F8000003E1
S31500007AC00202010000001000000000000200000099
S31500007AD00000200000000000060000000020508882
S31500007AE004020000000001029090909090000000B7
S31500007AF0000000000002048850200002010000007F
S31500007B001804C4241800000002000000F804E494DD
S31500007B10F80001020202020000E09CF0800002036D
S31500007B200000030204FC2424D80002030202010020
S31500007B30F80404040C0001020202010004FC04041F
S31500007B40F80002030202010004FC24740C00020384
S31500007B500202030004FC24740C000203020000006D
S31500007B60F0080444CC4000010202010004FC20207D
S31500007B70FC040203000003020404FC0404000202E5
S31500007B8003020200000404FC0404060404030000CB
S31500007B9004FC24D00C0402030200030204FC0400CB
S31500007BA00000020302020203FC3CC03CFC0003008E
S31500007BB00300030004FC30C4FC04020302000300BB
S31500007BC0F8040404F80001020202010004FC242463
S31500007BD01800020302000000F8848404F800010281
S31500007BE00207050004FC2464980002030200030255
S31500007BF0182424448C000302020201000C04FC0435
S31500007C000C0000020302000004FC0000FC0400015A
S31500007C1002020100047C80E01C0400000300000056
S31500007C201CE03CE01C00000300030000049C609C78
S31500007C300400020300030200041CE01C040000020E
S31500007C40030200000C84641C040002030202030009
S31500007C500000FE020200000007040400000E30C00F
S31500007C600000000000010200000202FE0000000405
S31500007C7004070000000402040000000000000000E9
S31500007C8000000000000008080808080800000200BC
S31500007C9000000000000000000040A0A0C00000019D
S31500007CA00202030204FC2020C000000302020100BD
S31500007CB000C02020600000010202020000C0202453
S31500007CC0FC0000010202030200C0A0A0C0000001E7
S31500007CD0020202000020F82424040002030202002B
S31500007CE00040A0A0602000070A0A0A0404FC202025
S31500007CF0C0000203020003020020E40000000002AC
S31500007D0003020000000020E4000008080807000045
S31500007D1004FC80E020200203020003020404FC00AD
S31500007D200000020203020200E020E020C00003007F
S31500007D300300030020E02020C0000203020003022B
S31500007D4000C02020C00000010202010020E0202027
S31500007D50C000080F0A02010000C02020E000000158
S31500007D60020A0F0820E04020200002030200000063
S31500007D700060A0A020000002020203000020F820FC
S31500007D80000000000102020020E00020E0000001E7
S31500007D900202030220E020806020000003010000B0
S31500007DA06080E080600000030003000020608060C7
S31500007DB0200002030003020020E020806020080863
S31500007DC0070100000020A06020000002030202005C
S31500007DD0000020DE0200000000070400000000FF93
S31500007DE000000000000F00000002DE20000000047A
S31500007DF00700000002010204040200000000000067
S31500007E000000000000000000002F00000000070036
S31500007E10070000147F147F1400242A7F2A120062B0
S31500007E20640813230036495522500000050300005C
S31500007E3000001C224100000041221C000014083EE4
S31500007E4008140008083E0808000000A060000008AA
S31500007E5008080808000060600000002010080402FE
S31500007E60003E5149453E0000427F400000426151BC
S31500007E704946002141454B31001814127F10002756
S31500007E8045454539003C4A49493000017109050319
S31500007E9000364949493600064949291E000036364A
S31500007EA000000000563600000008142241000014AD
S31500007EB0141414140000412214080002015109068A
S31500007EC000324959513E007C1211127C007F49490B
S31500007ED04936003E41414122007F4141221C007F3C
S31500007EE049494941007F09090901003E4149497A4A
S31500007EF0007F0808087F0000417F410000204041C4
S31500007F003F01007F08142241007F40404040007F2F
S31500007F10020C027F007F0408107F003E4141413E73
S31500007F20007F09090906003E4151215E007F0919BB
S31500007F3029460046494949310001017F0101003FB8
S31500007F404040403F001F2040201F003F4038403F38
S31500007F50006314081463000708700807006151499C
S31500007F60454300007F41410000552A552A5500002F
S31500007F7041417F00000402010204004040404040AD
S31500007F80000001020400002054545478007F484445
S31500007F90443800384444442000384444487F00387C
S31500007FA05454541800087E0901020018A4A4A47CA5
S31500007FB0007F080404780000447D4000004080846F
S31500007FC07D00007F102844000000417F4000007CB7
S31500007FD004180478007C08040478003844444438C3
S31500007FE000FC242424180018242418FC007C08040F
S31500007FF0040800485454542000043F444020003CE8
S315000080004040207C001C2040201C003C4030403C6E
S31500008010004428102844001CA0A0A07C00446454FE
S315000080204C4414141414141406020601030100002F
S31500008030E1030000000000003C80000000FFFFFF9D
S31500008040090200000C000C010C020C0300000000E9
S3150000805000000000650300000000000060800000D2
S3150000806000010000C80100200F00FFFF0000000013
S31500008070FFFF000002000000801A06006B000000EF
S31500008080010CDF04050000000000000000000000F5
S31500008090CD030000000000009C800000010400B633
S315000080A01B01FFFF000200000C070C080C090C0A5C
S315000080B00000000000000000CD02000000000000EB
S315000080C0C480000000010000CC0100200F00FFFF6B
S315000080D000000000FFFF00000E000000E48000002A
S315000080E00000000000400000000000000400000046
S315000080F0020000000000010400010000000001046D
S31500008100010100000400000002010000040000005C
S315000081100401000000000100080100000000010544
S3150000812009010000000001050A010000000000002E
S315000081300B0100001000000000020000000001001A
S315000081400003000040000104010300004000010498
S3150000815002030000B601B701B801B9018D018E0115
S3150000816007008001810182018301FFFF02040304ED
S315000081700404FFFF0100020008001000494E4600FB
S31500008180696E66004E414E006E616E003000303101
S315000081903233343536373839414243444546003068
S315000081A03132333435363738396162636465660097
S315000081B0496E66696E697479004E614E0052454596
S315000081C04E54206D616C6C6F6320737563636565D7
S315000081D0646564002F646174612F6A656E6B696EF5
S315000081E0732F776F726B73706163652F474E552DD2
S315000081F0746F6F6C636861696E2F61726D2D3133B8
S315000082002F7372632F6E65776C69622D637967775A
S31500008210696E2F6E65776C69622F6C6962632F7366
S3150000822074646C69622F64746F612E630042616CC2
S315000082306C6F6320737563636565646564002F64A2
S315000082406174612F6A656E6B696E732F776F726BDF
S3150000825073706163652F474E552D746F6F6C63683D
S3150000826061696E2F61726D2D31332F7372632F6EBC
S3150000827065776C69622D63796777696E2F6E6577AE
S315000082806C69622F6C6962632F7374646C69622F08
S315000082906D707265632E6300232D302B2000686C91
S315000082A04C00656667454647004300504F534958A2
S315000082B0002E00FF05000000190000007D000000F0
S315000082C00080E03779C34143176E05B5B5B89346CC
S315000082D0F5F93FE9034F384D321D30F94877825A98
S315000082E03CBF737FDD4F1575000000000000F03FB6
S315000082F0000000000000244000000000000059407B
S315000083000000000000408F40000000000088C340CD
S3150000831000000000006AF8400000000080842E4142
S3150000832000000000D01263410000000084D797418E
S315000083300000000065CDCD41000000205FA0024294
S31500008340000000E876483742000000A2941A6D4209
S31500008350000040E59C30A2420000901EC4BCD642FC
S3150000836000003426F56B0C430080E03779C34143A7
S3150000837000A0D8855734764300C84E676DC1AB431D
S31500008380003D9160E458E143408CB5781DAF15443B
S3150000839050EFE2D6E41A4B4492D54D06CFF0804416
S315000083A0F64AE1C7022DB544B49DD9794378EA442B
S315000083B000202020202020202020282828282820AF
S315000083C020202020202020202020202020202020A7
S315000083D0208810101010101010101010101010100F
S315000083E010040404040404040404041010101010FF
S315000083F010104141414141410101010101010101C9
S31500008400010101010101010101010101101010101A
S31500008410101042424242424202020202020202029A
S3150000842002020202020202020202020210101010EE
S315000084302000000000000000000000000000000016
S315000084400000000000000000000000000000000026
S315000084500000000000000000000000000000000016
S315000084600000000000000000000000000000000006
S3150000847000000000000000000000000000000000F6
S3150000848000000000000000000000000000000000E6
S3150000849000000000000000000000000000000000D6
S315000084A000000000000000000000000000000000C6
S315000084B000FFFFFF1000000000000000017A5200DC
S315000084C0027C0E011B0C0D001000000018000000BD
S315000084D09CBAFFFF10000000000000000000000032
S315000084E0A08601000100000055AA03070008080243
S315000084F00004000000001F0055AA030700050A0437
S315000085000001001D55AA030700080302000400002D
S3150000851000001A0055AA0301002A7B2270223A2283
S315000085203633706E6669726D72736C7874757238F4
S31500008530222C2276223A22312E302E30222C226D07
S31500008540223A307D400000001E0E0707070703038E
S315000085508383C7C7FFFFFFFFFF7E3CE0F0F8F8F814
S31500008560F8BCBCBCBCBCBCBCBCBC1CFCFCFCFCF86D
S31500008570F8F8F8E0C0800000FCFCFCFC00E0F0F835
S31500008580F8F8F8BCBCBCBCBCBCBCBC9CE0F0F8F8C1
S31500008590F8F8FCFCFCBCBCBC3C3C3C3C1C00008031
S315000085A0C0F0F0F8F8FCFCFCF8F8C08000F0F0F839
S315000085B0F8F8F8FCFCBCBCBCBC3C3C3C1CFFFFFF18
S315000085C0FFFFFFFF0003070F1F3F7FFFFDF8F0E0EF
S315000085D0FFBF7FFFFFFFF7E7E7E7E7E7E7E7E3E050
S315000085E0FFFFFFFFFF03070F3F3F7FFFFEFFFFFF7A
S315000085F0FF003F7FFFFFFFFFF7E7E7E7E7E7E7E378
S31500008600E3E0E0E1E3E3E7E7EFEFEFFFFFFFFFFE85
S315000086107EFCFCFEFFFF7F1FEFE1E1E3EFFFFFFFC4
S31500008620FFFEFDF1E3E3E7E7E7EFEFEFFFFFFFFF15
S31500008630FE7E0000000000000000000000000000B8
S3150000864000000101030307070706040000000000FD
S315000086500000000000000000000000000000000014
S315000086600000000000000000000000000000000004
S3150000867000000000000000000000000000000000F4
S3150000868000000000000000000000000000000000E4
S3150000869000000000000000000000000000000000D4
S315000086A00000000000000000440020AD440020ADA2
S315000086B00000000003000000E80A0020E00100209E
S315000086C000000000E80A0020500B0020B80B002034
S315000086D00000000000000000000000000000000094
S315000086E00000000000000000000000000000000084
S315000086F00000000000000000000000000000000074
S315000087000000000000000000000000004300000020
S315000087100000000000000000000000000000000053
S315000087200000000000000000000000004300000000
S315000087300000000000000000000000000000000033
S3150000874000000000000000000000000043000000E0
S315000087500000000000000000000000000000000013
S3150000876000000000000000000000000043000000C0
S3150000877000000000000000000000000000000000F3
S3150000878000000000000000000000000043000000A0
S3150000879000000000000000000000000000000000D3
S315000087A00000000000000000000000004300000080
S315000087B000000000000000000000000000000000B3
S315000087C00000000000000000000000004300000060
S315000087D00000000000000000000000000000000093
S315000087E0000000000000000000000000695A0000C0
S315000087F0455A000000000000B0830000B18200006E
S315000088009D8200009D8200009D8200009D820000E6
S315000088109D8200009D8200009D8200009D820000D6
S315000088209D820000FFFFFFFFFFFFFFFFFFFFFFFF2F
S31500008830FFFF0000010041534349490000000000CA
S315000088400000000000000000000000000000000022
S3150000885000000000000041534349490000000000A9
S315000088600000000000000000000000000000000002
S315000088700000000000000000D9000000B100000068
S3150100A100FFFFFFFFFFFFFFFFFFFFFFFFFFFFFFFF58
S3090100A134FFFFFFFF24
S3150100A200FFFDFFFFFFFFFFFFFFFFFFFFFFFFFFFF59
S3150100A210FFFFFFFFFFFFFFFFFFFFFFFFFFFFFFFF47
S3150100A220FFFFFFFFFFFFFFFFFFFFFFFFFFFFFFFF37
S3150100A230FFFFFFFFFFFFFFFFFFFFFFFFFFFFFFFF27
S3150100A240FFFFFFFFFFFFFFFFFFFFFFFFFFFFFFFF17
S3150100A250FFFFFFFFFFFFFFFFFFFFFFFFFFFFFFFF07
S3150100A260FFFFFFFFFFFFFFFFFFFFFFFFFFFFFFFFF7
S3150100A270FFFFFFFFFFFFFFFFFFFFFFFFFFFFFFFFE7
S3150100A280F8F8FFFFFFFFFFFFFFFFFFFFFFFFFFFFE5
S3150100A290FFFFFFFFFFFFFFFFFFFFFFFFFFFFFFFFC7
S3150100A2A0FFFFFFFFFFFFFFFFFFFFFFFFFFFFFFFFB7
S3150100A2B0FFFFFFFFFFFFFFFFFFFFFFFFFFFFFFFFA7
S3150100A2C0FFFFFFFFFFFFFFFFFFFFFFFFFFFFFFFF97
S70500002D19B4
